:020000040800F2
:1000000000800020D91C0008351D0008351D00089F
:10001000351D0008351D0008351D000800000000D2
:1000200000000000000000000000000051800008F7
:10003000351D000800000000F17F0008B97C0008B1
:10004000351D0008351D0008351D000800000000A2
:10005000351D0008351D0008351D00080000000092
:10006000351D0008351D000800000000351D000882
:10007000351D0008351D0008351D0008351D000818
:10008000351D0008351D0008351D0008351D000808
:10009000351D0008351D0008351D0008351D0008F8
:1000A000351D0008351D0008351D0008351D0008E8
:1000B000351D0008351D0008351D0008351D0008D8
:1000C000351D0008351D0008351D0008351D0008C8
:1000D00000000000351D0008351D0008351D000812
:1000E000351D0008351D0008351D0008351D0008A8
:1000F000351D0008351D0008351D000800000000F2
:1001000000000000351D0008351D0008351D0008E1
:10011000351D0008351D0008351D0008351D000877
:10012000351D0008351D0008351D0008351D000867
:10013000351D00080000000000000000351D00080B
:10014000351D000800000000000000000000000055
:100150000000000000000000351D00080000000045
:100160000000000000000000351D0008351D0008DB
:10017000000000000000000000000000000000007F
:10018000000000000000000000000000000000006F
:10019000000000000000000000000000000000005F
:1001A0000000000000000000351D0008351D00089B
:1001B000351D0008351D0008351D0008351D0008D7
:1001C000351D0008351D000800000000000000007B
:1001D000000000000000000000000000351D0008C5
:1001E000351D0008000000000000000000000000B5
:1001F00000000000000000000000000000000000FF
:1002000000000000351D0008351D0008000000003A
:1002100000000000351D0008000000000000000084
:10022000000000000000000000000000351D000874
:10023000351D000800000000000000000000000064
:10024000000000000000000000000000351D000854
:08025000351D0008351D0008F2
:1002580053B94AB9002908BF00281CBF4FF0FF3125
:100268004FF0FF3000F00CB8ADF1080C6DE904CE8A
:1002780008F0D0F8DDF804E0DDE9022304B07047A7
:10028800704700BF844641EA000313F0030349D1D5
:10029800403A23D30B6803604B6843608B688360E4
:1002A800CB68C3600B6903614B6943618B698361E8
:1002B800CB69C3610B6A03624B6A43628B6A8362D0
:1002C800CB6AC3620B6B03634B6B43638B6B8363B8
:1002D800CB6BC36340304031403ADBD230320BD372
:1002E8000B6803604B6843608B688360CB68C360AE
:1002F80010301031103AF3D20C3205D351F8043BC8
:1003080040F8043B043AF9D2043208D0D2071CBFA3
:1003180011F8013B00F8013B01D30B8803806046CC
:10032800704700BF082A13D38B07B1D010F003031E
:10033800AED0C3F10403D21ADB071CBF11F8013B8E
:1003480000F8013BA4D331F8023B20F8023B9FE7B9
:10035800043AD9D3013A11F8013B00F8013BF9D22C
:100368000B7803704B7843708B78837060467047C6
:1003780081F0004102E000BF83F0004330B54FEA4E
:1003880041044FEA430594EA050F08BF90EA020FBB
:100398001FBF54EA000C55EA020C7FEA645C7FEA4E
:1003A800655C00F0E2804FEA5454D4EB5555B8BF71
:1003B8006D420CDD2C4480EA020281EA030382EAE2
:1003C800000083EA010180EA020281EA0303362D74
:1003D80088BF30BD11F0004F4FEA01314FF4801C47
:1003E8004CEA113102D0404261EB410113F0004F59
:1003F8004FEA03334CEA133302D0524263EB430310
:1004080094EA050F00F0A780A4F10104D5F1200EAD
:100418000DDB02FA0EFC22FA05F2801841F1000108
:1004280003FA0EF2801843FA05F359410EE0A5F1DC
:1004380020050EF1200E012A03FA0EFC28BF4CF00D
:10044800020C43FA05F3C01851EBE37101F00045C3
:1004580007D54FF0000EDCF1000C7EEB00006EEBD0
:100468000101B1F5801F1BD3B1F5001F0CD349085A
:100478005FEA30004FEA3C0C04F101044FEA4452B1
:1004880012F5800F80F09A80BCF1004F08BF5FEA38
:10049800500C50F1000041EB045141EA050130BD18
:1004A8005FEA4C0C404141EB0101013C28BFB1F52A
:1004B800801FE9D291F0000F04BF01460020B1FA75
:1004C80081F308BF2033A3F10B03B3F120020CDA48
:1004D8000C3208DD02F1140CC2F10C0201FA0CF026
:1004E80021FA02F10CE002F11402D8BFC2F1200C8B
:1004F80001FA02F120FA0CFCDCBF41EA0C01904041
:10050800E41AA2BF01EB0451294330BD6FEA040489
:100518001F3C1CDA0C340EDC04F11404C4F1200274
:1005280020FA04F001FA02F340EA030021FA04F386
:1005380045EA030130BDC4F10C04C4F1200220FADD
:1005480002F001FA04F340EA0300294630BD21FA1B
:1005580004F0294630BD94F0000F83F4801306BFE1
:1005680081F480110134013D4EE77FEA645C18BFD5
:100578007FEA655C29D094EA050F08BF90EA020F6C
:1005880005D054EA000C04BF1946104630BD91EA64
:10059800030F1EBF0021002030BD5FEA545C05D167
:1005A8004000494128BF41F0004130BD14F58004A6
:1005B8003CBF01F5801130BD01F0004545F0FE411A
:1005C80041F470014FF0000030BD7FEA645C1ABF4F
:1005D800194610467FEA655C1CBF0B46024650EA86
:1005E800013406BF52EA033591EA030F41F40021B2
:1005F80030BD00BF90F0000F04BF0021704730B538
:100608004FF4806404F132044FF000054FF000010C
:1006180050E700BF90F0000F04BF0021704730B5CD
:100628004FF4806404F1320410F0004548BF4042A2
:100638004FF000013EE700BF42004FEAE2014FEAF7
:1006480031014FEA02701FBF12F07F4393F07F4FD2
:1006580081F06051704732F07F4208BF704793F0D5
:100668007F4F04BF41F40021704730B54FF46074E8
:1006780001F0004521F000411CE700BF50EA0102EB
:1006880008BF704730B54FF000050AE050EA010294
:1006980008BF704730B511F0004502D5404261EB04
:1006A80041014FF4806404F132045FEA915C3FF445
:1006B800D8AE4FF003025FEADC0C18BF03325FEAE2
:1006C800DC0C18BF033202EBDC02C2F1200300FA93
:1006D80003FC20FA02F001FA03FE40EA0E0021FAB8
:1006E80002F11444BDE600BF70B54FF0FF0C4CF4A6
:1006F800E06C1CEA11541DBF1CEA135594EA0C0F58
:1007080095EA0C0F00F0DEF82C4481EA030621EA92
:100718004C5123EA4C5350EA013518BF52EA0335CD
:1007280041F4801143F4801338D0A0FB02CE4FF07F
:100738000005E1FB02E506F00042E0FB03E54FF0AF
:100748000006E1FB03569CF0000F18BF4EF0010EA7
:10075800A4F1FF04B6F5007F64F5407404D25FEAA3
:100768004E0E6D4146EB060642EAC62141EA555156
:100778004FEAC52040EA5E504FEACE2EB4F1FD0C98
:1007880088BFBCF5E06F1ED8BEF1004F08BF5FEA16
:10079800500E50F1000041EB045170BD06F00046C8
:1007A80046EA010140EA020081EA0301B4EB5C0475
:1007B800C2BFD4EB0C0541EA045170BD41F480116D
:1007C8004FF0000E013C00F3AB8014F1360FDEBF92
:1007D800002001F0004170BDC4F10004203C35DA6E
:1007E8000C341BDC04F11404C4F1200500FA05F3F1
:1007F80020FA04F001FA05F240EA020001F0004292
:1008080021F0004110EBD37021FA04F642EB060107
:100818005EEA430E08BF20EAD37070BDC4F10C0431
:10082800C4F1200500FA04F320FA05F001FA04F2F5
:1008380040EA020001F0004110EBD37041F10001E1
:100848005EEA430E08BF20EAD37070BDC4F12005EC
:1008580000FA05F24EEA020E20FA04F301FA05F254
:1008680043EA020321FA04F001F0004121FA04F2FC
:1008780020EA020000EBD3705EEA430E08BF20EACC
:10088800D37070BD94F0000F0FD101F00046400006
:1008980041EB010111F4801F08BF013CF7D041EA88
:1008A800060195F0000F18BF704703F0004652008C
:1008B80043EB030313F4801F08BF013DF7D043EA5D
:1008C8000603704794EA0C0F0CEA135518BF95EA13
:1008D8000C0F0CD050EA410618BF52EA4306D1D19A
:1008E80081EA030101F000414FF0000070BD50EAB9
:1008F800410606BF1046194652EA430619D094EA43
:100908000C0F02D150EA013613D195EA0C0F05D12C
:1009180052EA03361CBF104619460AD181EA030180
:1009280001F0004141F0FE4141F470014FF0000038
:1009380070BD41F0FE4141F4780170BD70B54FF0D3
:10094800FF0C4CF4E06C1CEA11541DBF1CEA135553
:1009580094EA0C0F95EA0C0F00F0A7F8A4EB050435
:1009680081EA030E52EA03354FEA013100F088802C
:100978004FEA03334FF0805545EA131343EA1263F5
:100988004FEA022245EA111545EA10654FEA0026AA
:100998000EF000419D4208BF964244F1FD0404F563
:1009A800407402D25B084FEA3202B61A65EB0305BF
:1009B8005B084FEA32024FF480104FF4002CB6EB7C
:1009C800020E75EB030E22BFB61A754640EA0C00FC
:1009D8005B084FEA3202B6EB020E75EB030E22BF3C
:1009E800B61A754640EA5C005B084FEA3202B6EB7D
:1009F800020E75EB030E22BFB61A754640EA9C003C
:100A08005B084FEA3202B6EB020E75EB030E22BF0B
:100A1800B61A754640EADC0055EA060E18D04FEAC9
:100A2800051545EA16754FEA06164FEAC30343EA69
:100A380052734FEAC2025FEA1C1CC0D111F4801F36
:100A48000BD141EA00014FF000004FF0004CB6E72F
:100A580011F4801F04BF01430020B4F1FD0C88BFCE
:100A6800BCF5E06F3FF6AFAEB5EB030C04BFB6EBD9
:100A7800020C5FEA500C50F1000041EB045170BDCC
:100A88000EF0004E4EEA113114EB5C04C2BFD4EBF9
:100A98000C0541EA045170BD41F480114FF0000E7D
:100AA800013C90E645EA060E8DE60CEA135594EAF9
:100AB8000C0F08BF95EA0C0F3FF43BAF94EA0C0FFC
:100AC8000AD150EA01347FF434AF95EA0C0F7FF471
:100AD80025AF104619462CE795EA0C0F06D152EAC5
:100AE80003353FF4FDAE1046194622E750EA4106A9
:100AF80018BF52EA43067FF4C5AE50EA41047FF4BA
:100B08000DAF52EA43057FF4EBAE12E74FF0FF3C1E
:100B180006E000BF4FF0010C02E000BF4FF0010CEF
:100B28004DF804CD4FEA410C7FEA6C5C4FEA430C68
:100B380018BF7FEA6C5C1BD001B050EA410C0CBFB7
:100B480052EA430C91EA030F02BF90EA020F002019
:100B5800704710F1000F91EA030F58BF994208BF80
:100B680090422CBFD8176FEAE37040F0010070473D
:100B78004FEA410C7FEA6C5C02D150EA013C07D194
:100B88004FEA430C7FEA6C5CD6D152EA033CD3D0DF
:100B98005DF8040B704700BF8446104662468C46D9
:100BA8001946634600E000BF01B5FFF7B7FF00280C
:100BB80048BF10F1000F01BD4DF808EDFFF7F4FF35
:100BC8000CBF012000205DF808FB00BF4DF808EDC0
:100BD800FFF7EAFF34BF012000205DF808FB00BFE3
:100BE8004DF808EDFFF7E0FF94BF012000205DF805
:100BF80008FB00BF4DF808EDFFF7CEFF94BF0120BA
:100C080000205DF808FB00BF4DF808EDFFF7C4FFB2
:100C180034BF012000205DF808FB00BF4FEA410CFB
:100C28007FEA6C5C02D150EA013C0AD14FEA430CDE
:100C38007FEA6C5C02D152EA033C02D14FF000001B
:100C480070474FF0010070474FEA410212F5001259
:100C580015D211D56FF47873B3EB625212D94FEAFB
:100C6800C12343F0004343EA505311F0004F23FAE5
:100C780002F018BF404270474FF00000704750EA3A
:100C8800013005D111F0004008BF6FF000407047F7
:100C98004FF00000704700BF0348044B834202D066
:100CA800034B03B118477047E0060020E006002018
:100CB80000000000064B0749C91A891048BF0131D6
:100CC800491003D0044B0BB101481847704700BFC7
:100CD800E0060020E00600200000000010B5064CE9
:100CE800237843B9FFF7D8FF044B13B10448AFF397
:100CF80000800123237010BDE006002000000000E2
:100D080034E5000808B5054B1BB105490548AFF3A4
:100D18000080BDE80840FFF7CDBF00BF000000001D
:100D2800E406002034E50008024A0349034800F0BD
:100D3800C9B800BF00000020991900081000002061
:100D48000C4B4168994210B5044601D000F020FED2
:100D5800A168094B994202D0204600F019FEE168CB
:100D6800064B994204D02046BDE8104000F010BE62
:100D780010BD00BFFC06002064070020CC0700203F
:100D88002DE9F843314A0025314C04233149DFF875
:100D9800D89004F15C00DFF8D4802F4F2F4E1160FB
:100DA8002946082225606566C4E90335C4E901556A
:100DB800C4E9055500F0F2F804F15800E662C4E908
:100DC8000749C4E9098700F0B3F9254B29460822E9
:100DD80004F1C40063672567C4F8CC50C4F8805098
:100DE800C4E91A55C4E91E5500F0D8F804F168039F
:100DF80004F1C000C4F88430C4E92298C4E9247618
:100E080000F096F9174B294604F596700822C4F8A5
:100E1800DC30C4F8D850C4F83451C4F8E850C4E9F8
:100E28003455C4E9385500F0B9F804F1D00304F595
:100E38009470C4F8F090C4F8FC60C4F8EC30C4E9CD
:100E48003D87BDE8F84300F073B900BF34080020BF
:100E5800FC060020310D0008750F00089D0F0008E2
:100E68000900010012000200110F0008350F0008E8
:100E780010B504460A4800F05FF9636B23B9094BC3
:100E8800094A1B68626323B10548BDE8104000F0B9
:100E980055B9FFF775FF0248BDE8104000F04EB99C
:100EA8004408002034080020490D0008014800F0DB
:100EB80043B900BF44080020014800F03FB900BF13
:100EC800440800202DE9F8434FF0000907468846FA
:100ED8001646D6E90154013D0FD4A389012B08D940
:100EE800B4F90E3021463846013302D0C04749EAEA
:100EF8000009013D68346B1CEFD13668002EE8D13B
:100F08004846BDE8F88300BF10B50C46B1F90E108D
:100F180000F0BAF8002803DB236D0344236510BDF5
:100F2800A38923F48053A38110BD00BF2DE9F041AC
:100F38000C46B1F90C101F460546CB0516460BD4D6
:100F480021F480513B4632462846A181B4F90E105F
:100F5800BDE8F04100F0AEB8B4F90E10022300224B
:100F680000F07CF8B4F90C10EAE700BF10B50C46A5
:100F7800B1F90E1000F072F8421CB4F90C3004D02C
:100F880043F480532065A38110BD23F48053A381CB
:100F980010BD00BFB1F90E1000F04EB8830730B590
:100FA80046D08418844604E003F8011B9D0704D04A
:100FB8009C46A4456346F7D130BD013A0244A2EBF2
:100FC8000C02032A29D9CCB20F2A04EB042404EB1F
:100FD80004442FD9A2F1100C03F110052CF00F0CCA
:100FE800AC44C3E90044C3E9024410336345F8D173
:100FF80012F00C0F02F00F0E18D02EF0030CAEF109
:1010080004051A469C4442F8044B6245FBD125F07E
:10101800030404330EF003022344002ACCD0C9B2DF
:101028001A4403F8011B9342FBD130BD7246F4E722
:101038000346C6E79646E0E738B50022064D044663
:1010480008462A6000F048FF431C00D038BD2B68D2
:10105800002BFBD0236038BD3808002038B50C467B
:1010680084461146074D1A460023204664462B60E5
:1010780000F059FF431C00D038BD2B68002BFBD073
:10108800236038BD3808002038B50C468446114620
:10109800074D1A460023204664462B6000F0E3FE05
:1010A800431C00D038BD2B68002BFBD0236038BD13
:1010B8003808002038B50C4684461146074D1A46B4
:1010C8000023204664462B6000F0EAFE431C00D053
:1010D80038BD2B68002BFBD0236038BD38080020B2
:1010E8000F4B70B50F4DAB42A3EB050607D0B610FA
:1010F8000024013455F8043B9847A642F9D80A4D14
:101108000DF014FA094B5E1BAB424FEAA60606D057
:101118000024013455F8043B9847A642F9D870BD1D
:10112800FCEA0008FCEA0008FCEA000804EB0008F6
:10113800704700BF704700BF704700BF704700BFCF
:10114800024B13B1024800F005B8704700000000D8
:10115800051C0008002301461A46184600F070BD19
:101168002DE9F8430646DFF8AC800820894600F0F0
:1011780059FD0546304600F0FFFBD8F808305F6897
:1011880027F00307A7F11104A4EB09042C44B4FBCE
:10119800F5F4013C05FB04F4A54208DC00213046C7
:1011A80000F01AFDD8F808303B44984205D0304684
:1011B80000F0E8FB0020BDE8F8836142304600F00B
:1011C8000BFD01300FD03F1B104AD8F808303046CD
:1011D80047F001075F6013681B1B136000F0D2FB28
:1011E8000120BDE8F8830021304600F0F5FCD8F86E
:1011F8000820831A0F2BDADD43F0010303495360FB
:10120800034B1B68C01A0860D1E700BF4C080020D8
:10121800540100206001002000295AD0F8B50C467E
:10122800074600F0A9FB734D54F804CCA4F108025A
:10123800A8682CF001030CF0010ED1184E68884202
:1012480026F003067CD088194E60406800F0010043
:10125800BEF1000F2ED154F8084C05F1080C121BF2
:1012680023449468644560D0D2F80CE0C4F80CE0DC
:10127800CEF8084000287DD043F0010050600B6094
:10128800B3F5007F2ED25809D90801238340686836
:101298000131034355F831006B6005EBC103083B8E
:1012A800C2E9020345F83120C2603846BDE8F8407B
:1012B80000F068BB70B9334405F1080C886843F046
:1012C800010460456ED0C968C16088605460D3501D
:1012D800D6E770474CF00101B3F5007F44F8041CD1
:1012E800D350D0D3B3F5206F4FEA532144D2990994
:1012F80001F1390001F13804C1006818695808384B
:10130800884203D155E08968884204D04C6824F0AB
:1013180003049C42F7D8C868C2E9021082603846C4
:10132800CA60BDE8F84000F02DBB80BB1E44D1E97F
:101338000213CB60996046F0010353609651B4E7FD
:101348001E44BEF1000F07D154F8083CD21A1E44BF
:10135800D2E90213CB60996046F001035360264B33
:10136800AA601B68B342A0D8244B38461968FFF717
:10137800F7FE9AE73344A1E714290DD954291FD859
:10138800190B01F16F0001F16E04C100B5E743F0DC
:10139800010050600B6088E701F15C0001F15B041B
:1013A800C100AAE7C5E90422C2E902CC5460D350BF
:1013B8007BE7A4100123A3406C6823436B60ABE771
:1013C800B1F5AA7F06D8D90B01F1780001F17704AD
:1013D800C10092E740F25450814206D8990C01F1BD
:1013E8007D0001F17C04C10087E74FF47E717E2403
:1013F80083E700BF60010020580100207C0800201E
:1014080001F10B03162B2DE9F04F074683B023D8C3
:10141800102900F2AF8000F0AFFA1025182302203F
:10142800BA4E33445C68A3F10802944200F0568136
:101438006368384623F00303D4E902122344CA60E0
:1014480091605A68083442F001025A6000F09AFA32
:10145800204603B0BDE8F08F002B23F00705C0F24B
:101468008980A94200F2868000F086FAB5F5FC7FF3
:10147800C0F07B826B0A00F08480042B00F262814A
:10148800AB0903F1390003F1380EC3009F4E334412
:10149800A3F1080C5C68A44507D10DE0002AE168B7
:1014A80080F216818C450C4606D0636823F003034E
:1014B8005A1B0F2AF2DD7046DFF86882346944450A
:1014C80000F0F280636823F0030CACEB05030F2BEC
:1014D80000F37481002BC6E9048880F26381BCF5AF
:1014E800007FD6F804E080F0FF804FEADC03012299
:1014F8004FEA5C1C013302FA0CF256F833104EEA3C
:10150800020E06EBC302083AC6F804E0C4E9021268
:1015180046F83340CC6083104FF0010C0CFA03FC02
:10152800F44534D81CEA0E0F07D120F003004FEA27
:101538004C0C04301CEA0E0FF9D006EBC00A8146A9
:10154800D646DEF80C300BE05A681C46DB6822F001
:101558000302511B0F2900F30181002980F2158134
:101568009E45F1D109F101090EF1080E19F0030F9A
:10157800E7D158E10C233B600024204603B0BDE8C6
:10158800F08F4FF4007340204FF03F0E7EE7B468B1
:10159800636823F00309A945A9EB050302D30F2BC0
:1015A80000F385805A4B08201B6803F1100804EBF0
:1015B8000903009300F036FB564AA8448346136893
:1015C800013305D008F1FF384342804403EA080894
:1015D8004146384600F000FBB0F1FF3F82464D4AD5
:1015E80000F0078104EB0903834200F200814A4BB3
:1015F8000BF1FF3C18684044186000F064811168E2
:10160800013100F06C8104EB0902AAEB02020244EA
:101618001A601AF00702CDE9002300F02781C2F111
:101628000802384692445A44D04408EA0C01521A37
:1016380002EA0C0B594600F0CFFA421C019B00F05D
:101648006A81A0EB0A0000EB0B08186848F0010259
:10165800B442C6F808A05844CAF80420186017D045
:10166800B9F10F0F40F23E816168A9F10C024FF009
:10167800050C22F0070201F0010111430F2A6160F5
:1016880004EB0201C1E901CC00F24D81DAF8042033
:10169800224B54461968814238BF1860204B19689C
:1016A800814238BF1860A6E0D6F804E033E7621933
:1016B80045F0010543F00103083444F8045C38465A
:1016C800B260536000F05EF9204603B0BDE8F08FC9
:1016D800A26823443846D1608A60B2E6DC68A34237
:1016E8007FF4A6AE0230E7E6BCF5206F4FEA5C2235
:1016F80076D3142A00F2CD8002F15C035B32DB0062
:10170800F118F3580839994211D1A5E06001002079
:101718007C080020540100204C0800207808002094
:1017280074080020680100209B68994204D05A6818
:1017380022F003026245F7D8D968C4E902318C6007
:10174800DC60E8E6142B63D9542B00F2AB802B0B3A
:1017580003F16F0003F16E0EC30097E6D4F808C0DA
:101768003846671945F001056560CCF80C30C3F8B8
:1017780008C041F00103C6E90477C7E902887B6025
:10178800A150083400F0FEF8F7E6224438465168C4
:1017980041F00101516054F8082FD3609A6000F0BD
:1017A800F1F8EAE6A44438460834DCF8043043F09B
:1017B8000103CCF8043000F0E5F8DEE6621943F0E6
:1017C800010145F0010538466560C6E90422C2E911
:1017D8000288516044F80C30083400F0D3F8CCE6A5
:1017E8004FEA9C1202F139033832DB0088E7B44231
:1017F80062D0B468626822F00308A845A8EB050324
:1018080002D30F2B3FF753AF384600F0BBF8B3E6CF
:1018180003F15C0003F15B0EC30037E65AF80839A0
:10182800534540F0A08010F0030F00F1FF30F5D1D0
:10183800736823EA0C0373604FEA4C0C0CF1FF3217
:101848009A4204D3A3E64FEA4C0C09F104091CEAB6
:10185800030FF8D0484670E692104FF0010C0CFACE
:1018680002F24EEA020EC6F804E066E70AEB080246
:10187800384602EA0C02ABEB020B0BEA0C0B59469A
:1018880000F0AAF9431C019B7FF4DBAEDDF800B041
:10189800DBE6542A2AD84FEA1C3202F16F036E3273
:1018A800DB002DE7B3F5AA7F2AD8EB0B03F178000C
:1018B80003F1770EC300E9E52E4B0BF1FF3C1868E6
:1018C800404418609BE61AEA0C0F7FF498AEC844AF
:1018D800D6F808A048F00102CAF80420D8E6C2F8F1
:1018E80000A096E60123CAF804308DE7B2F5AA7F76
:1018F80024D84FEADC3202F178037732DB00FFE6C6
:1019080040F25452934224D8AB0C03F17D0003F10A
:101918007C0EC300BAE5009A4FF0000B083A9044D9
:10192800A8EB0A0891E6384604F108010093FFF78E
:1019380073FC009BD6F808A01868A7E640F2545339
:101948009A420CD84FEA9C4202F17D037C32DB00BC
:10195800D6E64FF47E737F204FF07E0E96E54FF467
:101968007E737E22CCE6736866E7E80805F1080313
:1019780056E500BF4C0800200148FFF7DDBB00BF5B
:101988003C0800200148FFF7D9BB00BF3C080020F5
:1019980070B500293FD006460C4610B1436B002BAA
:1019A8003CD0636EB4F90C20DD0732D4900538D5ED
:1019B8002146304600F04CF8E36A054633B1E16948
:1019C800304698470028B8BF4FF0FF35A3891A065C
:1019D80039D4216B41B104F14003994202D0304619
:1019E800FFF71AFC00232363616C21B13046FFF72F
:1019F80013FC00236364FFF759FA636E0022DB07C8
:101A0800A2811CD5A06DFFF795FBFFF755FA284674
:101A180070BD002ACCD10025284670BDFFF728FAF2
:101A2800BFE7A06DFFF788FBB4F90C30002BBFD1DE
:101A3800636ED907EFD4A06DFFF780FBEBE7A06DCD
:101A4800FFF77CFBDEE721693046FFF7E5FBC0E7DF
:101A5800B1F90C202DE9F04115070C4680464ED40B
:101A6800496842F400630029A38163DDA66A002E59
:101A780042D0002112F48052D8F80050C8F8001063
:101A880065D10123E1694046B0470246501C6CD03D
:101A9800B4F90C30A66A590705D56368D21A236BC6
:101AA8000BB1E36BD21A0023E1694046B047421CF0
:101AB800B4F90C304DD1D8F800101D2940D8304A5F
:101AC800CA40D7073CD523F40062DE04A2814FF058
:101AD800000262602269226001D5002943D0216B8F
:101AE800C8F8005041B104F14003994202D0404681
:101AF800FFF792FB002323630020BDE8F0810E6905
:101B0800002EF9D092070D680E600CBF4B690023B8
:101B1800AD1B8B600BE02B463246E1694046676A95
:101B2800B847B0F1000CA5EB0C05664406DD002DA6
:101B3800F1DCE1E7E16B002998DCDDE7B4F90C3072
:101B480043F040034FF0FF30A381BDE8F081226DE0
:101B5800A1E723F40062DB04A2814FF00002626077
:101B680022692260BBD52065B9E7D8F80030002B80
:101B78008ED01D2B01D0162BE0D1C8F80050BBE742
:101B88000100402038B505460C4608B1436B03B345
:101B9800B4F90C0088B1636EDB0701D481050FD559
:101BA80028462146FFF754FF636E0546DA0702D43C
:101BB800A3899B0508D5284638BD0546284638BD63
:101BC800A06DFFF7B9FAEBE7A06DFFF7B7FA284663
:101BD80038BDFFF74DF9DBE738B50022064D04465E
:101BE80008462A6000F0ACF9431C00D038BD2B68C9
:101BF800002BFBD0236038BD3808002038B5074DCE
:101C0800074C2C1BA41005D0013C55F8043D9847FF
:101C1800002CF9D1BDE838400CF08EBC08EB000868
:101C280004EB0008082802D14FF48050704708B52B
:101C380000F048F8162203464FF0FF301A6008BD3E
:101C48002DE9F8431C4D064698460F4628689146EC
:101C5800FFF772FA194B1C682CB3286865681F2DAA
:101C680024DC4EB96B1C0235636044F82570FFF71D
:101C780065FA0020BDE8F88304EB85010123022EF4
:101C8800C1F8889003FA05F3D4F8882142EA0302E0
:101C9800C4F88821C1F80881E4D1D4F88C211A430A
:101CA800C4F88C21DEE7064C1C60D6E7FFF746FA3D
:101CB8004FF0FF30DEE700BF500100204808002049
:101CC80080080020014B1868704700BF0C000020F6
:101CD800DFF83CD00F4880F30A88002103E00E4B60
:101CE8005B58435004310D480D4B42189A42F6D3C5
:101CF8000C4A02E0002342F8043B0B4B9A42F9D30A
:101D080000F016F8FFF7ECF906F0AAF9FEE7000074
:101D1800008000200078002008EB00080000002068
:101D2800E0060020E0060020945C0020FEE70000AA
:101D380080B483B000AF334BD3F88830314A43F4D2
:101D48007003C2F88830304B1B6803F018032E4A22
:101D580043F0010313602C4B0022DA612A4B002266
:101D68001A62294B1A682849284B13400B60264BE6
:101D780000229A62244B0022DA62234B244A5A63D7
:101D8800214B00229A63204B214ADA631E4B002222
:101D98001A641D4B1B681C4A23F4802313601A4BDA
:101DA80000221A65174B4FF000629A60194B9B6925
:101DB80003F060437B607B68B3F1604F03D07B68BE
:101DC800B3F1404F17D1134BDB6903F00103002B2C
:101DD80005D0104B104ADA600E4B104ADA600D4BF2
:101DE800DB690C4A43F00203D3610A4BDB69094AF9
:101DF80043F00103D36100BF0C37BD465DF8047B97
:101E0800704700BF00ED00E0000C0244FBEAE2FA74
:101E180080020101002002403B2A19087F6E5D4CB8
:101E280080B400AF01231846BD465DF8047B7047B7
:101E380080B582B000AF78603960FFF743FF034692
:101E480016221A604FF0FF3318460837BD4680BD8A
:101E580080B582B000AF78604FF0FF317868FFF747
:101E6800E7FF00BFFDE780B586B000AFF860B96056
:101E78007A6000237B610AE0AFF300800146BB680B
:101E88005A1CBA60CAB21A707B6901337B617A69DD
:101E98007B689A42F0DB7B6818461837BD4680BDE0
:101EA80080B586B000AFF860B9607A6000237B61C6
:101EB80009E0BB685A1CBA601B78184606F0CCF9D2
:101EC8007B6901337B617A697B689A42F1DB7B68C5
:101ED80018461837BD4680BD80B483B000AF78601F
:101EE8004FF0FF3318460C37BD465DF8047B70474A
:101EF80080B483B000AF786039603B684FF400521B
:101F08005A60002318460C37BD465DF8047B7047BD
:101F180080B483B000AF7860012318460C37BD4603
:101F28005DF8047B704780B485B000AFF860B96095
:101F38007A60002318461437BD465DF8047B704765
:101F480080B586B000AF7860144A154BD31A7B6110
:101F58007B693B61134B1B68002B02D1114B124A62
:101F68001A60104B1A687B6813443A699A4207D280
:101F7800FFF7A8FE03460C221A604FF0FF3309E072
:101F8800084B1B68FB60074B1A687B681344054ABB
:101F98001360FB6818461837BD4680BD00800020D6
:101FA80000080000100A0020985C002080B500AFEF
:101FB800124B1B68114A43F480731360032003F02B
:101FC80018F900F0B1FE02460D4B1B6A03F00F032F
:101FD8000C49CB5C22FA03F30B4A1360042003F08C
:101FE8004FF90F2000F01AF80346002B01D0012307
:101FF80002E000F00BF80023184680BD00200240E4
:10200800000C0244D0E600086805002080B400AF48
:1020180000BFBD465DF8047B7047000080B584B002
:1020280000AF78600023FB60334B1B78002B01D195
:1020380001235CE0314B1B6803F00403042B0CD133
:102048002F4B1A682C4B1B7819464FF47A73B3FB45
:10205800F1F3B2FBF3F3FB6037E003F069F9B86022
:10206800BB68022B23D0BB68022B2DD8BB68002B82
:1020780003D0BB68012B0DD026E0214B1A681E4BFC
:102088001B7819464FF4FA53B3FBF1F3B2FBF3F3A1
:10209800FB601AE0184B1B781A464FF47A73B3FBAF
:1020A800F2F34FF4FA42B2FBF3F3FB600DE0124B8C
:1020B8001B781A464FF47A73B3FBF2F34FF40042DD
:1020C800B2FBF3F3FB6000E000BFF86803F0B6F87A
:1020D8000346002B01D0012309E0002279684FF064
:1020E800FF3003F091F8074A7B6813600023184615
:1020F8001037BD4680BD00BF7005002010E000E02D
:10210800680500206C05002080B400AF064B1B78E2
:102118001A46064B1B681344044A136000BFBD46A9
:102128005DF8047B704700BF70050020140A00208A
:1021380080B400AF034B1B681846BD465DF8047BAE
:10214800704700BF140A002080B588B000AF7860DF
:102158007B68002B02D1012300F028BC944BDB697B
:1021680003F01803FB61924B9B6A03F00303BB6106
:102178007B681B6803F01003002B5BD0FB69082BFE
:1021880005D0FB69182B14D1BB69022B11D17B68D0
:10219800DB69002B02D1012300F008BC844B9B694A
:1021A80023F47C127B681B6A1B04814913438B61EF
:1021B80040E07B68DB69002B23D07D4B1B687C4AA1
:1021C80043F480731360FFF7B3FF786108E0FFF70B
:1021D800AFFF02467B69D31A022B01D90323E5E33B
:1021E800734B1B6803F40073002BF0D0704B9B6992
:1021F80023F47C127B681B6A1B046D4913438B61B3
:1022080018E06B4B1B686A4A23F480731360FFF76E
:102218008FFF786108E0FFF78BFF02467B69D31ACE
:10222800022B01D90323C1E3614B1B6803F400733C
:10223800002BF0D17B681B6803F00103002B00F032
:10224800A080FB69102B05D0FB69182B09D1BB694D
:10225800032B06D17B685B68002B40F0928001233A
:10226800A4E37B685B68B3F5803F06D1504B1B68DD
:102278004F4A43F48033136058E07B685B68002B57
:1022880012D14B4B1B684A4A23F480331360484BE6
:102298001B68474A23F480131360454B1B68444A64
:1022A80023F48023136041E07B685B68B3F5A02FBB
:1022B80012D13F4B1B683E4A43F4802313603C4BCA
:1022C8001B683B4A23F480131360394B1B68384A58
:1022D80043F48033136029E07B685B68B3F5A81F7B
:1022E80012D1334B1B68324A43F480231360304BBE
:1022F8001B682F4A43F4801313602D4B1B682C4A2C
:1023080043F48033136011E0294B1B68284A23F4F7
:1023180080331360264B1B68254A23F480231360FF
:10232800234B1B68224A23F4801313607B685B6885
:10233800002B13D0FFF7FCFE786108E0FFF7F8FEEA
:1023480002467B69D31A642B01D903232EE3184B69
:102358001B6803F40033002BF0D012E0FFF7E8FE0F
:10236800786108E0FFF7E4FE02467B69D31A642B24
:1023780001D903231AE30E4B1B6803F40033002B27
:10238800F0D17B681B6803F00203002B00F09A80F1
:10239800FB69002B05D0FB69182B49D1BB69012BC0
:1023A80046D17B68DB68002B04D10123FEE200BF25
:1023B800000C0244FB69002B1CD19A4B1B6803F0EC
:1023C80018027B681B699A4214D0964B1B6823F04D
:1023D80018027B681B69934913430B6000F0D0FD1A
:1023E800914B1B681846FFF719FE0346002B01D0D6
:1023F8000123DBE2FFF79CFE786108E0FFF798FE17
:1024080002467B69D31A022B01D90323CEE2854BFE
:102418001B6803F00203002BF0D0824B1B6923F4E6
:10242800FE027B685B691B047E4913430B6149E02C
:102438007B68DB68002B2CD07A4B1B6823F01802D2
:102448007B681B69774913430B60764B1B68754A99
:1024580043F001031360FFF76BFE786108E0FFF7B4
:1024680067FE02467B69D31A022B01D903239DE23A
:102478006C4B1B6803F00203002BF0D0694B1B69FF
:1024880023F4FE027B685B691B04664913430B61F6
:1024980018E0644B1B68634A23F001031360FFF7DD
:1024A80047FE786108E0FFF743FE02467B69D31ACE
:1024B800022B01D9032379E25A4B1B6803F002036C
:1024C800002BF0D17B681B6803F00803002B3CD07D
:1024D8007B689B69002B1CD0524BD3F8F030514AD3
:1024E80043F08063C2F8F030FFF722FE786108E01D
:1024F800FFF71EFE02467B69D31A022B01D903237C
:1025080054E2484BD3F8F03003F00063002BEFD0CF
:102518001BE0444BD3F8F030424A23F08063C2F802
:10252800F030FFF705FE786108E0FFF701FE02468C
:102538007B69D31A022B01D9032337E2394BD3F82D
:10254800F03003F00063002BEFD17B681B6803F0C9
:102558000403002B00F0D280344B5B6A03F00103C4
:10256800002B18D1314B5B6A304A43F001035362A8
:10257800FFF7DEFD786108E0FFF7DAFD02467B69C8
:10258800D31A022B01D9032310E2284B5B6A03F00C
:102598000103002BF0D07B689B68012B08D1214BED
:1025A800D3F8F0301F4A43F00103C2F8F03074E06A
:1025B8007B689B68002B18D11A4BD3F8F030194A66
:1025C80023F00103C2F8F030164BD3F8F030154A67
:1025D80023F08003C2F8F030124BD3F8F030114AE0
:1025E80023F00403C2F8F03057E07B689B68052BA2
:1025F8001ED10C4BD3F8F0300A4A43F00403C2F85A
:10260800F030084BD3F8F030064A23F08003C2F8C4
:10261800F030044BD3F8F030024A43F00103C2F81B
:10262800F0303AE0000C02446C0500200008024437
:102638007B689B68852B18D1A24BD3F8F030A14A50
:1026480043F00403C2F8F0309E4BD3F8F0309D4AB3
:1026580043F08003C2F8F0309A4BD3F8F030994A2F
:1026680043F00103C2F8F03017E0964BD3F8F0308E
:10267800944A23F00103C2F8F030924BD3F8F030BB
:10268800904A23F00403C2F8F0308E4BD3F8F030B0
:102698008C4A23F08003C2F8F0307B689B68002BDB
:1026A80016D0FFF745FD78610AE0FFF741FD0246C5
:1026B8007B69D31A41F28832934201D9032375E129
:1026C800804BD3F8F03003F00203002BEDD015E077
:1026D800FFF72EFD78610AE0FFF72AFD02467B69C5
:1026E800D31A41F28832934201D903235EE1754B34
:1026F800D3F8F03003F00203002BEDD17B681B68A0
:1027080003F02003002B36D07B685B6A002B19D0BE
:102718006C4B1B686B4A43F480531360FFF708FD4A
:10272800786108E0FFF704FD02467B69D31A022BA3
:1027380001D903233AE1634B1B6803F40053002BD0
:10274800F0D018E05F4B1B685E4A23F48053136097
:10275800FFF7EEFC786108E0FFF7EAFC02467B69C8
:10276800D31A022B01D9032320E1564B1B6803F42B
:102778000053002BF0D17B689B6A002B00F0158179
:10278800FB69182B00F0AF807B689B6A022B40F036
:1027980086804C4B1B684B4A23F080731360FFF70D
:1027A800C7FC786108E0FFF7C3FC02467B69D31ACF
:1027B800022B01D90323F9E0424B1B6803F0007395
:1027C800002BF0D13F4B9B6A23F47C5323F0030387
:1027D8007A68D16A7A68126B12020A43394913433C
:1027E8008B627B685B6B013BC3F308027B689B6B66
:1027F800013B5B029BB21A437B68DB6B013B1B040A
:1028080003F4FE031A437B681B6C013B1B0603F0B1
:10281800FE432C4913434B632A4B9B6A294A23F0F6
:10282800100393627B68DB6C264ADB009363254BBD
:102838009B6A244A43F010039362224B9B6A23F05D
:102848000C027B685B6C1F4913438B621D4B9B6AB0
:1028580023F020027B689B6C1A4913438B62194B47
:102868009B6A184A43F480339362164B1B68154AD7
:1028780043F080731360FFF75BFC786108E0FFF7B3
:1028880057FC02467B69D31A022B01D903238DE03A
:102898000C4B1B6803F00073002BF0D085E0094B4C
:1028A8001B68084A23F080731360FFF741FC7861C6
:1028B8000AE0FFF73DFC02467B69D31A022B03D9D5
:1028C800032373E0000C02443A4B1B6803F00073C7
:1028D800002BEED1374B9B6A364A23F4E02323F0D2
:1028E8000303936261E0334B9B6A3B61314B5B6B43
:1028F800FB607B689B6A012B31D03B6903F00302C4
:102908007B68DB6A9A422AD13B691B0A03F03F02C3
:102918007B681B6B9A4222D1FB68C3F308027B6871
:102928005B6B013B9A421AD1FB685B0A03F07F029A
:102938007B689B6B013B9A4211D1FB681B0C03F02F
:102948007F027B68DB6B013B9A4208D1FB681B0E58
:1029580003F07F027B681B6C013B9A4201D0012384
:1029680024E0144B9B6BDB08C3F30C027B68DB6C25
:102978009A421AD00F4B9B6A0E4A23F010039362B7
:10298800FFF7D6FB786100BFFFF7D2FB02467B69F1
:102998009342F9D07B68DB6C064ADB009363054BF6
:1029A8009B6A044A43F010039362002318462037B9
:1029B800BD4680BD000C024480B584B000AF78608D
:1029C80039607B68002B01D101239EE1834B1B6892
:1029D80003F00F033A689A4210D9804B1B6823F022
:1029E8000F027E493B6813430B607C4B1B6803F066
:1029F8000F033A689A4201D0012386E17B681B687D
:102A080003F01003002B12D07B685A69744B1B6AC1
:102A18001B0A03F070039A4209D9714B1B6A23F40D
:102A2800E0427B685B691B026D4913430B627B685C
:102A38001B6803F00803002B12D07B681A69684BE7
:102A48001B6A1B0903F070039A4209D9644B1B6A7D
:102A580023F4E0627B681B691B01614913430B6225
:102A68007B681B6803F00403002B10D07B68DA68CE
:102A78005B4B1B6A03F070039A4208D9584B1B6AD8
:102A880023F070027B68DB68554913430B627B684F
:102A98001B6803F00203002B10D07B689A68504B28
:102AA8001B6A03F00F039A4208D94D4B1B6A23F0A7
:102AB8000F027B689B684A4913430B627B681B685B
:102AC80003F00103002B00F093807B685B68032B05
:102AD80007D1434B1B6803F00073002B21D101235E
:102AE80013E17B685B68022B07D13D4B1B6803F43D
:102AF8000033002B15D1012307E17B685B68012BAC
:102B080007D1374B1B6803F40073002B09D101234D
:102B1800FBE0334B1B6803F00203002B01D10123B8
:102B2800F3E02F4BDB6923F003027B685B682C49D9
:102B38001343CB61FFF7FCFAF8607B685B68032BF3
:102B480012D10AE0FFF7F4FA0246FB68D31A41F201
:102B58008832934201D90323D7E0214BDB6903F084
:102B68001803182BEED143E07B685B68022B12D167
:102B78000AE0FFF7DDFA0246FB68D31A41F2883211
:102B8800934201D90323C0E0154BDB6903F0180316
:102B9800102BEED12CE07B685B68012B22D10AE078
:102BA800FFF7C6FA0246FB68D31A41F2883293420D
:102BB80001D90323A9E00A4BDB6903F01803082BAA
:102BC800EED115E0FFF7B4FA0246FB68D31A41F2DA
:102BD8008832934206D9032397E000BF00200240C1
:102BE800000C02444B4BDB6903F01803002BE9D1BE
:102BF8007B681B6803F00203002B10D07B689A687F
:102C0800444B1B6A03F00F039A4208D2414B1B6ADC
:102C180023F00F027B689B683E4913430B623E4BCF
:102C28001B6803F00F033A689A4210D23A4B1B68AC
:102C380023F00F0238493B6813430B60364B1B687F
:102C480003F00F033A689A4201D001235DE07B68E4
:102C58001B6803F00403002B10D07B68DA682D4B47
:102C68001B6A03F070039A4208D22A4B1B6A23F0AE
:102C780070027B68DB68274913430B627B681B681B
:102C880003F00803002B12D07B681A69214B1B6ADA
:102C98001B0903F070039A4209D21E4B1B6A23F4E6
:102CA800E0627B681B691B011A4913430B627B684E
:102CB8001B6803F01003002B12D07B685A69154B70
:102CC8001B6A1B0A03F070039A4209D2114B1B6A54
:102CD80023F4E0427B685B691B020E4913430B62D5
:102CE80000F022F802460B4B1B6A03F00F030B4956
:102CF800CB5C22FA03F30A4A13600A4B1B68184696
:102D0800FFF78CF90346FB72FB7A18461037BD466D
:102D180080BD00BF000C024400200240D0E600083D
:102D2800680500206C05002080B489B000AF8C4B8A
:102D3800DB6903F01803082B02D18A4BFB6107E11A
:102D4800874BDB6903F01803002B12D1844B1B68F7
:102D580003F02003002B09D0814B1B68DB0803F02C
:102D68000303814A22FA03F3FB61F1E07E4BFB6126
:102D7800EEE07B4BDB6903F01803102B02D17B4B91
:102D8800FB61E5E0764BDB6903F01803182B40F094
:102D9800DD80734B9B6A03F003037B61704B9B6A76
:102DA8001B0A03F03F033B616D4B9B6A1B0903F051
:102DB8000103FB606A4B9B6BDB08C3F30C03FA68E7
:102DC80002FB03F307EE903AF8EE677AC7ED027A52
:102DD8003B69002B00F0B7807B69012B03D07B692E
:102DE800032B56D077E05E4B1B6803F02003002BC3
:102DF8002DD05B4B1B68DB0803F003035A4A22FA09
:102E080003F37B607B6807EE903AF8EE676A3B69EC
:102E180007EE903AF8EE677A86EEA77A504B5B6B2E
:102E2800C3F3080307EE903AF8EE676A97ED026A73
:102E3800DFED4F5AC6EE257A76EEA77AF7EE006AEE
:102E480077EEA67A67EE277AC7ED067A65E03B69E2
:102E580007EE903AF8EE677ADFED466A86EEA77AD3
:102E68003F4B5B6BC3F3080307EE903AF8EE676AD3
:102E780097ED026ADFED3E5AC6EE257A76EEA77A1E
:102E8800F7EE006A77EEA67A67EE277AC7ED067A3C
:102E980043E03B6907EE903AF8EE677ADFED366A71
:102EA80086EEA77A2E4B5B6BC3F3080307EE903AC6
:102EB800F8EE676A97ED026ADFED2D5AC6EE257ABD
:102EC80076EEA77AF7EE006A77EEA67A67EE277AAB
:102ED800C7ED067A21E03B6907EE903AF8EE677A8B
:102EE800DFED266A86EEA77A1D4B5B6BC3F30803FA
:102EF80007EE903AF8EE676A97ED026ADFED1C5A22
:102F0800C6EE257A76EEA77AF7EE006A77EEA67A0D
:102F180067EE277AC7ED067A00BF114B5B6B5B0A39
:102F280003F07F0301333B603B6807EE903AB8EE4D
:102F3800677AD7ED066AC6EE877AFCEEE77A17EE6F
:102F4800903AFB6104E00023FB6101E0064BFB6162
:102F5800FB6918462437BD465DF8047B704700BFFF
:102F6800000C024400093D000090D00300366E01B9
:102F7800000000460024744C001BB74B0024744A20
:102F880080B500AFFFF7D0FE0246084B1B6A03F07E
:102F98000F030749CB5C03F01F0322FA03F3054A2A
:102FA8001360044B1B68184680BD00BF000C024428
:102FB800D0E600086805002080B500AFFFF7E0FF05
:102FC8000246064B1B6A1B0903F007030449CB5C46
:102FD80003F01F0322FA03F3184680BD000C0244D5
:102FE800E0E6000880B500AFFFF7CAFF0246064BCF
:102FF8001B6A1B0A03F007030449CB5C03F01F0399
:1030080022FA03F3184680BD000C0244E0E60008EB
:1030180080B500AFFFF7B4FF0246064B1B6A1B0BD7
:1030280003F007030449CB5C03F01F0322FA03F300
:10303800184680BD000C0244E0E6000880B48BB05E
:1030480000AF7860AE4B5B6BC3F308033B62AC4BDD
:103058009B6A03F00303FB61A94B9B6A1B0A03F0FD
:103068003F03BB61A64B9B6A1B0903F001037B610D
:10307800A34B9B6BDB08C3F30C037A6902FB03F3D6
:1030880007EE903AF8EE677AC7ED047ABB69002B31
:1030980000F02681FB69032B53D0FB69032B6FD803
:1030A800FB69012B03D0FB69022B2BD068E0944B02
:1030B8001B68DB0803F00303924A22FA03F3FB6060
:1030C800FB6807EE903AF8EE676ABB6907EE903A3C
:1030D800F8EE677A86EEA77A3B6A07EE903AF8EE42
:1030E800676A97ED046ADFED885AC6EE257A76EEB0
:1030F800A77AF7EE006A77EEA67A67EE277AC7ED29
:10310800097A68E0BB6907EE903AF8EE677ADFED76
:103118007F6A86EEA77A3B6A07EE903AF8EE676A0E
:1031280097ED046ADFED785AC6EE257A76EEA77A2F
:10313800F7EE006A77EEA67A67EE277AC7ED097A86
:1031480049E0BB6907EE903AF8EE677ADFED706AFE
:1031580086EEA77A3B6A07EE903AF8EE676A97ED33
:10316800046ADFED695AC6EE257A76EEA77AF7EE9D
:10317800006A77EEA67A67EE277AC7ED097A2AE021
:103188005F4B1B68DB0803F003035E4A22FA03F374
:10319800FB60FB6807EE903AF8EE676ABB6907EEDA
:1031A800903AF8EE677A86EEA77A3B6A07EE903A8D
:1031B800F8EE676A97ED046ADFED535AC6EE257A92
:1031C80076EEA77AF7EE006A77EEA67A67EE277AA8
:1031D800C7ED097A00BF4A4B1B6803F00073B3F1CF
:1031E800007F21D1464B9B6A03F48033002B17D014
:1031F800434B5B6B5B0A03F07F0307EE903AF8EEF4
:10320800677AB7EE007A37EE877AD7ED096AC6EEA5
:10321800877AFCEEE77A17EE902A7B681A6006E058
:103228007B6800221A6002E07B6800221A60344B37
:103238001B6803F00073B3F1007F21D1304B9B6A08
:1032480003F40033002B17D02D4B5B6B1B0C03F0E2
:103258007F0307EE903AF8EE677AB7EE007A37EE1A
:10326800877AD7ED096AC6EE877AFCEEE77A17EE19
:10327800902A7B685A6006E07B6800225A6002E068
:103288007B6800225A601E4B1B6803F00073B3F181
:10329800007F21D11A4B9B6A03F48023002B17D09F
:1032A800174B5B6B1B0E03F07F0307EE903AF8EEAB
:1032B800677AB7EE007A37EE877AD7ED096AC6EEF5
:1032C800877AFCEEE77A17EE902A7B689A6010E01E
:1032D8007B6800229A600CE07B6800229A6008E014
:1032E8007B6800221A607B6800225A607B68002293
:1032F8009A6000BF2C37BD465DF8047B704700BF5D
:10330800000C02440090D003000000460024744AD8
:10331800001BB74B80B48BB000AF7860AE4BDB6B53
:10332800C3F308033B62AC4BDB6A03F00303FB61A6
:10333800A94BDB6A1B0A03F03F03BB61A64BDB6AA0
:103348001B0903F001037B61A34B1B6CDB08C3F370
:103358000C037A6902FB03F307EE903AF8EE677AFA
:10336800C7ED047ABB69002B00F02681FB69032BAB
:1033780053D0FB69032B6FD8FB69012B03D0FB6982
:10338800022B2BD068E0944B1B68DB0803F0030387
:10339800924A22FA03F3FB60FB6807EE903AF8EED4
:1033A800676ABB6907EE903AF8EE677A86EEA77A05
:1033B8003B6A07EE903AF8EE676A97ED046ADFED2C
:1033C800885AC6EE257A76EEA77AF7EE006A77EE87
:1033D800A67A67EE277AC7ED097A68E0BB6907EE37
:1033E800903AF8EE677ADFED7F6A86EEA77A3B6A55
:1033F80007EE903AF8EE676A97ED046ADFED785ABF
:10340800C6EE257A76EEA77AF7EE006A77EEA67A08
:1034180067EE277AC7ED097A49E0BB6907EE903A6B
:10342800F8EE677ADFED706A86EEA77A3B6A07EEF8
:10343800903AF8EE676A97ED046ADFED695AC6EECE
:10344800257A76EEA77AF7EE006A77EEA67A67EE27
:10345800277AC7ED097A2AE05F4B1B68DB0803F07F
:1034680003035E4A22FA03F3FB60FB6807EE903A17
:10347800F8EE676ABB6907EE903AF8EE677A86EE6F
:10348800A77A3B6A07EE903AF8EE676A97ED046A06
:10349800DFED535AC6EE257A76EEA77AF7EE006A84
:1034A80077EEA67A67EE277AC7ED097A00BF4A4B0E
:1034B8001B6803F00063B3F1006F21D1464BDB6A50
:1034C80003F48033002B17D0434BDB6B5B0A03F00C
:1034D8007F0307EE903AF8EE677AB7EE007A37EE98
:1034E800877AD7ED096AC6EE877AFCEEE77A17EE97
:1034F800902A7B681A6006E07B6800221A6002E066
:103508007B6800221A60344B1B6803F00063B3F138
:10351800006F21D1304BDB6A03F40033002B17D046
:103528002D4BDB6B1B0C03F07F0307EE903AF8EE94
:10353800677AB7EE007A37EE877AD7ED096AC6EE72
:10354800877AFCEEE77A17EE902A7B685A6006E0E5
:103558007B6800225A6002E07B6800225A601E4B9A
:103568001B6803F00063B3F1006F21D11A4BDB6ACB
:1035780003F48023002B17D0174BDB6B1B0E03F0D3
:103588007F0307EE903AF8EE677AB7EE007A37EEE7
:10359800877AD7ED096AC6EE877AFCEEE77A17EEE6
:1035A800902A7B689A6010E07B6800229A600CE0A1
:1035B8007B6800229A6008E07B6800221A607B68BA
:1035C80000225A607B6800229A6000BF2C37BD46F3
:1035D8005DF8047B704700BF000C02440090D003E4
:1035E800000000460024744A001BB74B80B58CB01D
:1035F80000AFC7E900010023FB620023BB62002380
:103608007B62D7E9002302F17E410B434BD1C44BC7
:10361800D3F8F03003F440737B62C14BD3F8F03039
:1036280003F00203022B08D17B6AB3F5807F04D133
:103638004FF40043FB6200F014BFB94BD3F8F030ED
:1036480003F00063B3F1006F08D17B6AB3F5007F24
:1036580004D14FF4FA43FB6200F003BFB04B1B6880
:1036680003F40033B3F5003F19D17B6AB3F5407F0B
:1036780015D1AB4BDB6903F47C53B3F5007F0AD358
:10368800A74BDB691B0A03F03F03A64AB2FBF3F31F
:10369800FB6200F0E6BE0023FB6200F0E2BE0023FE
:1036A800FB6200F0DEBED7E90023A3F5805152EAA1
:1036B800010300F08E83D7E90023012A73F58053B4
:1036C80080F0CC86D7E90023A3F5007152EA010304
:1036D80000F0AA82D7E90023012A73F5007380F06D
:1036E800BD86D7E90023A3F1100152EA010300F0D7
:1036F8008186D7E90023012A73F1100380F0AE8692
:10370800D7E90023191F52EA010300F0B184D7E971
:103718000023012A73F1040380F0A086D7E900236F
:1037280002F160410B4300F0AA85D7E900237E49E6
:103738008A4273F1000380F09186D7E9002302F1F1
:1037480070410B4300F03285D7E9002377498A425C
:1037580073F1000380F08286D7E9002302F17841F3
:103768000B4300F0BC84D7E9002371498A4273F106
:10377800000380F07386D7E9002302F17C410B43F4
:1037880000F0F285D7E900236A498A4273F1000301
:1037980080F06486D7E90023A2F500110B4300F0FE
:1037A800E581D7E9002364498A4273F1000380F078
:1037B8005586D7E90023A2F580210B4300F0CC837E
:1037C800D7E900235D498A4273F1000380F04686F9
:1037D800D7E90023A2F500310B4300F03183D7E984
:1037E800002357498A4273F1000380F03786D7E9EE
:1037F8000023A2F580310B4300F0BB82D7E90023F8
:10380800B2F1011F73F1000380F02886D7E9002385
:10381800A2F580410B4300F06D82D7E9002344F202
:1038280001018A4273F1000380F01886D7E900236A
:10383800A2F500510B4300F01E82D7E9002342F2A3
:1038480001018A4273F1000380F00886D7E900235A
:10385800A2F580510B4300F03781D7E9002341F2EC
:1038680001018A4273F1000380F0F885D7E900234B
:10387800111F0B4300F0D280D7E90023052A73F10A
:10388800000380F0EB85D7E90023511E0B4306D0D7
:10389800D7E90023911E0B436CD000F0DFBD204B0D
:1038A800D3F8D83003F007037B627B6A002B04D17E
:1038B800FFF798FBF86200F0D4BD194B1B6803F0C2
:1038C8000063B3F1006F0AD17B6A012B07D107F1BE
:1038D8000C031846FFF71EFD3B69FB6248E0104BDE
:1038E8001B6803F00203022B0CD17B6A032B09D15E
:1038F8000B4B1B68DB0803F00303124A22FA03F39D
:10390800FB6235E0064B1B6803F40073B3F5007FD8
:103918001CD17B6A042B19D10B4BFB6228E000BF3A
:10392800000C024400366E01010000200100001066
:10393800010000080100000401002000010004004B
:10394800010002000090D00300093D009F4BD3F80E
:10395800F03003F00203022B06D17B6A052B03D15A
:103968004FF40043FB6203E00023FB6200F079BDE3
:1039780000F077BD954BD3F8D83003F038037B625D
:103988007B6A002B04D1FFF717FBF86200F069BDD2
:103998008E4B1B6803F00063B3F1006F0AD17B6A9A
:1039A800082B07D107F10C031846FFF7B3FC3B6956
:1039B800FB6231E0854B1B6803F00203022B0CD13C
:1039C8007B6A182B09D1814B1B68DB0803F00303C2
:1039D8007F4A22FA03F3FB621EE07C4B1B6803F468
:1039E8000073B3F5007F05D17B6A202B02D1794B98
:1039F800FB6211E0754BD3F8F03003F00203022BA1
:103A080006D17B6A282B03D14FF40043FB6203E005
:103A18000023FB6200F025BD00F023BD6B4BD3F8FB
:103A2800D83003F4E0737B627B6A002B04D1FFF784
:103A3800C3FAF86200F015BD644B1B6803F000631D
:103A4800B3F1006F0AD17B6A402B07D107F10C0351
:103A58001846FFF75FFC3B69FB6233E05B4B1B6872
:103A680003F00203022B0CD17B6AC02B09D1574B00
:103A78001B68DB0803F00303554A22FA03F3FB62D1
:103A880020E0524B1B6803F40073B3F5007F06D1A6
:103A98007B6AB3F5807F02D14E4BFB6212E04B4B41
:103AA800D3F8F03003F00203022B07D17B6AB3F599
:103AB800A07F03D14FF40043FB6203E00023FB62C5
:103AC80000F0CFBC00F0CDBC404BD3F8E03003F0A1
:103AD800E0637B627B6A002B04D1FFF799FAF862F6
:103AE80000F0BFBC7B6AB3F1807F08D107F10C03FB
:103AF8001846FFF70FFC3B69FB6200F0B2BC334B82
:103B08001B6803F00203022B0DD17B6AB3F1407FDF
:103B180009D12E4B1B68DB0803F003032C4A22FA59
:103B280003F3FB6220E0294B1B6803F40073B3F531
:103B3800007F06D17B6AB3F1806F02D1254BFB620F
:103B480012E0224BD3F8F03003F00203022B07D126
:103B58007B6AB3F1A06F03D14FF40043FB6203E02B
:103B68000023FB6200F07DBC00F07BBC174BD3F850
:103B7800E83003F007037B627B6A002B04D1FFF770
:103B8800FFF9F86200F06DBC7B6A012B04D1FFF7E6
:103B9800CBF8F86200F065BC7B6A022B08D107F10C
:103BA8000C031846FFF7B6FB7B69FB6200F059BCB3
:103BB800064B1B6803F40033B3F5003F0ED17B6A54
:103BC800032B0BD1044BFB622CE000BF000C02441A
:103BD8000090D00300093D0000366E01954B1B682C
:103BE80003F00203022B0CD17B6A042B09D1914B01
:103BF8001B68DB0803F003038F4A22FA03F3FB6216
:103C080010E08C4B1B6803F40073B3F5007F05D1FB
:103C18007B6A052B02D1894BFB6203E00023FB6220
:103C280000F01FBC00F01DBC824BD3F8E83003F055
:103C380008037B627F4BD3F8F03003F00203022BBA
:103C480006D17B6A002B03D14FF40043FB6211E0DD
:103C5800784BD3F8F03003F00063B3F1006F06D16E
:103C68007B6A082B03D14FF4FA43FB6202E000237E
:103C7800FB62F6E3F5E36F4BD3F8E43003F440332B
:103C88007B627B6A002B03D1FFF796F9F862E8E3C1
:103C98007B6AB3F5803F07D107F10C031846FFF79D
:103CA80039FB7B69FB62DCE3624B1B6803F00203B0
:103CB800022B0DD17B6AB3F5003F09D15D4B1B6820
:103CC800DB0803F003035C4A22FA03F3FB6210E00B
:103CD800584B1B6803F40073B3F5007F06D17B6A69
:103CE800B3F5403F02D1554BFB6202E00023FB6273
:103CF800B7E3B6E34F4BD3F8E43003F440237B62D9
:103D08007B6A002B03D1FFF757F9F862A9E37B6AB6
:103D1800B3F5802F07D107F10C031846FFF7FAFA1D
:103D28007B69FB629DE3434B1B6803F00203022B94
:103D38000DD17B6AB3F5002F09D13E4B1B68DB0818
:103D480003F003033C4A22FA03F3FB6210E0394B09
:103D58001B6803F40073B3F5007F06D17B6AB3F5E3
:103D6800402F02D1354BFB6202E00023FB6278E36F
:103D780077E3304BD3F8E43003F040737B627B6A1F
:103D8800002B03D1FFF718F9F8626AE37B6AB3F1F5
:103D9800807F07D107F10C031846FFF7BBFA7B6950
:103DA800FB625EE3234B1B6803F00203022B0DD179
:103DB8007B6AB3F1007F09D11E4B1B68DB0803F057
:103DC80003031D4A22FA03F3FB624AE30023FB6262
:103DD80047E3184BD3F8E43003F040637B627B6A17
:103DE800002B03D1FFF714F9F8623AE37B6AB3F1C9
:103DF800806F07D107F10C031846FFF78BFA7B6930
:103E0800FB622EE30B4B1B6803F00203022B0DD160
:103E18007B6AB3F1006F09D1064B1B68DB0803F01E
:103E28000303054A22FA03F3FB621AE30023FB6249
:103E380017E300BF000C02440090D00300093D00C6
:103E48009B4BD3F8DC3003F4E0637B627B6AB3F509
:103E5800A06F44D07B6AB3F5A06F79D87B6AB3F5BD
:103E6800806F2DD07B6AB3F5806F71D87B6AB3F50C
:103E7800407F17D07B6AB3F5407F69D87B6A002BF7
:103E880004D07B6AB3F5807F04D061E0FFF7C0F807
:103E9800F86260E007F10C031846FFF73BFAFB688D
:103EA800FB6258E0824BD3F8F03003F00203022B98
:103EB80003D14FF40043FB624DE00023FB624AE06C
:103EC8007B4BD3F8F03003F00063B3F1006F03D1FC
:103ED8004FF4FA43FB623EE00023FB623BE0744B85
:103EE800D3F8E83003F04043BB62714B1B6803F022
:103EF8000203022B0CD1BB6A002B09D16C4B1B6847
:103F0800DB0803F003036B4A22FA03F3FB621EE0AB
:103F1800674B1B6803F40073B3F5007F06D1BB6AD7
:103F2800B3F1804F02D1644BFB6210E0604B1B6819
:103F380003F40033B3F5003F06D1BB6AB3F1004F79
:103F480002D15E4BFB6202E00023FB6203E002E069
:103F58000023FB6200BF84E2554BD3F8DC3003F446
:103F6800E0437B627B6AB3F5A04F44D07B6AB3F52C
:103F7800A04F79D87B6AB3F5804F2DD07B6AB3F513
:103F8800804F71D87B6AB3F5405F17D07B6AB3F571
:103F9800405F69D87B6A002B04D07B6AB3F5805FE9
:103FA80004D061E0FFF708F8F86260E007F10C035D
:103FB8001846FFF7AFF9FB68FB6258E03C4BD3F8B3
:103FC800F03003F00203022B03D14FF40043FB62ED
:103FD8004DE00023FB624AE0354BD3F8F03003F0A4
:103FE8000063B3F1006F03D14FF4FA43FB623EE084
:103FF8000023FB623BE02E4BD3F8E83003F040434C
:10400800BB622B4B1B6803F00203022B0CD1BB6A6B
:10401800002B09D1264B1B68DB0803F00303254A54
:1040280022FA03F3FB621EE0214B1B6803F40073C2
:10403800B3F5007F06D1BB6AB3F1804F02D11E4BA6
:10404800FB6210E01A4B1B6803F40033B3F5003F22
:1040580006D1BB6AB3F1004F02D1184BFB6202E0F4
:104068000023FB6203E002E00023FB6200BFF8E1EB
:104078000F4BD3F8E83003F440737B620C4B1B689A
:1040880003F40033B3F5003F05D17B6A002B02D15E
:104098000A4BFB62E5E17B6AB3F5807F10D107F13B
:1040A80018031846FEF7CAFFFB69FB62D9E100BF97
:1040B800000C02440090D00300093D0000366E0158
:1040C8007B6AB3F5007F07D107F10C031846FFF7A9
:1040D80021F93B69FB62C4E10023FB62C1E19D4B0E
:1040E800D3F8E03003F007037B627B6A042B59D8CE
:1040F80001A252F823F000BF15410008254100082D
:10410800AD410008354100083B41000807F118039C
:104118001846FEF793FFFB69FB6246E007F10C03C4
:104128001846FFF7F7F8FB68FB623EE08A4BFB6234
:104138003BE0884BD3F8E83003F04043BB62854B43
:104148001B6803F00203022B0CD1BB6A002B09D1B8
:10415800804B1B68DB0803F00303804A22FA03F351
:10416800FB621EE07B4B1B6803F40073B3F5007F12
:1041780006D1BB6AB3F1804F02D1794BFB6210E0E4
:10418800744B1B6803F40033B3F5003F06D1BB6AD8
:10419800B3F1004F02D1734BFB6202E00023FB62D4
:1041A80003E002E00023FB6200BF5AE1694BD3F849
:1041B800E03003F038037B627B6A202B22D07B6AD5
:1041C800202B58D87B6A182B19D07B6A182B52D809
:1041D8007B6A002B03D07B6A082B08D04BE007F1E1
:1041E80018031846FEF72AFFFB69FB6246E007F151
:1041F8000C031846FFF78EF8FB68FB623EE0564B4F
:10420800FB623BE0534BD3F8E83003F04043BB621A
:10421800504B1B6803F00203022B0CD1BB6A002B26
:1042280009D14C4B1B68DB0803F003034B4A22FA05
:1042380003F3FB621EE0474B1B6803F40073B3F5FE
:10424800007F06D1BB6AB3F1804F02D1444BFB62B9
:1042580010E0404B1B6803F40033B3F5003F06D170
:10426800BB6AB3F1004F02D13E4BFB6202E0002370
:10427800FB6203E002E00023FB6200BFF1E0354B84
:10428800D3F8E03003F4E0737B627B6AB3F5807F98
:1042980023D07B6AB3F5807F58D87B6AC02B19D0AE
:1042A8007B6AC02B52D87B6A002B03D07B6A402BD9
:1042B80008D04BE007F118031846FEF7BFFEFB696C
:1042C800FB6246E007F10C031846FFF723F8FB688A
:1042D800FB623EE0204BFB623BE01E4BD3F8E8302C
:1042E80003F04043BB621B4B1B6803F00203022B25
:1042F8000CD1BB6A002B09D1164B1B68DB0803F0F5
:104308000303164A22FA03F3FB621EE0114B1B68F3
:1043180003F40073B3F5007F06D1BB6AB3F1804F95
:1043280002D10F4BFB6210E00A4B1B6803F4003309
:10433800B3F5003F06D1BB6AB3F1004F02D1094B78
:10434800FB6202E00023FB6203E002E00023FB6261
:1043580000BF86E0000C02440080BB000090D00340
:1043680000093D0000366E01404BD3F8E83003F0F9
:1043780030037B623D4B1B6803F40053B3F5005FC9
:1043880005D17B6A002B02D1394BFB6231E0374BF8
:104398001B6803F00073B3F1007F0AD17B6A102B0E
:1043A80007D107F118031846FEF748FEFB69FB62C0
:1043B8001FE02E4BD3F8F03003F00203022B06D196
:1043C8007B6A202B03D14FF40043FB6211E0274B9B
:1043D800D3F8F03003F00063B3F1006F06D17B6AC5
:1043E800302B03D14FF4FA43FB6202E00023FB6257
:1043F80037E036E01D4BD3F8E43003F030037B623E
:104408007B6A102B07D107F118031846FEF716FE32
:10441800FB69FB6225E0154B1B6803F00063B3F1F1
:10442800006F0AD17B6A202B07D107F10C031846CD
:10443800FEF770FF3B69FB620FE00C4B1B6803F44F
:104448000053B3F5005F05D17B6A302B02D1084BCE
:10445800FB6202E00023FB6203E002E00023FB6250
:1044680000BFFB6A18463037BD4680BD000C0244C9
:10447800006CDC0280B487B000AF7860396000233C
:104488003B6142E13B681A6801213B6901FA03F389
:104498001340FB60FB68002B00F034813B685B68CD
:1044A800022B03D03B685B68122B25D13B69DA08E5
:1044B8007B68083253F822307B613B6903F00703BD
:1044C8009B000F2202FA03F3DB437A6913407B61F6
:1044D8003B681B6903F00F023B6903F007039B006D
:1044E80002FA03F37A6913437B613B69DA087B6854
:1044F8000832796943F822107B681B687B613B6945
:104508005B00032202FA03F3DB437A6913407B6101
:104518003B685B6803F003023B695B0002FA03F344
:104528007A6913437B617B687A691A603B685B68C8
:10453800012B0BD03B685B68022B07D03B685B689C
:10454800112B03D03B685B68122B30D17B689B68CA
:104558007B613B695B00032202FA03F3DB437A6960
:1045680013407B613B68DA683B695B0002FA03F33E
:104578007A6913437B617B687A699A607B685B68B8
:104588007B6101223B6902FA03F3DB437A6913403A
:104598007B613B685B681B0903F001023B6902FA17
:1045A80003F37A6913437B617B687A695A603B68D5
:1045B8005B6803F00303032B09D13B685B6803F0D6
:1045C8000303032B1BD13B689B68012B17D07B6827
:1045D800DB687B613B695B00032202FA03F3DB4380
:1045E8007A6913407B613B689A683B695B0002FA11
:1045F80003F37A6913437B617B687A69DA603B6805
:104608005B6803F08053002B7CD0474A3B699B08CA
:10461800183352F823307B613B6903F00303DB0056
:104628000F2202FA03F3DB437A6913407B617B684C
:104638009A0A3E4B13403A6902F00302D2009340B3
:104648007A6913437B6138493B699B0818337A6957
:1046580041F82320344B1B687B61FB68DB437A6994
:1046680013407B613B685B6803F48013002B03D025
:104678007A69FB6813437B612B4A7B6913602A4B79
:104688005B687B61FB68DB437A6913407B613B684D
:104698005B6803F40013002B03D07A69FB681343AB
:1046A8007B61214A7B6953601F4BD3F884307B615F
:1046B800FB68DB437A6913407B613B685B6803F402
:1046C8000033002B03D07A69FB6813437B61164AD9
:1046D8007B69C2F88430144BD3F880307B61FB6867
:1046E800DB437A6913407B613B685B6803F4803382
:1046F800002B03D07A69FB6813437B610A4A7B6904
:10470800C2F880303B6901333B613B681A683B69FA
:1047180022FA03F3002B7FF4B5AE00BF00BF1C37AD
:10472800BD465DF8047B7047002002447F7F2F0060
:1047380080B483B000AF78600B467B8013467B70F3
:104748007B78002B03D07A887B689A6102E07A88AC
:104758007B689A6200BF0C37BD465DF8047B7047E2
:1047680080B485B000AF78600B467B807B685B695E
:10477800FB607A88FB6813401A04FB68D9437B887E
:104788000B401A437B689A6100BF1437BD465DF839
:10479800047B704780B582B000AF78607B68002BDF
:1047A80001D1012342E07B68D3F88830002B06D181
:1047B8007B68002283F88420786800F03BF87B68E7
:1047C8002422C3F888207B681B681A687B681B68EA
:1047D80022F001021A607B689B6A002B02D078687D
:1047E80000F058FA786800F0D7F80346012B01D199
:1047F80001231BE07B681B685A687B681B6822F4EE
:1048080090425A607B681B689A687B681B6822F034
:104818002A029A607B681B681A687B681B6842F0EA
:1048280001021A60786800F0D7FA0346184608377C
:10483800BD4680BD80B483B000AF786000BF0C3740
:10484800BD465DF8047B704780B58AB002AFF8605A
:10485800B9603B601346FB80FB68D3F88830202B97
:1048680040F09580BB68002B02D0FB88002B01D15B
:1048780001238DE0FB681B689B6803F08003802B95
:1048880007D1FB681B689A68FB681B6822F08002E6
:104898009A60FB680022C3F89020FB682122C3F8C5
:1048A8008820FDF745FC7861FB68FA88A3F8542056
:1048B800FB68FA88A3F85620FB689B68B3F5805F0D
:1048C80008D1FB681B69002B04D10023FB61BB687E
:1048D800BB6103E0BB68FB610023BB613AE03B6856
:1048E80000937B6900228021F86800F01FFB0346D3
:1048F800002B05D0FB682022C3F88820032347E05B
:10490800FB69002B0BD1BB691B881A46FB681B6827
:10491800C2F308029A62BB690233BB6107E0FB6914
:104928001A78FB681B689A62FB690133FB61FB68B4
:10493800D3F8883003F02103212B09D1FB68B3F8A1
:1049480056309BB2013B9AB2FB68A3F8562001E0AF
:1049580001231DE0FB68B3F856309BB2002BBED193
:104968003B6800937B6900224021F86800F0DEFA7A
:104978000346002B05D0FB682022C3F888200323B8
:1049880006E0FB682022C3F88820002300E0022309
:1049980018462037BD4680BD2DE9B04F94B000AF12
:1049A800F862002387F84730FB6A9A68FB6A1B693C
:1049B8001A43FB6A5B691A43FB6ADB691343FB64AE
:1049C800FB6A1B681B688A491940FB6A1A68FB6CFA
:1049D8000B431360FB6A1B685B6823F44050FB6A57
:1049E800D968FB6A1A6840EA01035360FB6A9B694D
:1049F800FB64FB6A1A687F4B9A4204D0FB6A1A6A06
:104A0800FB6C1343FB64FB6A1B689B6823F06E41D5
:104A180021F43061FB6A1A68FB6C0B439360FB6AF4
:104A28001B68DB6A23F00F00FB6A596AFB6A1A6885
:104A380040EA0103D362FB6A1A686F4B9A4202D1BB
:104A48000123BB641AE0FB6A1A686C4B9A4202D1D4
:104A58000223BB6412E0FB6A1A68694B9A4202D1CE
:104A68000423BB640AE0FB6A1A68624B9A4203D1CA
:104A78004FF48053BB6401E00023BB64FB6A1A68EF
:104A88005C4B9A4271D1BB6C00223B627A62D7E9D7
:104A98000801FEF7ABFD38643B6C002B00F0E280A8
:104AA800FB6A5B6A574A32F813301A463B6CB3FB11
:104AB800F2F37B63FB6A5A6813465B0013447A6B14
:104AC8009A4205D3FB6A5B681B037A6B9A4203D947
:104AD800012387F84730C5E03B6C0022BB61FA61CF
:104AE800FB6A5B6A474A32F813309BB200223B618B
:104AF8007A61D7E90423D7E90601FBF7A9FB024647
:104B08000B46104619464FF000024FF000030B0207
:104B180043EA10630202F96A4968490800200C4612
:104B2800054612EB040843EB0509FB6A5B680022A3
:104B3800BB60FA60D7E9022340464946FBF788FB89
:104B480002460B461346FB63FB6BB3F5407F08D365
:104B5800FB6BB3F5801F04D2FB6A1B68FA6BDA6043
:104B680080E0012387F847307CE0FB6ADB69B3F516
:104B7800004F49D1BB6C00223B607A60D7E9000145
:104B8800FEF734FD38643B6C002B6BD0FB6A5B6A24
:104B98001C4A32F813301A463B6CB3FBF2F35A0046
:104BA800FB6A5B685B081A44FB6A5B68B2FBF3F359
:104BB800FB63FB6B0F2B16D9FB6BB3F5803F12D24F
:104BC800FB6B9BB223F00F037B87FB6B5B089BB2ED
:104BD80003F007039AB27B8F13437B87FB6A1B683A
:104BE8007A8FDA603EE0012387F847303AE000BF69
:104BF800F369FFCF0024004400380140004400401E
:104C080000480040E8E60008BB6C00229A4693463C
:104C180050465946FEF7EAFC38643B6C002B21D01D
:104C2800FB6A5B6A1A4A32F813301A463B6CB3FBCC
:104C3800F2F2FB6A5B685B081A44FB6A5B68B2FBCA
:104C4800F3F3FB63FB6B0F2B09D9FB6BB3F5803FC9
:104C580005D2FB6B9AB2FB6A1B68DA6002E001239B
:104C680087F84730FB6A0122A3F86A20FB6A012211
:104C7800A3F86820FB6A00225A67FB6A00229A6739
:104C880097F8473018465037BD46BDE8B08F00BF8B
:104C9800E8E6000880B483B000AF78607B689B6A60
:104CA80003F00803002B0AD07B681B685B6823F4B9
:104CB80000417B689A6B7B681B680A435A607B6873
:104CC8009B6A03F00103002B0AD07B681B685B68B2
:104CD80023F400317B68DA6A7B681B680A435A60F0
:104CE8007B689B6A03F00203002B0AD07B681B6871
:104CF8005B6823F480317B681A6B7B681B680A4306
:104D08005A607B689B6A03F00403002B0AD07B6817
:104D18001B685B6823F480217B685A6B7B681B687F
:104D28000A435A607B689B6A03F01003002B0AD081
:104D38007B681B689B6823F480517B68DA6B7B680F
:104D48001B680A439A607B689B6A03F02003002B68
:104D58000AD07B681B689B6823F400517B681A6C37
:104D68007B681B680A439A607B689B6A03F0400370
:104D7800002B1AD07B681B685B6823F480117B6862
:104D88005A6C7B681B680A435A607B685B6CB3F596
:104D9800801F0AD17B681B685B6823F4C0017B68AD
:104DA8009A6C7B681B680A435A607B689B6A03F0AD
:104DB8008003002B0AD07B681B685B6823F4002102
:104DC8007B68DA6C7B681B680A435A6000BF0C3743
:104DD800BD465DF8047B704780B598B002AF786037
:104DE8007B680022C3F89020FDF7A2F978657B68FC
:104DF8001B681B6803F00803082B2FD16FF07E4354
:104E080000937B6D00224FF40011786800F08EF853
:104E18000346002B22D07B681B68BB63BB6B53E83F
:104E2800003F7B637B6B23F080033B657B681B68DB
:104E38001A463B6D7B643A64396C7A6C41E800230E
:104E4800FB63FB6B002BE6D17B682022C3F888202C
:104E58007B68002283F88420032363E07B681B6857
:104E68001B6803F00403042B49D16FF07E430093C1
:104E78007B6D00224FF48001786800F057F80346F4
:104E8800002B3CD07B681B687B627B6A53E8003F41
:104E98003B623B6A23F49073FB647B681B681A4689
:104EA800FB6C3B63FA62F96A3A6B41E80023BB6228
:104EB800BB6A002BE6D17B681B6808333B613B6902
:104EC80053E8003FFB60FB6823F00103BB647B6889
:104ED8001B680833BA6CFA61BB61B969FA6941E8C1
:104EE80000237B617B69002BE5D17B682022C3F816
:104EF8008C207B68002283F88420032312E07B68DF
:104F08002022C3F888207B682022C3F88C207B6885
:104F18000022DA667B6800221A677B68002283F821
:104F28008420002318465837BD4680BD80B584B01C
:104F380000AFF860B9603B601346FB714FE0BB6996
:104F4800B3F1FF3F4BD0FDF7F3F802463B68D31AA5
:104F5800BA699A4202D3BB69002B01D103234EE000
:104F6800FB681B681B6803F00403002B37D0BB6881
:104F7800802B34D0BB68402B31D0FB681B68DB69C1
:104F880003F00803082B10D1FB681B6808221A627B
:104F9800F86800F038F8FB680822C3F89020FB682E
:104FA800002283F88420012329E0FB681B68DB6961
:104FB80003F40063B3F5006F11D1FB681B684FF46D
:104FC80000621A62F86800F01EF8FB682022C3F835
:104FD8009020FB68002283F8842003230FE0FB68FD
:104FE8001B68DA69BB681340BA689A420CBF012390
:104FF8000023DBB21A46FB799A42A0D00023184658
:105008001037BD4680BD80B495B000AF78607B682E
:105018001B687B637B6B53E8003F3B633B6B23F46C
:105028009073FB647B681B681A46FB6C3B64FA63ED
:10503800F96B3A6C41E80023BB63BB6B002BE6D1EC
:105048007B681B6808333B623B6A53E8003FFB619F
:10505800FB6923F0805323F00103BB647B681B6862
:105068000833BA6CFA62BB62B96AFA6A41E800238B
:105078007B627B6A002BE3D17B68DB6E012B18D146
:105088007B681B68FB60FB6853E8003FBB60BB683C
:1050980023F010037B647B681B681A467B6CBB613A
:1050A8007A617969BA6941E800233B613B69002B61
:1050B800E6D17B682022C3F88C207B680022DA6660
:1050C8007B6800225A6700BF5437BD465DF8047BF1
:1050D8007047000080B485B000AF78607B6803F04B
:1050E8000703FB600C4BDB68BB60BA684FF6FF0335
:1050F8001340BB60FB681A02BB68134343F0BF63ED
:1051080043F40033BB60044ABB68D36000BF143764
:10511800BD465DF8047B704700ED00E080B400AF49
:10512800044BDB681B0A03F007031846BD465DF80D
:10513800047B704700ED00E080B483B000AF034605
:105148003960FB80B7F90630002B0ADB3B68DAB21E
:105158000C49B7F906301201D2B20B4483F8002388
:105168000AE03B68DAB20849FB8803F00F03043B06
:105178001201D2B20B441A7600BF0C37BD465DF857
:10518800047B704700E100E000ED00E080B489B0E6
:1051980000AFF860B9607A60FB6803F00703FB6151
:1051A800FB69C3F10703042B28BF0423BB61FB6918
:1051B8000433062B02D9FB69033B00E000237B6123
:1051C8004FF0FF32BB6902FA03F3DA43BB681A40B7
:1051D8007B699A404FF0FF317B6901FA03F3D943A9
:1051E8007B680B40134318462437BD465DF8047BA3
:1051F800704780B582B000AF78607868FFF76AFFC3
:1052080000BF0837BD4680BD80B586B000AF0346F5
:10521800B9607A60FB81FFF781FF78617A68B968C5
:105228007869FFF7B3FF0246B7F90E301146184602
:10523800FFF782FF00BF1837BD4680BD80B483B03A
:1052480000AF78607B68013BB3F1807F01D3012315
:105258000DE00A4A7B68013B5360084B00229A60C4
:10526800064B1B68054A43F00303136000231846E6
:105278000C37BD465DF8047B704700BF10E000E0C6
:1052880080B483B000AF78607B68042B44D801A257
:1052980052F823F0BF520008DD520008FF52000800
:1052A80021530008B15200081F4B1B681E4A43F0E7
:1052B8000403136031E01C4B1B681B4A23F00403F2
:1052C80013601A4BD3F8E430184A23F00C03C2F8E1
:1052D800E43022E0144B1B68134A23F004031360E4
:1052E800124BD3F8E43023F00C03104A43F00403C4
:1052F800C2F8E43011E00C4B1B680B4A23F004039E
:1053080013600A4BD3F8E43023F00C03074A43F048
:105318000803C2F8E43000E000BF00BF0C37BD4608
:105328005DF8047B704700BF10E000E0000C024409
:1053380080B483B000AF174B1B6803F00403002B45
:1053480002D004237B601EE0134BD3F8E43003F053
:105358000C033B603B68082B0FD03B68082B0FD829
:105368003B68002B03D03B68042B03D008E00023E4
:105378007B6008E001237B6005E002237B6002E09C
:1053880000237B6000BF7B6818460C37BD465DF87C
:10539800047B704710E000E0000C024480B400AFCA
:1053A800054B1B68044A43F00103136000231846A9
:1053B800BD465DF8047B70470004034080B58AB0A1
:1053C80004AFF860B9607A603B607B689B00184660
:1053D80002F0C4F938613B69002B13D0642002F055
:1053E800BDF978617B69002B08D0642200217869B7
:1053F800FBF7D4FD7B693A691A6305E0386902F066
:10540800A9FA01E000237B617B69002B0DD0002302
:1054180003937B6902937B6A01933B6A00933B6821
:105428007A68B968F86800F028F87B691846183770
:10543800BD4680BD80B588B002AFF860B9607A60BB
:105448003B607B6A01933B6A00933B687A68B96862
:10545800F868FFF7B3FF38613B69002B05D038695E
:1054680000F09AF801237B6102E04FF0FF337B6183
:105478007B6918461837BD4680BD80B586B000AF39
:10548800F860B9607A603B60BB6A186B7B689B0008
:105498001A46A521FBF782FDBB6A1A6B7B6803F1EC
:1054A8008043013B9B0013443B613B6923F00703A6
:1054B8003B613B6903F00703002B03D002F07EFD3C
:1054C80000BFFDE7BB68002B1ED000237B6112E004
:1054D800BA687B6913441978BA6A7B691344343310
:1054E8000A461A70BA687B6913441B78002B06D0E9
:1054F8007B6901337B617B690F2BE9D900E000BF31
:10550800BB6A002283F843203B6A072B03D902F0C9
:1055180055FD00BFFDE73B6A072B01D907233B6216
:10552800BB6A3A6ADA62BB6A3A6ADA64BB6A04330B
:10553800184601F011FEBB6A1833184601F00CFE3C
:10554800BB6ABA6A1A613B6AC3F10802BB6A9A610C
:10555800BB6ABA6A5A62BB6A196B3B68FA683869EF
:1055680002F0DAFB0246BB6A1A60BB6A1B683A693A
:10557800D31A9B101A467B68934203D802F01EFD8B
:1055880000BFFDE77B6A002B02D07B6ABA6A1A600B
:1055980000BF1837BD4680BD80B584B000AF7860C5
:1055A80002F05AFB3F4B1B6801333E4A13603E4BE7
:1055B8001B68002B09D13C4A7B681360394B1B6878
:1055C800012B10D100F0A8FD0DE0384B1B68002B13
:1055D80009D1354B1B68DA6A7B68DB6A9A4202D8C4
:1055E800314A7B681360324B1B680133304A1360C1
:1055F8002F4B1A687B685A647B68DA6A2D4B1B68E4
:105608009A4203D97B68DB6A2A4A13607B68DA6AA4
:10561800294913469B0013449B000B4404331B6821
:10562800FB607B68FA689A60FB689A687B68DA6056
:10563800FB689B687A6804325A607B681A1DFB68AD
:105648009A607B68DA6A13469B0013449B001A4AE7
:105658001A447B685A617B68DA6A174913469B00CB
:1056680013449B000B441B687A68D26A591C124881
:1056780013469B0013449B000344196002F0FEFA92
:105688000A4B1B68002B08D0074B1B68DA6A7B683B
:10569800DB6A9A4201D202F0CDFA00BF1037BD464C
:1056A80080BD00BF2C0B0020180A0020380B0020FA
:1056B800480B0020340B00201C0A002080B584B061
:1056C80000AF78600023FB607B68002B10D000F0EF
:1056D800A5F80C4B1B68012B03D002F06FFC00BF30
:1056E800FDE70021786800F0A1FF00F0A5F8F86058
:1056F800FB68002B01D102F09DFA00BF1037BD46B0
:1057080080BD00BF540B002080B58AB002AF0123D2
:10571800FB613B4600221A605A609A60DA600023F7
:105728003B6100237B6111E01F4A7B6913441978B0
:105738003A467B6913440A461A703A467B69134411
:105748001B78002B06D07B6901337B617B690E2BAC
:10575800EAD900E000BF3A467B69134400221A7078
:105768000023BB6116E0114B3B61BB699B00104AEB
:105778001344394601930023009300234FF48072A9
:105788003869FFF757FEF861FB69012B06D1BB6941
:105798000133BB61BB69002BE5DD00E000BFFB699D
:1057A80018462037BD4680BD50E500080161000855
:1057B800500B002080B582B000AFFFF7A5FF7860DE
:1057C8007B68012B02D101F037FD78607B68012BE3
:1057D8000ED102F0F3FB0D4B4FF0FF321A600C4B69
:1057E80001221A600B4B00221A6002F01FFB07E02F
:1057F8007B68B3F1FF3F03D102F0E0FB00BFFDE798
:10580800054B1B6800BF0837BD4680BD4C0B002008
:10581800380B0020300B002000E7000880B400AFF0
:10582800044B1B680133034A136000BFBD465DF893
:10583800047B7047540B002080B588B000AF00236C
:10584800FB610023BB6102F007FA00233B616F4B49
:105858001B68002B03D102F0B1FB00BFFDE76B4BC7
:105868001B68013B694A1360684B1B68002B40F0BA
:10587800C580674B1B68002B00F0C0808FE0654B2C
:10588800DB68DB68FB61FB699B6AFB60FB69DB69C2
:10589800FA69126A9A60FB691B6AFA69D2695A60E6
:1058A800FB685A68FB6918339A4203D1FB691A6A84
:1058B800FB685A60FB6900229A62FB681B685A1EE3
:1058C800FB681A60FB695B69BB60FB699B68FA69E6
:1058D800D2689A60FB69DB68FA6992685A60BB68AB
:1058E8005A68FB6904339A4203D1FB69DA68BB68DA
:1058F8005A60FB6900225A61BB681B685A1EBB6864
:105908001A60FB69DA6A444B1B689A4203D9FB693F
:10591800DB6A414A1360FB69DA6A404913469B0017
:1059280013449B000B4404331B687B60FB697A6853
:105938009A607B689A68FB69DA607B689B68FA6999
:1059480004325A60FB691A1D7B689A60FB69DA6A3F
:1059580013469B0013449B00304A1A44FB695A6162
:10596800FB69DA6A2D4913469B0013449B000B44DC
:105978001B68FA69D26A591C284813469B001344CD
:105988009B0003441960FB69DA6A254B1B68DB6AD4
:105998009A4204D9234A3B69012142F823101D4B3E
:1059A8001B68002B7FF46BAFFB69002B01D000F064
:1059B80031FC1D4B1B687B617B69002B12D000F00A
:1059C80045F80346002B04D0164A3B69012142F8EA
:1059D80023107B69013B7B617B69002BEFD1124B64
:1059E80000221A600F4A3B6952F82330002B05D079
:1059F8000123BB610A4B1B6802F01CF902F03EF957
:105A0800BB6918462037BD4680BD00BF540B002037
:105A18002C0B0020EC0A0020340B00201C0A00206C
:105A2800180A0020400B00203C0B002080B483B0F3
:105A380000AF054B1B687B607B6818460C37BD467A
:105A48005DF8047B704700BF300B002080B588B03C
:105A580000AF0023FB617F4B1B68002B40F0EE80FA
:105A68007D4B1B680133BB617B4ABB691360BB6913
:105A7800002B19D1794B1B681B68002B03D002F04F
:105A88009DFA00BFFDE7754B1B687B61744B1B6873
:105A9800724A1360724A7B691360724B1B68013348
:105AA800704A136000F0B6FB6F4B1B68BA699A42E4
:105AB800C0F0A980694B1B681B68002B04D16A4B96
:105AC8004FF0FF321A609EE0644B1B68DB68DB68AE
:105AD8003B613B695B68FB60BA69FB689A4203D229
:105AE800614AFB6813608EE03B695B69BB603B6998
:105AF8009B683A69D2689A603B69DB683A69926840
:105B08005A60BB685A683B6904339A4203D13B69BF
:105B1800DA68BB685A603B6900225A61BB681B6837
:105B28005A1EBB681A603B699B6A002B1ED03B69F2
:105B38009B6A7B603B69DB693A69126A9A603B69D8
:105B48001B6A3A69D2695A607B685A683B6918339C
:105B58009A4203D13B691A6A7B685A603B69002202
:105B68009A627B681B685A1E7B681A603B69DA6A0E
:105B78003E4B1B689A4203D93B69DB6A3B4A136078
:105B88003B69DA6A3A4913469B0013449B000B446D
:105B980004331B683B603B693A689A603B689A68C3
:105BA8003B69DA603B689B683A6904325A603B6932
:105BB8001A1D3B689A603B69DA6A13469B001344D6
:105BC8009B002B4A1A443B695A613B69DA6A2849A7
:105BD80013469B0013449B000B441B683A69D26A26
:105BE800591C234813469B0013449B000344196027
:105BF8003B69DA6A1F4B1B68DB6A9A427FF65AAF29
:105C08000123FB6156E71B4B1B68DA6A18491346E8
:105C18009B0013449B000B441B68012B01D90123F3
:105C2800FB61154B1B68002B01D102F0F7FA134BEF
:105C38001B68002B09D00123FB6106E00E4B1B6893
:105C480001330D4A136002F0E9FAFB691846203760
:105C5800BD4680BD540B0020300B0020E40A002014
:105C6800E80A0020440B00204C0B0020340B0020D5
:105C78001C0A0020180A00203C0B0020400B0020C2
:105C880080B586B000AF3C4B1B68002B03D03B4B64
:105C980001221A606BE0394B00221A60384B1B68EE
:105CA8001B6B3B614FF0A533FB60354B1B681A68D3
:105CB800334B1B681B6B9A4216D93B691B68FA6801
:105CC8009A4211D13B6904331B68FA689A420BD196
:105CD8003B6908331B68FA689A4205D13B690C3363
:105CE8001B68FA689A4209D0254B1B683433BB609D
:105CF800234B1B68B968184602F096FA214B1B68BB
:105D08007B6109E07B69002B03D102F057F900BFE2
:105D1800FDE77B69013B7B611B497A6913469B0060
:105D280013449B000B441B68002BEBD07A69134685
:105D38009B0013449B00144A13447B607B685B6898
:105D48005A687B685A607B685A687B6808339A424D
:105D580003D17B68DA687B685A607B685B68DB68BC
:105D6800074A1360074A7B691360054B1B6800BF2D
:105D78001837BD4680BD00BF540B0020400B0020E3
:105D8800180A0020340B00201C0A002080B582B0BD
:105D980000AF786039607B68002B03D102F00EF900
:105DA80000BFFDE7074B1B6818331946786801F0F8
:105DB800E0F90121386800F039FC00BF0837BD461A
:105DC80080BD00BF180A002080B586B000AFF8601B
:105DD800B9607A60FB68002B03D102F0EFF800BFCE
:105DE800FDE7FB685B687B61154B1B687A69DA61C4
:105DF800134B1B687A6992681A62114B1A687B699F
:105E08009B6818325A600E4B1B6803F118027B69B5
:105E18009A600B4B1B68FA689A62FB681B685A1CED
:105E2800FB681A607B68002B02D04FF0FF33BB6021
:105E38007968B86800F0FAFB00BF1837BD4680BD26
:105E4800180A002080B588B000AF78607B68DB68EE
:105E5800DB68BB61BB69002B03D102F0AFF800BF60
:105E6800FDE7BB699B6A7B61BB69DB69BA69126A3A
:105E78009A60BB691B6ABA69D2695A607B695A68B9
:105E8800BB6918339A4203D1BB691A6A7B695A60A5
:105E9800BB6900229A627B691B685A1E7B691A607B
:105EA8004A4B1B68002B61D1BB695B69FB60BB690E
:105EB8009B68BA69D2689A60BB69DB68BA699268FC
:105EC8005A60FB685A68BB6904339A4203D1BB69BC
:105ED800DA68FB685A60BB6900225A61FB681B6874
:105EE8005A1EFB681A60BB69DA6A394B1B689A420A
:105EF80003D9BB69DB6A364A1360BB69DA6A35497C
:105F080013469B0013449B000B4404331B68BB607F
:105F1800BB69BA689A60BB689A68BB69DA60BB6893
:105F28009B68BA6904325A60BB691A1DBB689A60DB
:105F3800BB69DA6A13469B0013449B00254A1A443E
:105F4800BB695A61BB69DA6A224913469B0013444C
:105F58009B000B441B68BA69D26A591C1D4813463A
:105F68009B0013449B00034419601BE01A4B5B68B9
:105F78003B61BB693A69DA613B699A68BB691A6235
:105F88003B699B68BA6918325A60BB6903F1180209
:105F98003B699A60BB69104A9A620F4B1B680133D0
:105FA8000D4A1360BB69DA6A0C4B1B68DB6A9A42BC
:105FB80005D90123FB610A4B01221A6001E0002385
:105FC800FB61FB6918462037BD4680BD540B002095
:105FD800340B00201C0A0020EC0A0020180A0020BC
:105FE800400B002080B483B000AF7860064B1A687D
:105FF8007B681A60054B1A687B685A6000BF0C37CB
:10600800BD465DF8047B7047440B0020300B002030
:1060180080B586B000AF786039607B68002B03D10B
:1060280001F0CCFF00BFFDE73B68002B03D101F076
:10603800C5FF00BFFDE701F00FFE264B1B683B6163
:106048007B685B683A69D31AFB60234B1B6893F83B
:106058006330002B07D0204B1B68002283F8632095
:1060680001237B612EE03B681B68B3F1FF3F02D13F
:1060780000237B6126E07B681A68184B1B689A42EC
:106088000AD07B685B683A699A4205D301237B6131
:106098003B6800221A6015E03B681B68FA689A4260
:1060A8000BD23B681A68FB68D21A3B681A6078689A
:1060B800FFF798FF00237B6104E03B6800221A6029
:1060C80001237B6101F0DAFD7B6918461837BD466C
:1060D80080BD00BF300B0020180A0020440B0020B0
:1060E80080B400AF034B01221A6000BFBD465DF8C3
:1060F800047B7047400B002080B582B000AF786009
:1061080000F04AF8034B1B68012BF9D901F092FD06
:10611800F6E700BF1C0A002080B582B000AF00235C
:106128007B600CE07A6813469B0013449B00124A7C
:106138001344184600F0F0FF7B6801337B607B68EE
:10614800072BEFD90D4800F0E7FF0D4800F0E4FFFA
:106158000C4800F0E1FF0C4800F0DEFF0B4800F0AF
:10616800DBFF0B4B054A1A600A4B054A1A6000BF51
:106178000837BD4680BD00BF1C0A0020BC0A0020AD
:10618800D00A0020EC0A0020000B0020180B002089
:10619800E40A0020E80A002080B582B000AF19E0C8
:1061A80001F05AFD104BDB68DB687B607B680433C9
:1061B800184601F017F80D4B1B68013B0B4A13609A
:1061C8000B4B1B68013B0A4A136001F057FD7868C6
:1061D80000F010F8064B1B68002BE1D100BF00BF90
:1061E8000837BD4680BD00BF000B00202C0B0020E7
:1061F800140B002080B582B000AF78607B681B6B01
:10620800184601F0A7FB786801F0A4FB00BF083727
:10621800BD4680BD80B400AF0A4B1B681B68002BCD
:1062280004D1094B4FF0FF321A6005E0054B1B689B
:10623800DB681B68044A136000BFBD465DF8047B39
:10624800704700BFE40A00204C0B002080B483B0E4
:1062580000AF0B4B1B68002B02D101237B6008E0C9
:10626800084B1B68002B02D102237B6001E000234E
:106278007B607B6818460C37BD465DF8047B704729
:10628800380B0020540B002080B586B000AF786032
:106298007B683B6100237B617B68002B7BD03B697B
:1062A800DA6A3F4B1B68DB6A9A426BD23B699B698F
:1062B800002B06DB3A4B1B68DB6AC3F108023B691B
:1062C8009A613B6959693B69DA6A13469B00134432
:1062D8009B00344A134499424CD13B690433184615
:1062E80000F080FF2E4B1B68DA6A3B69DA623B6973
:1062F800DA6A2D4B1B689A4203D93B69DB6A2A4A42
:1063080013603B69DA6A274913469B0013449B00D4
:106318000B4404331B68FB603B69FA689A60FB68AE
:106328009A683B69DA60FB689B683A6904325A608C
:106338003B691A1DFB689A603B69DA6A13469B0041
:1063480013449B00174A1A443B695A613B69DA6A4D
:10635800144913469B0013449B000B441B683A697D
:10636800D26A591C0F4813469B0013449B000344F0
:10637800196004E00A4B1B68DA6A3B69DA62012398
:106388007B6108E03B69DA6C054B1B68DB6A9A4263
:1063980001D201237B617B6918461837BD4680BD51
:1063A800180A00201C0A0020340B002080B586B093
:1063B80000AF78607B683B6100237B617B68002BC2
:1063C80072D03C4B1B683A699A4203D001F0F6FD43
:1063D80000BFFDE73B691B6D002B03D101F0EEFD0B
:1063E80000BFFDE73B691B6D5A1E3B691A653B6997
:1063F800DA6A3B69DB6C9A4256D03B691B6D002B0D
:1064080052D13B690433184600F0ECFE3B69DA6C64
:106418003B69DA623B69DB6AC3F108023B699A614E
:106428003B69DA6A244B1B689A4203D93B69DB6AE9
:10643800214A13603B69DA6A204913469B001344DA
:106448009B000B4404331B68FB603B69FA689A6045
:10645800FB689A683B69DA60FB689B683A690432B2
:106468005A603B691A1DFB689A603B69DA6A1346F1
:106478009B0013449B00114A1A443B695A613B69CB
:10648800DA6A0E4913469B0013449B000B441B68B1
:106498003A69D26A591C094813469B0013449B0069
:1064A8000344196001237B617B6918461837BD4690
:1064B80080BD00BF180A0020340B00201C0A0020F1
:1064C80080B588B000AF786039607B68BB61012314
:1064D8007B617B68002B00F08780BB691B6D002BFC
:1064E80003D101F06BFD00BFFDE7BB69DB6C3A68C7
:1064F8009A4202D93B68FB6102E0BB69DB6CFB6135
:10650800BB69DB6AFA699A426ED0BB691B6D7A690E
:106518009A4269D1364B1B68BA699A4203D101F095
:106528004DFD00BFFDE7BB69DB6A3B61BB69FA69EA
:10653800DA62BB699B69002B04DBFB69C3F10802C3
:10654800BB699A61BB6959693A6913469B00134450
:106558009B00284A1344994246D1BB690433184624
:1065680000F040FEBB69DA6A234B1B689A4203D9E4
:10657800BB69DB6A204A1360BB69DA6A1D491346A6
:106588009B0013449B000B4404331B68FB60BB69EE
:10659800FA689A60FB689A68BB69DA60FB689B686E
:1065A800BA6904325A60BB691A1DFB689A60BB69F4
:1065B800DA6A13469B0013449B000E4A1A44BB69CF
:1065C8005A61BB69DA6A0B4913469B0013449B0066
:1065D8000B441B68BA69D26A591C064813469B00CB
:1065E80013449B000344196000BF2037BD4680BD9B
:1065F800180A00201C0A0020340B002080B483B045
:1066080000AF094B1B687B607B68002B04D07B685C
:106618001B6D5A1C7B681A657B6818460C37BD468B
:106628005DF8047B704700BF180A002080B588B069
:1066380000AF78603960324B1B68FB61314B1B68D7
:10664800BB61314B1B687B61304B1B68002283F8B0
:1066580063202E4B1B680433184600F0C3FD7B688B
:10666800B3F1FF3F24D13B68002B21D0284B5B6856
:106678003B61264B1B683A699A60244B1B683A6950
:106688009268DA60214B1A683B699B6804325A6049
:106698001E4B1B681A1D3B699A601C4B1B681C4AE1
:1066A8005A611B4B1B680133194A136000BF22E073
:1066B800FA697B681344FB60144B1B68FA685A60DC
:1066C800FA68FB699A4207D2104B1B6804331946D3
:1066D800786900F04EFD0EE00C4B1B680433194638
:1066E800B86900F046FD0B4B1B68FA689A4202D263
:1066F800084AFB68136000BF2037BD4680BD00BF55
:10670800300B0020E40A0020E80A0020180A0020C4
:10671800180B00204C0B002080B584B000AF7860C7
:1067280039600123FB607B68BB60BB68002B03D129
:1067380001F044FC00BFFDE7BB68002B57D0BB68E5
:10674800DB6B002B53D0BB681A6CBB68DB6B00217A
:10675800A3FB0223002B00D001210B46002B46D1BE
:1067680001F07AFABB681A68BB68DB6BB968096C18
:1067780001FB03F31A44BB689A60BB6800229A6362
:10678800BB681A68BB685A60BB681A68BB68DB6B71
:10679800013BB968096C01FB03F31A44BB68DA6072
:1067A800BB68FF2283F84420BB68FF2283F845209A
:1067B8003B68002B0ED1BB681B69002B14D0BB684B
:1067C80010331846FFF73EFB0346002B0CD001F0B0
:1067D80031FA09E0BB681033184600F09DFCBB682D
:1067E8002433184600F098FC01F048FA01E0002331
:1067F800FB60FB68002B03D101F0E0FB00BFFDE765
:10680800FB6818461037BD4680BD80B58AB002AF18
:10681800F860B9601346FB710023FB61FB68002B2D
:106828002ED00021BA68FB68A3FB0223002B00D0FE
:1068380001210B46002B23D1FB68BA6802FB03F346
:1068480013F1510F1CD8FB68BA6802FB03F3BB6154
:10685800BB695033184600F081FFF861FB69002BD3
:1068680015D0FB697B617B6950337B61FA79FB69E1
:10687800009313467A69B968F86800F00DF806E0E5
:10688800FB69002B03D101F099FB00BFFDE7FB6911
:1068980018462037BD4680BD80B584B000AFF8608B
:1068A800B9607A60FB70BB68002B03D1BB69BA6919
:1068B8001A6002E0BB697A681A60BB69FA68DA6331
:1068C800BB69BA681A640121B869FFF725FFBB697B
:1068D800FA7883F84C2000BF1037BD4680BD80B5DC
:1068E80082B000AF78607B68002B0ED07B680022F6
:1068F8009A607B6800221A607B680022DA600023B5
:1069080000220021786800F01CF800BF0837BD4657
:1069180080BD80B586B000AF0346FB7101237B6163
:1069280000233B61FB791A4639697869FFF76DFFE7
:10693800F860F868FFF7D3FFFB6818461837BD46BC
:1069480080BD80B58AB000AFF860B9607A603B60FE
:1069580000237B62FB683B623B6A002B03D101F09A
:106968002DFB00BFFDE7BB68002B07D13B6A1B6C02
:10697800002B03D001F022FB00BFFDE73B68022B90
:1069880007D13B6ADB6B012B03D001F017FB00BF7B
:10699800FDE7FFF75BFC0346002B00D006E07B68B1
:1069A800002B03D001F00AFB00BFFDE701F054F90A
:1069B8003B6A9A6B3B6ADB6B9A4202D33B68022BB9
:1069C8001DD13A68B968386A00F01BFAF8613B6A69
:1069D8005B6A002B0AD03B6A24331846FFF732FA69
:1069E8000346002B07D001F025F904E0FB69002BD2
:1069F80001D001F01FF901F041F901235CE07B6847
:106A0800002B03D101F03AF9002355E07B6A002BF3
:106A180006D107F114031846FFF7E4FA01237B6255
:106A280001F02CF9FEF7FAFE01F016F93B6A93F82B
:106A380044305BB2B3F1FF3F03D13B6A002283F8D5
:106A480044203B6A93F845305BB2B3F1FF3F03D172
:106A58003B6A002283F8452001F010F93A1D07F13E
:106A6800140311461846FFF7D3FA0346002B1DD12D
:106A7800386A00F0BEFA0346002B11D03B6A103387
:106A88007A6811461846FFF781F9386A00F049FA22
:106A9800FEF7D2FE0346002B88D101F0CBF885E73C
:106AA800386A00F03EFAFEF7C7FE7FE7386A00F062
:106AB80038FAFEF7C1FE002318462837BD4680BDC8
:106AC80080B58AB000AFF860B9607A6000237B6255
:106AD800FB683B623B6A002B03D101F06FFA00BFF1
:106AE800FDE7BB68002B07D13B6A1B6C002B03D06A
:106AF80001F064FA00BFFDE7FFF7A8FB0346002B8F
:106B080000D006E07B68002B03D001F057FA00BFE5
:106B1800FDE701F0A1F83B6A9B6BFB61FB69002B69
:106B280019D0B968386A00F0D6F9FB695A1E3B6A71
:106B38009A633B6A1B69002B09D03B6A10331846DD
:106B4800FFF780F90346002B01D001F073F801F03C
:106B580095F8012363E07B68002B03D101F08EF8E0
:106B680000235CE07B6A002B06D107F1140318466A
:106B7800FFF738FA01237B6201F080F8FEF74EFE3A
:106B880001F06AF83B6A93F844305BB2B3F1FF3F17
:106B980003D13B6A002283F844203B6A93F84530CE
:106BA8005BB2B3F1FF3F03D13B6A002283F8452073
:106BB80001F064F83A1D07F1140311461846FFF76F
:106BC80027FA0346002B1DD1386A00F0FCF903466A
:106BD800002B11D03B6A24337A6811461846FFF718
:106BE800D5F8386A00F09DF9FEF726FE0346002B1B
:106BF8008FD101F01FF88CE7386A00F092F9FEF7A0
:106C08001BFE86E7386A00F08CF9FEF715FE386A35
:106C180000F0D9F90346002B3FF47BAF0023184658
:106C28002837BD4680BD80B58AB000AF786039602E
:106C380000237B627B68FB6100233B62FB69002BBE
:106C480003D101F0BBF900BFFDE7FB691B6C002B0A
:106C580003D001F0B3F900BFFDE7FFF7F7FA0346E9
:106C6800002B00D006E03B68002B03D001F0A6F90A
:106C780000BFFDE700F0F0FFFB699B6BBB61BB69E0
:106C8800002B1ED0BB695A1EFB699A63FB691B68FF
:106C9800002B04D1FFF7B2FC0246FB699A60FB693E
:106CA8001B69002B09D0FB6910331846FFF7CAF897
:106CB8000346002B01D000F0BDFF00F0DFFF0123E9
:106CC80083E03B68002B03D100F0D8FF00237CE071
:106CD8007B6A002B06D107F10C031846FFF782F9EF
:106CE80001237B6200F0CAFFFEF798FD00F0B4FFB5
:106CF800FB6993F844305BB2B3F1FF3F03D1FB6902
:106D0800002283F84420FB6993F845305BB2B3F165
:106D1800FF3F03D1FB69002283F8452000F0AEFF56
:106D28003A4607F10C0311461846FFF771F9034676
:106D3800002B2CD1F86900F046F90346002B20D02F
:106D4800FB691B68002B09D100F086FFFB699B6873
:106D58001846FFF799FA386200F090FFFB69243370
:106D68003A6811461846FFF711F8F86900F0D9F8A3
:106D7800FEF762FD0346002B7FF47CAF00F05AFF5C
:106D880078E7F86900F0CDF8FEF756FD72E7F86984
:106D980000F0C7F8FEF750FDF86900F014F9034653
:106DA800002B3FF467AF3B6A002B0DD000F054FF77
:106DB800F86900F00EF87861FB699B6879691846F4
:106DC800FFF77EFB00F05AFF002318462837BD4620
:106DD80080BD80B485B000AF78607B685B6A002BAB
:106DE80006D07B681B6B1B68C3F10803FB6001E0DE
:106DF8000023FB60FB6818461437BD465DF8047B2A
:106E0800704780B586B000AFF860B9607A6000233B
:106E18007B61FB689B6B3B61FB681B6C002B0DD196
:106E2800FB681B68002B4DD1FB689B681846FFF771
:106E3800BDFA7861FB6800229A6043E07B68002B0A
:106E480019D1FB685868FB681B6C1A46B968F9F7D2
:106E580019FAFB685A68FB681B6C1A44FB685A608D
:106E6800FB685A68FB689B689A422BD3FB681A68D0
:106E7800FB685A6026E0FB68D868FB681B6C1A46FA
:106E8800B968F9F7FFF9FB68DA68FB681B6C5B42C5
:106E98001A44FB68DA60FB68DA68FB681B689A4288
:106EA80007D2FB689A68FB681B6C5B421A44FB6854
:106EB800DA607B68022B05D13B69002B02D03B6965
:106EC800013B3B613B695A1CFB689A637B69184626
:106ED8001837BD4680BD80B582B000AF7860396094
:106EE8007B681B6C002B18D07B68DA687B681B6C8E
:106EF8001A447B68DA607B68DA687B689B689A4228
:106F080003D37B681A687B68DA607B68D9687B681A
:106F18001B6C1A463868F9F7B5F900BF0837BD4643
:106F280080BD80B584B000AF786000F095FE7B68C6
:106F380093F84530FB7311E07B685B6A002B12D035
:106F48007B6824331846FEF77DFF0346002B01D0EB
:106F5800FFF7C6F8FB7B013BDBB2FB7397F90F30F9
:106F6800002BE9DC00E000BF7B68FF2283F84520A6
:106F780000F084FE00F070FE7B6893F84430BB7329
:106F880011E07B681B69002B12D07B681033184610
:106F9800FEF758FF0346002B01D0FFF7A1F8BB7B93
:106FA800013BDBB2BB7397F90E30002BE9DC00E044
:106FB80000BF7B68FF2283F8442000F05FFE00BF1B
:106FC8001037BD4680BD80B584B000AF786000F052
:106FD80043FE7B689B6B002B02D10123FB6001E021
:106FE8000023FB6000F04AFEFB6818461037BD46D8
:106FF80080BD80B584B000AF786000F02DFE7B685E
:107008009A6B7B68DB6B9A4202D10123FB6001E03B
:107018000023FB6000F032FEFB6818461037BD46BF
:1070280080BD000080B584B000AF7860396000236F
:10703800BB607B68002B03D100F0C0FF00BFFDE7F9
:107048003B68002B24D00023FB601EE0174AFB6836
:10705800DB0013445B687A689A4205D1FB68DB0061
:10706800124A1344BB6013E0BB68002B0AD10F4AD5
:10707800FB6852F83330002B04D1FB68DB000B4A65
:107088001344BB60FB680133FB60FB68072BDDD949
:10709800BB68002B05D0BB683A681A60BB687A6881
:1070A8005A6000BF1037BD4680BD00BF580B002096
:1070B80080B586B000AFF860B9607A60FB687B6124
:1070C80000F0CAFD7B6993F844305BB2B3F1FF3F2F
:1070D80003D17B69002283F844207B6993F845300B
:1070E8005BB2B3F1FF3F03D17B69002283F84520EF
:1070F80000F0C4FD7B699B6B002B06D17B692433B0
:107108007A68B9681846FEF75FFE7869FFF709FFE5
:1071180000BF1837BD4680BD80B483B000AF78602B
:107128007B6803F108027B685A607B684FF0FF3286
:107138009A607B6803F108027B68DA607B6803F178
:1071480008027B681A617B6800221A6000BF0C374E
:10715800BD465DF8047B704780B483B000AF7860AB
:107168007B6800221A6100BF0C37BD465DF8047BBE
:10717800704780B485B000AF786039603B681B68A1
:10718800BB60BB68B3F1FF3F03D17B681B69FB6041
:107198000CE07B680833FB6002E0FB685B68FB601F
:1071A800FB685B681B68BA689A42F6D2FB685A6843
:1071B8003B685A603B685B683A689A603B68FA6863
:1071C8009A60FB683A685A603B687A681A617B681B
:1071D8001B685A1C7B681A6000BF1437BD465DF8EF
:1071E800047B704780B485B000AF78607B681B690A
:1071F800FB607B685B687A6892689A607B689B68CA
:107208007A6852685A60FB685B687A689A4203D168
:107218007B689A68FB685A607B6800221A61FB6881
:107228001B685A1EFB681A60FB681B6818461437EF
:10723800BD465DF8047B704780B584B002AF00237B
:107248007B6000F055FA0E4B1B68002B0BD00D4BE2
:1072580001930723009300234FF480720A490B48D7
:10726800FEF7E8F878607B68002B03D100F0A6FEF3
:1072780000BFFDE77B6818460837BD4680BD00BFE4
:10728800C80B0020CC0B002068E500083D730008FF
:1072980080B584B000AFF860B9607A6008E0FB6838
:1072A8009B69BA681344BB60FB681B6AF868984717
:1072B800FB689A69BB68D118BB687A68F86800F0FF
:1072C800D7F80346002BEAD100BF00BF1037BD46F0
:1072D80080BD000080B584B000AF78603960144B81
:1072E8001B68DB68DB68FB60FB6804331846FFF744
:1072F80079FFFB6893F8283003F00403002B05D0CE
:107308003A687968F868FFF7C3FF08E0FB6893F804
:10731800283023F00103DAB2FB6883F82820FB68E1
:107328001B6AF868984700BF1037BD4680BD00BF8C
:10733800C00B002080B584B000AF786007F1080367
:10734800184600F051F8F860BB681946F86800F074
:1073580005F800F0CFF800BFF0E7000080B584B072
:1073680000AF78603960FEF759FA07F1080318464C
:1073780000F05EF8F860BB68002B2AD13B68002B50
:107388000AD17A68FB689A4206D8FEF755FAF96876
:107398007868FFF79FFF1EE03B68002B08D0104B72
:1073A8001B681B68002B01D1012300E000233B6010
:1073B8000C4B18687A68FB68D31A3A681946FFF7C5
:1073C80077FEFEF739FA0346002B04D100F032FCB1
:1073D80001E0FEF731FA00BF1037BD4680BD00BF9F
:1073E800C40B0020C80B002080B485B000AF7860C3
:1073F8000E4B1B681B68002B01D1012200E0002204
:107408007B681A607B681B68002B05D1074B1B68DB
:10741800DB681B68FB6001E00023FB60FB68184623
:107428001437BD465DF8047B704700BFC00B0020D1
:1074380080B584B000AF7860FEF7F8FAF8600B4BBF
:107448001B68FA689A4205D200F02CF97B68012281
:107458001A6002E07B6800221A60044AFB68136025
:10746800FB6818461037BD4680BD00BFD00B002012
:1074780080B586B000AFF860B9607A603B600023E1
:107488007B61FB68BA685A60FB68FA681A61BA6877
:107498007B689A4212D87A683B68D21AFB689B6963
:1074A8009A4202D301237B611BE0104B1A68FB68E8
:1074B800043319461046FFF75CFE12E07A683B6811
:1074C8009A4206D2BA683B689A4202D301237B618A
:1074D80007E0074B1A68FB68043319461046FFF7A4
:1074E80048FE7B6918461837BD4680BDC40B00208E
:1074F800C00B002080B588B000AF3B1D00221A6089
:107508005A609A60DA60BBE07B68002B11DA3B1D99
:107518000433FB61FB69002B03D100F04FFD00BF72
:10752800FDE7FB691B68FA695068FA6992681146B9
:1075380098477B68002BC0F2A380FB68BB61BB69DE
:10754800002B00F09D80BB695B69002B04D0BB69F0
:1075580004331846FFF746FE3B461846FFF768FF18
:1075680078617B68013B082B00F2878001A252F802
:1075780023F000BFA1750008A1750008097600086E
:107588001D76000859760008A1750008A175000845
:10759800097600081D760008BB6993F8283043F087
:1075A8000103DAB2BB6983F82820BA68BB699B6912
:1075B800D118BB687A69B869FFF75AFF0346002BF0
:1075C8005DD0BB6993F8283003F00403002B09D081
:1075D800BA68BB699B6913447A691946B869FFF7A9
:1075E80057FE08E0BB6993F8283023F00103DAB2AC
:1075F800BB6983F82820BB691B6AB86998473EE0D5
:10760800BB6993F8283023F00103DAB2BB6983F829
:10761800282035E0BB6993F8283043F00103DAB23B
:10762800BB6983F82820BA68BB699A61BB699B6902
:10763800002B03D100F0C2FC00BFFDE7BB699A69CB
:107648007B69D1187B697A69B869FFF711FF17E080
:10765800BB6993F8283003F00203002B03D1B86903
:1076680000F078F90CE0BB6993F8283023F00103A7
:10767800DAB2BB6983F8282002E000BF00E000BF4F
:10768800074B1B68391D00221846FFF719FA0346F5
:10769800002B7FF439AF00BF00BF2037BD4680BD47
:1076A800C80B002080B582B000AF09E00E4B1B6804
:1076B800DB681B683B604FF0FF313868FFF70AFE54
:1076C800094B1B681B68002BF0D1074B1B687B60BC
:1076D800064B1B68044A1360044A7B68136000BFAA
:1076E8000837BD4680BD00BFC00B0020C40B00207A
:1076F80080B500AF00F0B0FA124B1B68002B1DD10B
:107708001148FFF709FD1148FFF706FD104B0E4A17
:107718001A60104B0D4A1A60002210210820FFF74A
:1077280074F80346074A1360064B1B68002B05D004
:10773800044B1B6808491846FFF774FC00F09EFAD2
:1077480000BF80BDC80B0020980B0020AC0B0020A8
:10775800C00B0020C40B002070E5000880B588B07D
:1077680000AF786000237B6100233B617B68002BBE
:1077780022D00823DB437A689A421BD808227B6808
:1077880013447B607B6803F00703002B14D07B68ED
:1077980003F00703C3F10803FB60FB68DB437A6867
:1077A8009A4204D87A68FB6813447B6004E000239B
:1077B8007B6001E000237B60FEF730F85E4B1B68BE
:1077C800002B01D100F020F97B68002BC0F29F80CC
:1077D8007B68002B00F09B80584B1B687A689A42A4
:1077E80000F29580564BBB61554B1B68FB61FB69EA
:1077F800544A934203D3FB69534A934214D900F085
:10780800DDFB00BFFDE7FB69BB61FB691B68FB6132
:10781800FB694C4A934203D3FB694B4A934203D911
:1078280000F0CCFB00BFFDE7FB695B687A689A4211
:1078380003D9FB691B68002BE5D13F4B1B68FA692C
:107848009A4264D0BB691B68082213447B617B6938
:107858003C4A934203D37B693B4A934203D900F0E5
:10786800ADFB00BFFDE7FB691A68BB691A60FB69DD
:107878005B687A689A4203D900F0A0FB00BFFDE775
:10788800FB695A687B68D21A08235B009A421CD9A4
:10789800FA697B681344BB60BB6803F00703002BDD
:1078A80003D000F08BFB00BFFDE7FB695A687B68DB
:1078B800D21ABB685A60FB697A685A60BB691A6851
:1078C800BB681A60BB69BA681A601C4B1A68FB6906
:1078D8005B68D31A194A1360184B1A681B4B1B684C
:1078E8009A4203D2154B1B68184A1360FB695B6800
:1078F8003B61FB695B6843F00042FB695A60FB69C6
:1079080000221A60124B1B680133114A1360FDF7FD
:1079180093FF7B69002B01D100F094FC7B6903F095
:107928000703002B03D000F049FB00BFFDE77B698C
:1079380018462037BD4680BDDC5B0020E05B002098
:10794800D45B0020D40B0020D35B0020E45B002034
:10795800E85B002080B584B000AF78607B68FB608E
:107968007B68002B43D008235B42FA681344FB6012
:10797800FB68BB60BB68204A934203D3BB681F4ABD
:10798800934203D900F01AFB00BFFDE7BB685B68B0
:10799800002B03DB00F012FB00BFFDE7BB681B6890
:1079A800002B03D000F00AFB00BFFDE7BB685B6853
:1079B800002B1CDABB681B68002B18D1BB685B68FE
:1079C80023F00042BB685A60FDF728FFBB685A687D
:1079D8000B4B1B6813440A4A1360B86800F06EF832
:1079E800084B1B680133074A1360FDF725FF00BFEA
:1079F8001037BD4680BD00BFD40B0020D35B0020EC
:107A0800E05B0020EC5B002080B485B000AF4FF451
:107A1800A043BB60244BFB60FB6803F00703002B0B
:107A28000CD0FB680733FB60FB6823F00703FB609F
:107A3800BA68FB68D31A1C4A1344BB60FB681B4A2C
:107A480013601A4B00225A60FA68BB6813447B60C3
:107A580008227B689B1A7B607B6823F007037B60A6
:107A68007B68134A1360124B1B6800225A60104B44
:107A78001B6800221A60FB683B603B687A68D21A70
:107A88003B685A600A4B1A683B681A603B685B6837
:107A9800084A13603B685B68074A136000BF1437E5
:107AA800BD465DF8047B7047D40B0020D45B0020F2
:107AB800DC5B0020E45B0020E05B002080B584B044
:107AC80000AF78602F4BFB6002E0FB681B68FB602F
:107AD800FB681B687A689A42F7D8FB68294A934280
:107AE8000BD0FB68284A934203D3FB68274A93428A
:107AF80003D900F063FA00BFFDE7FB68BB60FB68D1
:107B08005B68BA6813447A689A4208D1FB685A6875
:107B18007B685B681A44FB685A60FB687B607B681B
:107B2800BB607B685B68BA681A44FB681B689A424A
:107B380018D1FB681A68164B1B689A420DD07B68EF
:107B48005A68FB681B685B681A447B685A60FB6864
:107B58001B681A687B681A6008E00D4B1A687B6816
:107B68001A6003E0FB681A687B681A60FA687B6829
:107B78009A4202D0FB687A681A6000BF1037BD4687
:107B880080BD00BFD45B0020D40B0020D35B002055
:107B9800DC5B002080B400AF084B04221A60084B5D
:107BA80000221A60074B084A1A60044B07221A6021
:107BB80000BFBD465DF8047B704700BF10E000E0E1
:107BC80018E000E014E000E08FD0030080B582B038
:107BD80000AF00237B600A4B1B68B3F1FF3F03D063
:107BE80000F0ECF900BFFDE700F0E8F900BF7B68A2
:107BF800002BFCD000BF00BF0837BD4680BD00BFCA
:107C0800F05B002080B400AF084B1B68074A43F4C0
:107C180070031360064B1B68054A43F0404313602A
:107C280000BFBD465DF8047B704700BF88ED00E0EB
:107C380034EF00E080B400AF064B4FF080521A607A
:107C4800BFF34F8FBFF36F8F00BFBD465DF8047B56
:107C5800704700BF04ED00E080B500AF00F0AEF95A
:107C6800054B1B680133044A1360BFF34F8FBFF302
:107C78006F8F00BF80BD00BFF05B002080B500AFF4
:107C88000A4B1B68002B03D100F098F900BFFDE7F1
:107C9800064B1B68013B054A1360044B1B68002B0D
:107CA80002D1002000F097F900BF80BDF05B0020F2
:107CB80080B582B000AF00F081F97860FDF7C6FEAC
:107CC8000346002B03D0054B4FF080521A607868AA
:107CD80000F081F900BF0837BD4680BD04ED00E023
:107CE80080B584B000AF78607B689B69FB60FB68F7
:107CF800023B1B78FB72FB7A662B04D1FFF782FFED
:107D080000F032F903E000F059F900BFFDE700BFC9
:107D18001037BD4680BD000080B485B000AFF86064
:107D2800B9607A603B60FB68043BFB60FB684FF01E
:107D380080721A60FB68043BFB607A68FB681A6013
:107D4800FB68043BFB60384AFB681A60FB68043B2D
:107D5800FB60FB684FF012321A60FB68043BFB6063
:107D6800FB684FF003321A60FB68043BFB60FB685A
:107D78004FF002321A60FB68043BFB60FB684FF06F
:107D880001321A60FB68043BFB603A68FB681A60C2
:107D9800FB68043BFB60FB684FF011321A60FB681C
:107DA800043BFB60FB684FF010321A60FB68043B31
:107DB800FB60FB684FF009321A60FB68043BFB600C
:107DC800FB684FF008321A60FB68043BFB60FB68F5
:107DD8004FF007321A60FB68043BFB60FB684FF00A
:107DE80006321A60FB68043BFB60FB684FF0053203
:107DF8001A60FB68043BFB60FB684FF004321A60B2
:107E0800FB68043BFB60FB686FF043021A60FB6889
:107E1800043BFB60BA68FB681A60FB6818461437B5
:107E2800BD465DF8047B7047D57B000880B582B0FD
:107E380000AF144B1B687B607B682C331B68124AAD
:107E4800934203D000F0BAF800BFFDE77B683833EF
:107E58001B680E4A934203D000F0B0F800BFFDE75C
:107E680000F018F8FFF796FE094B00221A6000F0A0
:107E780095F8FDF705FFFFF7A9FE00231846083718
:107E8800BD4680BD08ED00E051800008F17F000884
:107E9800F05B002080B582B000AF00237B602E4BE2
:107EA8004FF07F421A602C4B1B681B0EDBB2FB7035
:107EB800FB78DBB203F05003DAB2284B1A70274B79
:107EC8001B78002B03D100F079F800BFFDE7FB78A1
:107ED800DBB2DB43DBB203F05003DBB2002B0BD089
:107EE80000F06CF800BFFDE77B6801337B60FB782E
:107EF800DBB25B00DBB2FB70FB78DBB203F0800324
:107F0800802BF1D07B68082B03D1154B00221A6017
:107F180004E07B68C3F10703114A1360104B1B6828
:107F28001B020F4A13600E4B1B6803F4E0630C4AF4
:107F380013600C4B1B680B4A43F47F031360094B17
:107F48001B68084A43F07F431360034B00221A6002
:107F580000BF0837BD4680BD1CED00E0F45B002083
:107F6800F85B002020ED00E00B4A1168086806C89D
:107F780081F30B88EFF3148151F0020181F3148827
:107F8800203080F30988BFF36F8F4FF0000080F333
:107F98001188104700BF0000180A00200648006832
:107FA800006880F3088862B661B6BFF34F8FBFF3ED
:107FB8006F8F66DF00BF00BF08ED00E0EFF31180B0
:107FC8004FF0500181F31188BFF34F8FBFF36F8FCC
:107FD800704700BF184680F31188BFF34F8FBFF377
:107FE8006F8F704700BF0000EFF309801EF0100F7D
:107FF80008BF20ED108AEFF30B82734620E9FC0FCF
:10800800104A116808604FF0500080F31188BFF3E0
:108018004F8FBFF36F8FFDF733FE4FF0000080F3F3
:108028001188084A11680868B0E8FC0F13F0100FAF
:1080380008BFB0EC108A82F30B8880F309881847D0
:1080480000BF0000180A00201EF0040F0CBFEFF359
:108058000880EFF309800149084700BFE97C000860
:1080680080B588B002AFF9F7A1FF00F007F9FDF776
:1080780095F900F06DF92F4BD3F88C302D4A43F069
:108088000403C2F88C302B4BD3F88C3003F0040374
:108098003B603B683B1D00221A605A609A60DA60B8
:1080A8001A614FF400537B600123BB600023FB601F
:1080B80000233B613B1D19461F48FCF7DBF90122F1
:1080C8004FF400511C48FCF733FB1C4800F0BAFB86
:1080D8001B4800F0B7FB1B4800F0B4FB0120FEF77B
:1080E80018FC0346184A1360174B1B68002B03D172
:1080F800FFF764FF00BFFDE700230193022300930D
:1081080000234FF4807211491148FDF793F90023B9
:1081180001930123009300234FF480720D490E4808
:10812800FDF788F90D4800F08DFBFDF743FB00BF14
:10813800FDE700BF000C02440008024278E5000891
:10814800B0E50008ECE50008FC5B00201CE6000830
:108158006981000824E60008DD81000828E6000897
:1081680080B584B000AF78600023FB604FF4005105
:108178001348FCF7F5FAFB680133FB60FB6803F072
:108188000103002B01D00F4B00E00F4BBB600F4BDE
:108198001B684FF0FF311846FEF745FDFA68B968CD
:1081A8000B4800F0DDFA094B186800230022002173
:1081B800FEF7C7FB4FF4FA70FDF780FAD6E700BF69
:1081C8000008024248E600084CE60008FC5B002074
:1081D80050E6000880B584B000AF7860FDF726FC53
:1081E800F8600C4B1B684FF0FF311846FEF71BFD7B
:1081F800F968094800F0B4FA064B18680023002211
:108208000021FEF79EFB4FF47A70FDF757FA00BF86
:10821800E4E700BFFC5B002070E6000880B500AF13
:10822800F9F772FF00BF80BD80B582B000AF7860FB
:1082380039603968024800F093FA00BFFDE700BFD3
:108248008CE6000880B500AF024800F0FBFA00BFDA
:10825800FDE700BFACE6000880B582B000AF7860EB
:10826800391D4FF0FF3301220348FCF7EDFA7B6814
:1082780018460837BD4680BD005C002080B59CB01C
:1082880000AF07F12003502200211846F8F786FEB8
:1082980007F1080300221A605A609A60DA601A61CE
:1082A8005A61294B1B69284A43F030031361264B56
:1082B8001B6903F030037B607B6800BF224B5B695E
:1082C80003F00803082BF9D102233B620123FB6268
:1082D80000233B6340237B630223BB640123FB64CD
:1082E80010233B657D237B650223BB650223FB6569
:1082F80002233B660023FB6604237B660023BB66E0
:1083080007F120031846F9F71FFF1F23BB6003235B
:10831800FB6000233B6100237B610023BB610023DA
:10832800FB6107F1080305211846FAF745FB074BDF
:108338001B6823F03003054A43F02003136000BF95
:108348007037BD4680BD00BF0008024400200240CF
:1083580080B588B000AF2B4BD3F88C30294A43F056
:108368000103C2F88C30274BD3F88C3003F001039B
:10837800BB60BB68234BD3F8A430224A43F4804344
:10838800C2F8A4301F4BD3F8A43003F480437B60B9
:108398007B6807F10C0300221A605A609A60DA6061
:1083A8001A614FF4C063FB6002233B6100237B61C9
:1083B8000223BB610723FB6107F10C03194612482E
:1083C800FCF758F8114B124A1A60104B4FF4E1327F
:1083D8005A600E4B00229A600C4B0022DA600B4B5D
:1083E80000221A61094B0C225A61084B00229A613B
:1083F800064B0022DA610548FCF7CCF900BF2037AC
:10840800BD4680BD000C024400000242005C002012
:10841800003801402DE9F04F8C46099E04460F466E
:10842800002B48D18A4215465ED9B2FA82F33BB195
:10843800C3F120029F409D409C4020FA02F217435E
:108448004FEA154E1FFA85FC220CB7FBFEF10EFB16
:10845800117701FB0CF042EA0742904207D9AA18AB
:1084680001F1FF3702D2904200F258813946121AC0
:10847800A4B2B2FBFEF00EFB102200FB0CFC44EA97
:108488000244A4450BD92C1900F1FF322CBF012757
:108498000027A44502D9002F00F04381104640EA86
:1084A8000140A4EB0C0400211EB1DC400023C6E906
:1084B8000043BDE8F08F8B4206D90EB1C6E9000132
:1084C80000210846BDE8F08FB3FA83F1002951D1A5
:1084D8006345C0F01681824240F213810846002E9F
:1084E800E7D0C6E90047E4E7002A00F0AF80B2FA17
:1084F80082F3002B40F0C2808A1A4FEA154EAFB2C1
:108508000121200CB2FBFEFC0EFB1C2240EA0242B9
:1085180007FB0CF090420ED9AA180CF1FF382CBFBB
:108528004FF001094FF00009904203D9B9F1000F4B
:1085380000F0F080C446121AA4B2B2FBFEF00EFBA3
:10854800102200FB07F744EA0244A7420ED92C196F
:1085580000F1FF322CBF4FF0010E4FF0000EA74282
:1085680003D9BEF1000F00F0D2801046E41B40EAA8
:108578000C4099E7C1F120058B400CFA01F400FA90
:1085880001F922FA05F72CFA05FC8A401F4320FA64
:1085980005F3380C23431FFA87FE1C0CBCFBF0F8CC
:1085A80000FB18CC44EA0C4408FB0EFCA4450ED989
:1085B8003C1908F1FF3A2CBF4FF0010B4FF0000BAC
:1085C800A44503D9BBF1000F00F0B880D046A4EB56
:1085D8000C041FFA83FCB4FBF0F300FB134403FB09
:1085E8000EFE4CEA0444A6450ED93C1903F1FF30AF
:1085F8002CBF4FF0010C4FF0000CA64503D9BCF17D
:10860800000F00F09F80034643EA0840A4EB0E04E5
:10861800A0FB02EC64457346E04602D307D1F1455E
:1086280005D2BEEB02036CEB070C0138E0465EB1E5
:10863800B9EB030264EB080404FA05F522FA01F326
:10864800CC401D43C6E90054002132E742082F46BA
:108658004B08AC4642EAC172AE46C407110C92B24E
:1086680041EA034142EA0142B1FBF5F1B3FBF5F0FF
:108678001F23A2EB0C0241EA004142E79D40C3F1EF
:10868800200299409C402CFA02FC4FEA154E20FA31
:1086980002F2AFB2BCFBFEF80A430EFB18CC110C79
:1086A80041EA0C4108FB07FC8C4550D9691808F1D0
:1086B800FF302CBF4FF001094FF000098C4502D95B
:1086C800B9F1000F30D0A1EB0C01B1FBFEF808FBAB
:1086D80007FC0EFB181192B242EA0142624534D2FD
:1086E800AA1808F1FF312CBF4FF001094FF000091B
:1086F8006245BED2B9F1000FBBD1A8F102012A44EC
:10870800B7E7841A6CEB030201201746E7E62C440E
:1087180002382BE7ACF1020C2A440CE702392A4450
:10872800A5E62C440238BAE6A5EB0C0CA8F1020029
:108738006144B1FBFEF808FB07FCCAE7A8F1020890
:108748003C4444E7023B3C445EE7414691E7A1EBE9
:108758000C014046B1FBFEF808FB07FCB9E700BF77
:108768000FB4084900B583B0086804AB816853F8B2
:10877800042B019300F09CF803B05DF804EB04B0FF
:10878800704700BF0C00002030B5054689B0084688
:108798000C4600F05FF82A4B01220494069304ABC0
:1087A80081180792019302226B6BAC680590CDE9A2
:1087B8000221002B40D0636EB4F90C20D8071AD5DB
:1087C800910421D442F4005223F40053A281636639
:1087D800284601AA214602F011FA0028636E14BF48
:1087E8004FF0FF350A25DA0702D4A3899B0510D577
:1087F800284609B030BD900511D59104E2D59B04F7
:10880800E6D54FF0FF35F0E79B04E1D54FF0FF3593
:10881800EEE7A06DF8F792FC284609B030BDA06DD0
:10882800F8F78AFCB4F90C20636E9004CAD5990451
:10883800CED54FF0FF35D6E72846F8F719FBBAE74B
:1088480004E70008024B01461868FFF79DBF00BF08
:108858000C00002020F0030110F00300C0F100001C
:1088680051F8043B00F1040C4FEACC0C6FF0000205
:108878001CBF22FA0CF213434FF0010C4CEA0C2CEB
:108888004CEA0C4CA3EB0C0222EA030212EACC12CB
:1088980004BF51F8043B0430F4D0C2F1000102EAED
:1088A8000102B2FA82F2C2F11F0200EBD200704755
:1088B8002DE9F04FDBB01C46824606910DF1A80861
:1088C80008920E9302F042FC036818461693FFF7CD
:1088D800C1FF0822159000214046F8F75FFBBAF166
:1088E800000F04D0DAF83430002B01F0FE81069B2B
:1088F8005A6EB3F90C30D00740F13881990400F171
:10890800478743F40053069922F400528B811BB227
:108918004A661D0740F1BC80069A1269002A00F0D9
:10892800B78003F01A020A2A00F0C1800023CDF8AC
:1089380010A09E46CDE92F3331ABCDF85CE0CDF8E1
:1089480060E01C462E93CDF824E0CDF844E09FED7E
:10895800927BCDE919EE8DED127B089E049F904B1A
:10896800D3F8E45002F0ECFB3246034626A9384619
:10897800CDF80080A8470028034600F0B780C0F271
:10898800AD80269A252A01D01E44E8E7089B0546B3
:10899800F71A40F0AF8000234FF0FF32751C96F8AD
:1089A80001908DF88F300A93079203930135A9F14E
:1089B80020035A2B00F2F680DFE813F09704F40046
:1089C800F4008F04F400F400F4006D04F400F400E3
:1089D80052036403F4005D03AB04F400A3045B00DA
:1089E8005B005B005B005B005B005B005B005B00A7
:1089F800F400F400F400F400F400F400F40065015D
:108A0800F40096021604650165016501F400F4009E
:108A1800F400F4000E04F400F400D703F400F400AA
:108A2800F400BE02F4004F04F400F4009A08F400C5
:108A3800F400F400F400F400F400F400F40065011C
:108A4800F4009602BC016501650165014304BC019F
:108A5800B501F4003704F400C70396036A03B501AF
:108A6800F400BE02B2010703F400F400C808F400E1
:108A7800B201A9F13003002202EB820215F8019B32
:108A880003EB4202A9F13003092BF5D90A928EE7CC
:108A9800069D5046294602F023FA002841F0D68761
:108AA800B5F90C3003F01A020A2A7FF43FAF069991
:108AB800B1F90E20002AFFF639AF4A6ED20702D468
:108AC8009F0541F168832346089A0699504602F0AB
:108AD80043F8099009985BB0BDE8F08F082200219F
:108AE8004046F8F75BFA01231E4438E7089B054621
:108AF800F71A11D0089B2F9AC4E900370132309B2E
:108B0800072A3B442F92309312DC0834099B3B44DC
:108B18000993002D7FF43FAF309BDDF810A0002BA8
:108B280041F02F830022069B2F92B3F90C3011E0FD
:108B38002EAA0699049802F051F840B931ACE5E73D
:108B4800DA460B9B1BB10B995046F8F765FB069B61
:108B5800B3F90C30069A526ED40740F1D7805A0602
:108B680000F12F8209985BB0BDE8F08F9F0540F1B6
:108B780018829E047FF5C5AE95047FF5CAAE069BA4
:108B88009B899E0500F11D82069B986DF8F7D6FA21
:108B980017E200BFAFF300800000000000000000F3
:108BA800740500200895B9F1000FB5D00023012203
:108BB80041AF8DF804918DF88F300B930C92079389
:108BC80014930592CDE90F33039B309D13F0840372
:108BD800AE4600F0E9809DF88F20EAB12F98002674
:108BE800013001220135626007280DF18F02CDE9BD
:108BF8002F05226000F35F8408346EB12F9801308E
:108C080024AA0235226007284FF00202CDE92F0579
:108C1800626000F35D840834802B00F09783079B23
:108C28000C9A9E1A002E00F3D080039BDB0500F1FE
:108C380004810C9B27601D4463602F9B3095013392
:108C4800072B2F9300F3E5830834039B5E0705D5B4
:108C58000A9B059A9E1A002E00F348840599DDE9BF
:108C680009328A42ACBF9B185B180993002D40F06B
:108C7800AA8300232F930B9B1BB10B990498F8F739
:108C8800CBFA31AC69E60E9B4FF0FF3208950733FB
:108C980023F00701A34BB1EC027B57EC176B0E9145
:108CA80027F000418DED1C7A1D91DDE91CAB8DED9F
:108CB800127B50465946F7F7B1FF002840F014865A
:108CC8004FF0FF32974B50465946F7F789FF054654
:108CD800002840F00986039B00223046394623F0DD
:108CE800800303930023F7F771FF002841F0C38343
:108CF800B9F1470F9DF88F30CCBF8B4F8B4F002BAE
:108D080041F0668503220B930C9258E799053FF5CD
:108D180026AF069CA06DF8F711FAB4F90C301EE7DF
:108D280095F8009042E6039B95F8009043F02003E5
:108D380003933BE603990895880640F1B2850E9B9C
:108D48000391073323F007031A465B6852F8085B60
:108D58001E460E92002BC0F25982079A002AC0F2D2
:108D68004981039B23F08003039355EA060340F0EF
:108D78004181131E18BF0123002A40F03B811A4687
:108D88000B939DF88F305AAF309D191E039BAE464A
:108D9800079218BF012113F084030C9205911492D5
:108DA800CDE90F227FF417AF0A9A0599561A002EBB
:108DB80000F3B8849DF88F20002A7FF40FAF079B3B
:108DC8000C9A9E1A002E7FF730AF102E2F9ADFF8DC
:108DD80060A123DD29461023DDF810B0069D02E0CE
:108DE800103E102E19DD013210315148072AC4E90E
:108DF8000003CDE92F2104F10804F1DD2EAA29464C
:108E0800584631AC01F0EAFE00287FF499AE103ED6
:108E18001023102EDDE92F21E5DC0D460132354403
:108E2800C4F800A0072A6660CDE92F2500F3A484C2
:108E3800039B0834DB057FF5FCAEB9F1650F40F301
:108E4800F28200220023DDE91201F7F7B5FE0028BF
:108E580000F08D832F9B0135364A0133309522600F
:108E68000122072B2F93626000F35E870834259B4D
:108E7800119A934280F29084159B169A1D44C4E976
:108E880000232F9B30950133072B2F9300F38F86F8
:108E98000834119B5E1E002E7FF7D7AE102E2F9B35
:108EA800DFF88CA040F3AB821027DDF81090DDF8D6
:108EB80018B003E0103E102E40F3A18201331035A4
:108EC800072BC4E900A7CDE92F3504F10804F1DD2B
:108ED8002EAA5946484601F081FE002840F0028734
:108EE80031ACDDE92F35E5E70E9BB9F1430F089565
:108EF80003F1040500F08786039BDE0600F18386F4
:108F08000E9B41AF1B688DF80431012305930C9328
:108F180000230E958DF88F300B9307931493CDE9AA
:108F28000F3351E6FFFFEF7F0CE7000808E7000862
:108F3800B0E8000848E700080E9E0023089556F898
:108F4800047B8DF88F30002F00F04D86B9F1530F58
:108F580000F0F686039B13F010030F9340F0F086A1
:108F6800079B002BC1F2FF801A460F99384602F082
:108F7800F1F89DF88F300B90002801F0FF830B9AD1
:108F8800D21B0C9222EAE27205920BB101320592D1
:108F98000F9B4FF073090E960793149310930B933E
:108FA80012E6069DA86DF8F7C7F8B5F90C306A6E99
:108FB80098047FF5A6AC91047FF5ABACD7077FF595
:108FC800DEAD4FF0FF330993CCE5039908958F0682
:108FD80040F147840E9B002207338DF88F2023F041
:108FE80007035E6853F8085B0E93079B934280F271
:108FF800D98303910A2D76F1000380F0FE86079B42
:1090080030359DF88FC00DF26717012B8DF8675129
:10901800B8BF0123059300230F9301230C9300236A
:109028000B93BCF1000F02D0059B013305930F9BF6
:10903800002B01F07C85059B02330593039BDDE93A
:109048002F0513F08403AE46024600F0C881BCF138
:10905800000F40F08582CDF850C0CDE90FCCCEE5A9
:109068000E9B53F8042B002A0A9280F2A6830A9AD0
:109078000E9352420A92039B95F8009043F0040322
:10908800039393E42B2395F800908DF88F308DE4AB
:1090980000220E99089547F63003079D51F8040BF6
:1090A8009542ADF890308DF88F200346C0F2518577
:1090B800039D25F0800545F002050395002840F042
:1090C80010870798002840F00C874FF078090E9118
:1090D800039A00239DF88FC05AAF02F0020205934D
:1090E8000C930F9207939AE703980895810640F12D
:1090F800A7830E9B073323F007031A46596852F8D3
:10910800083B0E9200228DF88F20079A002A3EDB3A
:1091180020F490620392079A002A3BD153EA010295
:1091280014BF0122002235D110F00101059100F091
:10913800498330230DF2671707928DF867310C9138
:109148000B921492CDE90F223EE5039A0E9B9206EC
:10915800089503F1040140F1B6831B68099A1A6067
:10916800D2175A600E91FFF7F8BB039B08959D062E
:1091780043F01000BDD40E9B1A1D0E9B00210E92C9
:1091880000221B688DF88F20079A002AC0DA20F485
:10919800806203925AAF03F00702DB08384643EABD
:1091A80041733032C90807F8012D53EA0105F2D19D
:1091B800302A03D0039BDD0700F18B845AAB079A52
:1091C800DB1B9A420C93B8BF1A46059200230B93F7
:1091D8001493CDE90F33F7E4039B95F8009043F01F
:1091E80008030393FFF7E2BB039B08959D0643F032
:1091F80010013FF5A4AD0E9B1A1D0E9B03911D682F
:109208000E92EE173346002BBFF6A7AD2D236D4205
:109218008DF88F3066EB4606079B002BFFF6EAAE0B
:10922800039B23F080030393E4E695F80090039BE7
:10923800B9F16C0F00F0C78443F010030393FFF7F4
:10924800B5BB95F80090039BB9F1680F00F0C38493
:1092580043F040030393FFF7A9BB039B089543F032
:1092680010019B063FF5B6AE0E9B1A1D00260E9BFD
:1092780007981B68B0428DF88F601D46C1F2F880D0
:1092880021F080010E920391002B7FF4B3AE0028E9
:109298003FF41EAFAEE6049F384601F057FF43681F
:1092A80018461893FFF7D6FA1A900646384601F082
:1092B8004DFF836895F800901993002E3FF476AB24
:1092C800002B3FF473AB1B78002B3FF46FAB039B71
:1092D80043F480630393FFF769BB039B95F8009001
:1092E80043F001030393FFF761BB9DF88F3095F8B6
:1092F8000090002B7FF45AAB20238DF88F30FFF7B6
:1093080055BB039B95F8009043F080030393FFF748
:109318004DBB294611F8019BB9F12A0F01F0B4831E
:10932800A9F13003092B01F28481002202EB8202A9
:1093380011F8019B03EB4202A9F13003092BF5D97F
:1093480042EAE2730D460793FFF731BB0A9B059A81
:109358009E1A002E7FF763AC102E2F9ADFF83CA6DA
:1093680025DD294610235546DDF818B0DDF810A094
:1093780002E0103E102E18DD01321031072AC4E930
:109388000053CDE92F2104F10804F2DD2EAA594635
:10939800504601F023FC00287FF4D3AB103E31ACDB
:1093A8001023102EDDE92F21E6DCAA460D460132F6
:1093B8003544C4F800A0072A6660CDE92F2500F3DC
:1093C800EA8308342BE42EAA0699049801F006FCD7
:1093D80000283FF44EACDDF810A0FFF7B2BB0A9EA0
:1093E80005991493761A002ECDE90F3300F35381B3
:1093F800BCF1000F3FF403AC0226FFF7F1BB0133C9
:109408003544C4F800A0072B6660CDE92F357FF7F7
:109418001BAC2EAA0699049801F0E0FB0028DAD1CB
:10942800309D31AC11E4119B01352F9E04F10809E0
:10943800012B06F1010640F315810123072E276051
:109448006360CDE92F6500F31384159B0136169AE6
:109458001D44072EC9E90023CDE92F6500F3FA83DF
:1094680009F10809119B00225C1E0023DDE91201A5
:10947800F7F7A2FB002840F0578101360137254451
:10948800C9F80440072EC9F80070CDE92F6500F32C
:10949800F58009F10809179B01361D44C9F8043005
:1094A800072E28ABCDE92F65C9F80030B1DC09F1EA
:1094B8000804FFF7CABB2EAA069904981B9301F06B
:1094C8008DFB002887D1309D31AC1B9BFFF795BBE6
:1094D8002EAA069904981B9301F080FB00287FF4BC
:1094E8007AAF309D31AC1B9BFFF796BB102E2F9B9C
:1094F800DFF8ACA420DD1027DDF81090DDF818B0F7
:1095080002E0103E102E17DD01331035072BC4E999
:1095180000A7CDE92F3504F10804F2DD2EAA59463B
:10952800484601F05BFB002840F0DC83103E31AC7C
:10953800102EDDE92F35E7DC01333544072BC4E96C
:1095480000A6CDE92F357FF789AB2EAA0699049896
:1095580001F044FB00287FF43EAF309DFFF77EBB4F
:10956800002202261492CDE90F22FFF739BB259974
:10957800002940F331810F9B119A9342A8BF1346EB
:10958800002B99460ADD1D44C4E900732F9B3095D2
:109598000133072B2F9300F39E8708340F9EB9F1F0
:1095A800000FA8BFA6EB0906002E00F3B184039AAA
:1095B8000F9B50053B4400F1AB86259E119A9642BD
:1095C80003DB0399C90740F1AD85159A169915442F
:1095D800C4E900122F9A30950132072A2F9201F31D
:1095E80003800834119A1744961BFF1AB742A8BF84
:1095F8003746002F0ADD23603D442F9B6760013307
:109608003095072B2F9301F31F800834002FA8BF34
:10961800F61B002E7FF719AB102E2F9BDFF87CA3CB
:109628007FF7EDAE1027DDF81090DDF818B003E0F5
:10963800103E102E7FF7E3AE01331035072BC4E937
:1096480000A7CDE92F3504F10804F1DD2EAA59460B
:10965800484601F0C3FA002840F0448331ACDDE904
:109668002F35E5E7039BDB073FF5E7AE0123072E20
:1096780027606360CDE92F657FF70DAF2EAA0699A5
:10968800049801F0ABFA00287FF4A5AE0DF1C409E7
:10969800DDE92F65FFE60223102E7146DFF800A3EF
:1096A8002ADD1B935346A446BA461025DDF810B0B0
:1096B800069C1F4602E0103E102E18DD01321031C4
:1096C800072ACCE90075CDE92F210CF1080CF2DD51
:1096D8002EAA2146584601F081FA0DF1C40C002843
:1096E8007FF42EAA103E102EDDE92F21E6DC384645
:1096F800644657461B9B8246501C7518C4F800A048
:1097080007286660CDE92F0500F3D6829DF88F20E3
:109718000834002A40F09080002B3FF480AA1346BA
:10972800FFF76DBA2F9AB7E7119B012B7FF7B3AEFE
:10973800112BDFF868A240F3DE831027DDF810B0A4
:1097480003E0103C102C40F3D68301361035072E69
:10975800C9E900A7CDE92F6509F10809F1DD2EAAAD
:109768000699584601F03AFA00287FF4E9A90DF164
:10977800C409DDE92F65E4E72EAA0699049801F0EB
:109788002DFA00287FF427AE309D31ACFFF74DBA93
:1097980092047FF5BEA814E4039BDF077FF555AA62
:1097A800FFF76ABB21F080020392002B7FF422AC02
:1097B80055EA06033FF48CAC1CE495F800900E9330
:1097C800FFF7F4B8059A5AAF07920C9214920B92CD
:1097D800CDE90F22FFF7F8B92F9B01356C4A013309
:1097E800309522600122072B2F93626000F3578681
:1097F8000834119B0B4300F0E486159B169A1D4410
:10980800C4E900232F9B30950133072B2F9300F3D6
:109818007D8604F108020029C0F22F8711990133CF
:1098280017600D44072B5160CDE92F353FF7F1AD97
:1098380002F10804FFF709BA1E460023FFF7D0B962
:1098480003990E9A11F0100152F8043B41F0468139
:10985800039D15F0400000F095839BB228460E92B8
:1098680050E403990E9A11F0100652F8043B7FF465
:10987800FDAC039810F0400100F08F839DB2079B68
:109888008DF88F60002BC0F2678420F080010E9263
:109898000391002B7FF4AEAB002D3FF419ACFFF71A
:1098A800A9BB039B0E9AD90652F8045B01F11981F2
:1098B800039B5B0640F18A8345F3C0360E922DB2B6
:1098C8003346FFF747BA039BDB0600F10E83039B81
:1098D8005F0600F13384039B9E0540F106830E9BCF
:1098E800099A1B681A703DE4DDE9120102460B462D
:1098F800F7F794F90646002840F0748729F0200B02
:10990800BBF1410F40F06D833023B9F1610F8DF841
:10991800903014BF582378238DF89130079B632B20
:1099280000F34484DDE91212002AC0F2028741AF35
:109938001B900B909DED127B8DED207B25A89DED56
:10994800200B01F047FC00224FF07F5351EC100B25
:10995800F6F7CAFE02460B46CDE90C230022002387
:10996800F7F72AF908B101232593B9F1610FCDF86A
:109978003C903E46BB460CBF064B074B0593079BE6
:10998800DDF814A0591E07948946DDE90C4513E05B
:1099980048E7000818E700082CE70008B0E80008C6
:1099A800C0E800080022002309F1FF37F7F704F99F
:1099B800002840F07887B9460022B44B2046294653
:1099C800F6F792FE0D460446F7F73EF90746F6F716
:1099D80021FE02460B4620462946F6F7CDFC1AF82A
:1099E8000730B9F1FF3F324604460D4606F8013B01
:1099F800D8D19246A64B0022DDF83C90CDE90C4523
:109A08003D46079C5F46F7F7FFF840B90022A04B98
:109A1800DDE90C01F7F7D0F8D8B1EB0719D5059BAC
:109A28003246CDF8B0A0D97B16F8013C8B4209D15B
:109A3800302002F8010C2C9A531E2C9312F8013C8A
:109A48008B42F6D0392B00F0EE870133DBB202F8F7
:109A5800013C039B259A43F00201F31B119309F182
:109A68000F038DF8A030531E002B2593C0F2B28748
:109A78002B22092B8DF8A12000F3F7830DF1A20208
:109A8800303302F8013B28ABD31A1793119B179A6E
:109A9800012B1A440C9240F347860C9B159A1344E9
:109AA8000C9321F4806301F0020243F480730F9257
:109AB80003930C9B23EAE37305931B9B002B00F095
:109AC8002D864FF02D0C00238DF88FC00793FFF7DC
:109AD800ABBA30230238079A07F8013C5AAB07465D
:109AE8001B1A9A420C93B8BF1A460592FFF76EBB31
:109AF80068480895039B0E9913F0200200F09B809C
:109B0800073121F007014A6851F8083B53EA02057A
:109B1800039E14BF01250025F60702D5002D40F04D
:109B2800E98000268DF88F60079E002EC0F2B8806D
:109B3800039E26F490660396079E002E40F0EC8064
:109B4800002D40F0E9800E91FFF7C2BA52480895FF
:109B5800D0E7039894460E914FF0780940F0020040
:109B6800022103904C480F915AAF03F00F011B09D3
:109B7800415C43EA0273120907F8011D53EA020126
:109B8800F3D15AAB079ADB1B9A420C93B8BF1A461B
:109B98000592FFF744BA2EAA0699049801F01EF818
:109BA80000287FF418AC309D31ACFFF738B82EAAE6
:109BB8000699049801F012F800287FF40CAC309D47
:109BC80031ACFFF766B943F0200395F801900135F1
:109BD8000393FEF7EBBE43F4007395F8019001354B
:109BE8000393FEF7E3BE079B3A460797062B0E96AC
:109BF800149228BF0623CDE90F22CDE90B730593F4
:109C0800264FFEF7E1BF082200212CA841AFF7F745
:109C1800C5F90E9A2CAB04981268394603F05CF922
:109C280003460C90013300F002870C9B23EAE37390
:109C38000593FFF76DB9039D51F8043B15F0100526
:109C48007FF464AF039A12F0400600F093819BB250
:109C58002A465BE72EAA0699049800F0BFFF002861
:109C68007FF4B9AB0DF1C409DDE92F65FFF7FABB45
:109C78002EAA0699049800F0B1FF00287FF4ABAB38
:109C88000DF1C409DDE92F65FFF7DFBB00003040A7
:109C98000000E03F2CE7000818E7000840E700084C
:109CA800039D25F4806503950E914FF0000C0399F0
:109CB80001F002010F9157E72EAA069904981B9309
:109CC80000F08CFF00287FF486AB9DF88F20309D34
:109CD8001B9B002A00F046811E4631AC03462F9894
:109CE800FEF77EBFCA46FEF72CBF5046F7F7C0F80E
:109CF800FEF7FDBD30258DF891908DF89050002528
:109D08008DF88F50079D002DC0F2FB82039D25F42E
:109D1800906545F0020503950E9103999DF88FC053
:109D280001F002010F911FE72EAA0699049800F08E
:109D380055FF00287FF44FAB309D31ACFFF797B843
:109D48000DF1B00A0822002127975046F7F726F9A7
:109D5800079B002BC0F27D83002505940B969B463C
:109D68002C46049E0EE041A9304603F0B5F8421C8B
:109D780005F10405204400F0E684584507DC00F0AE
:109D8800F7840446279A53465259002AEBD10C947B
:109D98000B9E059C0C9B002B00F08E83632B40F3DD
:109DA8008E84591C0498F7F72BFB0746002800F00F
:109DB800B5860B90082200215046F7F7EFF80C9D66
:109DC80027AA39462B460498CDF800A003F0AAF834
:109DD800854240F09B860C9900237B5421EAE1716F
:109DE8009DF88F200591002A40F03D8407920E9639
:109DF8001492CDE90F22FEF7E7BE039B00220594DB
:109E08005AA903F48063CDF82C90DFF898B39646EE
:109E18001C46DDF8649023E0AB19AA463046394663
:109E280043F10003ABFB032C2CF0030202EB9C0272
:109E38009B1A4FF0CC32EB1A66F1000602FB03F2D4
:109E4800BAF10A0FA3FB0B530BFB06224FEA550589
:109E580070F10000134445EAC3754FEA53062BD34B
:109E6800AB190EF1010E01F1FF3743F10003ABFB13
:109E7800032020F0030202EB90029B1AEB1AA3FBCB
:109E88000B3266F100005B080BFB002243EAC27349
:109E980003EB8303A5EB4303303301F8013C002CAB
:109EA800BAD099F80030FF2BB6D07345B4D10A2D3B
:109EB80076F1000380F03B8300225AAB059CDB1B44
:109EC8000F92079ACDF864909A42DDF82C909DF88D
:109ED8008FC0B8BF1A46CDF844E00C930592FFF73F
:109EE8009EB8AF484FF0780916E70E9B099A1B6891
:109EF8001A60FFF737B901362544C9F800A0072EC4
:109F0800C9F80440CDE92F657FF7C3AAFFF7B6BBB0
:109F1800102E2F9BDFF890A240F3F58051462A4679
:109F2800BA464FF01009DDF810B00F46069D03E061
:109F3800103E102E40F3E38001331032072BC4E9A2
:109F48000079CDE92F3204F10804F1DD2EAA294663
:109F5800584600F043FE00287EF4F2AD31ACDDE94E
:109F68002F32E5E7002B00F0DA8013462F9831AC4A
:109F7800FEF745BE039A12F400723FF4C7ADDBB298
:109F88003246C3E5039D15F4007100F0E8800146F0
:109F9800DBB228460E92FFF7B5B8039810F40076A6
:109FA80040F0D28007991D468DF88F600029C0F2D5
:109FB800D38003980E9220F080000390002B7FF44A
:109FC80019A800293FF484A8FFF714B8039B0E9240
:109FD8009F0540F1AF8045F3C0166DB23346FEF7DA
:109FE800B9BE079A039B551C43F4807ADDE9120138
:109FF8000B4600F0F0801AB9BBF1470F00F0A284BD
:10A00800002BC0F2888400239DED127B1B938DEDFD
:10A018001E7BB9F1650F00F0F68200F3F380B9F109
:10A02800450F00F0F082B9F1460F40F0EF80079B32
:10A03800032111932CAB119D0498019327AB2A4659
:10A04800009325AB9DED1E0B01F092F9BBF1460F75
:10A058000746054440F04B843B78302B00F03784AA
:10A06800259B1D4400220023DDE91E01F6F7A4FD0F
:10A07800002840F0B2832C9B9D4240F26785302136
:10A088005A1C2C9219702C9BAB42F9D3259ADB1BD6
:10A09800BBF1470F0F92119300F0CE80BBF1460F32
:10A0A80040F0D280039B0F9903F00103079A00291F
:10A0B80043EA020340F3F484002B40F081830F9BB2
:10A0C8004FF066090C93039B5B0500F1B6830C9B6C
:10A0D80023EAE37305931B9B002B00F09982059BF1
:10A0E800CDF80CA00133059300231A460B932D23BA
:10A0F80007928DF88F3014921092FEF765BD1546C1
:10A108003A465746924601333544C4F800A0072B17
:10A118006660CDE92F3569DC0834FFF748BA31AC01
:10A12800FEF77DBD1744961BFF1AB742A8BF3746F6
:10A13800FFF76CBAEE173346FEF70CBE0E9B099A72
:10A148001B681A80FFF70EB8DDB2079B0E468DF824
:10A158008F10002BBFF699AB0E92FEF74BBF0398FA
:10A168000E92FEF7CFBF3846FEF774FB9DF88F308E
:10A1780020EAE0720C900592002B3EF409AFFEF73E
:10A1880005BF2EAA0699504600F028FD00283EF487
:10A19800C9ACFEF7DCBC886DF6F7D0FFFEF793BCC0
:10A1A80018E70008CDCCCCCCB0E80008591C0498BE
:10A1B800F7F726F90746002800F03984DDE912127E
:10A1C800002AC0F2CB831B960B909DED127B8DED80
:10A1D800207BFFF7B3BB0029C0F2C98306231B9677
:10A1E8009DED127B07938DED1E7B12E72EAA069933
:10A1F800049800F0F3FC00287FF4EDA8309D31AC02
:10A20800FFF7D5B9B9F1660F3FF411AF2CAB079A38
:10A2180002210498019327AB9DED1E0B009325ABFB
:10A2280001F0A6F8039B0746DE0700F14D822C9B40
:10A238001B1A1193259B0F930F9BDD1C02DB079ABA
:10A24800934242DDA9F102090F9B8DF8A090013BD2
:10A25800002B2593C0F2A1822B22092B8DF8A12077
:10A2680040F3A482002203990B920DF1B70CDFF89A
:10A27800F4E46546AEFB032A1E462846013D4FEA34
:10A28800DA0A632E0AEB8A02A3EB4202534602F172
:10A29800300200F8012CEDDC303305F8013C831E58
:10A2A800634580F017840DF1A10213F8015B634543
:10A2B80002F8015FF9D103F5B47328AA6B44C43BD3
:10A2C8001B1A9B1A1793FFF7E1BB0F9B119A934236
:10A2D800C0F20A82039B13F0010F0F9B00F09A82D1
:10A2E800159A13440C93039B590503D50F9B002B18
:10A2F80000F3A1820C9B4FF0670923EAE3730593EF
:10A30800E9E6039D25F4806545F002050395CBE455
:10A31800109A14990A43119A00F0EA83B8188B46E8
:10A32800224629461C46DFF844A4DDF8649003461B
:10A338001A9D1B97BBF1000F32DC109809F1FF3909
:10A348000138109018982944C2E900052F983091D7
:10A35800013007282F904DDC08321F1B99F80000A8
:10A3680007938742A8BF0746002F0BDD2F98394473
:10A378000130309107282F90C2E900475ADC083293
:10A3880099F80000002FACBFC61B0646002E0ADC59
:10A39800044410980028CDDCBBF1000F40F3F6828E
:10A3A8000BF1FF3BCEE7102E2F9840F3EC820C9474
:10A3B800102734460F95069E049DCDF850A019939A
:10A3C80002E0103C102C22DD013010310728C2E9D0
:10A3D80000A7CDE92F0102F10802F2DD2EAA3146CD
:10A3E800284600F0FBFB002840F09E8031AADDE9FA
:10A3F8002F01E6E72EAA06990498079300F0EEFBD2
:10A4080000287EF4E8AF309931AA079BA5E72646D5
:10A418000F9D0C9CDDF850C0199B01303144C2F8E7
:10A4280000C007285660CDE92F0160DC083299F892
:10A438000000ADE72EAA069904980C9300F0CEFB15
:10A4480000287EF4C8AF99F8000031AA30990C9B17
:10A4580098E7002327AA04981946CDF800A002F02F
:10A4680061FD03460C90013300F06D83279791E45A
:10A478000E92FEF7BEBD2D23B9F1470F8DF88F3030
:10A4880000F3DC8003222B46B54F0B950C92042277
:10A49800079314930592CDE90F33FEF795BB2EAAC7
:10A4A8000699049800F09AFB00287EF494AF259949
:10A4B80031AC309DFFF79DB99DF88F300E96003B6B
:10A4C80018BF012305930C9B079314930B93CDE9B5
:10A4D8000F33FEF779BB2EAA0699049800F07EFB8D
:10A4E80000287EF478AF309D31ACFFF757B82EAA1C
:10A4F800069904980C9300F071FB00287EF46BAF6A
:10A5080099F8000031AA30990C9B41E72EAA0699C8
:10A51800049800F063FB00287EF45DAF259931AA0A
:10A52800DDE92F35FFF777B9AA46FEF70ABB1A9A75
:10A538001899A7EB020A504600F0D0FD99F80130AF
:10A548000BB109F10109AB19864A4FF0CC314FF034
:10A55800010E43F100030AF1FF37A2FB030C2CF0B4
:10A56800030000EB9C001B1AEB1A66F1000603FBC4
:10A5780001F1A3FB023002FB061123FA0EF301449A
:10A5880043EAC17521FA0EF6AB1943F10003A2FBA9
:10A59800031020F0030101EB90015B1AEB1AA3FBF7
:10A5A800023166F1000023FA0EF302FB001243EABF
:10A5B800C27303EB8303A5EB430330330AF8013C72
:10A5C8006FE4039BDE077EF540AB159B169A1D448E
:10A5D800C4E900232F9B30950133072B2F9395DC7B
:10A5E80004F10802FFF71AB92EAA069904980793EE
:10A5F80000F0F4FA00287EF4EEAE259E31AC309DD2
:10A60800079BFEF7EFBF079B02210133119311E56A
:10A618009DF88F30002B00F0D481059A1B9B0132E6
:10A62800CDF80CA00B930592079314931093FEF7A3
:10A63800CBBA00230D460793FEF7B9B903222B4680
:10A64800494F0B950C9222E72EAA0699049800F020
:10A65800C5FA00287EF4BFAE259E31AC119B309D13
:10A668009E1BFEF7D3BF059A079301320E961493EB
:10A678000592CDE90F33FEF7A7BA4E421031DFF845
:10A68800ECA03EDAB9461024574602E0103E102EE0
:10A6980035DD01331035072BC2E90074CDE92F35BC
:10A6A80002F10802F2DD2EAA0699049800F096FA43
:10A6B80000287EF490AE31AADDE92F35E6E70023C5
:10A6C80041AF0B93FFF776BB079B0022C518002309
:10A6D800DDE91E01F6F770FA002840F09D802C9BFA
:10A6E8009D423FF6CCACD1E4119B159A9A180F9B6A
:10A6F800002B0C9240F395804FF06709E3E4BA46CB
:10A708004F4601333544C2F800A0072B5660CDE907
:10A718002F3500F30A810832FFF780B81B9B9DF89C
:10A728008FC00793FEF77DBCC8077FF5BAA9FFF76E
:10A73800B4B902F1004341AF209121932D230B902E
:10A748001B93FFF7FBB8B246069B0022B3F90C3007
:10A758000B9243F04003069A9381FEF7F2B900BFCB
:10A7680008E70008CDCCCCCC0CE70008B0E800081E
:10A77800079B059C0B9E0C93FFF70CBB0E96002BBA
:10A7880000F04481079B4FF0730907905A1C0C9303
:10A79800149005921090FEF717BA0F9B2D22C3F163
:10A7A80001038DF8A120092B3FF75CAD30220399F6
:10A7B8008DF8A22000220B920DF1A302FFF760B9D9
:10A7C8001346159A4FF0660913440B440C937AE428
:10A7D80000230322CDE90B3259E6EB1B1193259B8D
:10A7E8000F935FE4039B23F080030393139B13F001
:10A7F80000430F9300F0F8802D230322B9F1470F8F
:10A808008DF88F304FF00003CDE90B3240F309810A
:10A81800AD4F3CE60C9366E5259B0F93079B119380
:10A828000AE5C3F101034FF067091A4422EAE2730B
:10A838000C9205934FE44FF0670919990B78FF2B99
:10A8480000F0528100250F9A284603E001300131BB
:10A85800FF2B08D0934206DAD21A4B78002BF5D199
:10A868000B780135F4E70F92199110901495149A0A
:10A87800109B1A9913440C9A01FB03230C9323EAA7
:10A88800E37305931B9B002B00F08C80059BCDF890
:10A898000CA0013305932D238DF88F3000230B93E3
:10A8A8000793FEF791B94946079CDDF83C905F464F
:10A8B8000029FFF6CEA84A1C33463020324403F85C
:10A8C800010B9342FBD131444E1CFFF7C2B8002262
:10A8D8000023DDE91E01F6F76FF9002800F0C480B7
:10A8E800259B0F93EB18DB1B1193FFF7DBBB0022B3
:10A8F8000023DDE91E01F6F75FF928B92C9B9D427C
:10A908003FF6BDABDB1B1193259BBBF1470F0F93A4
:10A918007FF49AAC90E4DDE9121202F100431E9133
:10A928001F932D231B93FFF774BB2EAA0699049837
:10A9380000F054F900287EF44EAD31AADDE92F3538
:10A94800FEF76CBF0029C0F2958001231B969DED90
:10A95800127B07938DED1E7BFFF75BBB02F1004373
:10A9680020910B9021932D231B93FEF7E7BFDDE980
:10A97800121202F100431E911F932D231B930623ED
:10A988000793FFF746BBDFF848C146E523461B9F00
:10A9980014460D46CDF86490079A934228BF134693
:10A9A800FEF70BBE9DF88F30002B00F0C580059A8E
:10A9B8001B9B0132CDF80CA00B9305920793FEF771
:10A9C80003B91B9BCDF80CA00B930793149310931A
:10A9D800FEF7FAB8C2F101032D22092B8DF8A12048
:10A9E8003FF743ACFFF74AB8B9F1470F9DF88F30EE
:10A9F800CCBF354F354F002B7DD1032207931493DD
:10AA08000C9210930B930592FEF7DEB8079B4FF05C
:10AA180073090C9305930B9B149310930793FEF7FC
:10AA2800D3B82A4F33E5059B9B7AFFF710B80698F1
:10AA3800B0F90C30426E43F04001D60781813EF5F3
:10AA4800C0AA98053EF5BDAAFEF763B9069A536EEB
:10AA5800D8073EF5B6AA938999053EF5B2AA906D36
:10AA6800F6F76CFBFEF7ADBA119BC3F10103259312
:10AA7800FFF7F7BA01F100431E901F932D231B9394
:10AA880001230793FFF7C5BA0E9B95F801900D4671
:10AA980053F8042B42EAE2720E930792FDF786BF41
:10AAA80033B901234FF0660905930C93FFF713BBE5
:10AAB800159B4FF06609079A01331A4422EAE2739C
:10AAC8000C920593FFF707BB14E7000810E700088E
:10AAD800B0E8000802231793FEF7D8BF0398FEF7E3
:10AAE8004CBB1946FEF789BB002314931093BEE6AE
:10AAF800BA18079250E7032200230C920422079306
:10AB08000592149310930B93FEF75EB8069BDDF83D
:10AB180010A0B3F90C3043F040031CE6069BDDF8A7
:10AB280010A0B3F90C300B9043F0400313E60F9BD1
:10AB380014931093FEF748B81B9BCDF80CA00B9309
:10AB48000793FEF741B8DDF810A0FDE5DB1B119374
:10AB5800259B0F93FFF7A6BA2DE9F04198468B89FC
:10AB6800ADF58D6D164623F00203074616A80D466F
:10AB7800ADF80C301AAB6C46009304934FF4806325
:10AB8800029305934B6E1993CB89ADF80E30CB69C0
:10AB980007934B6A099300230693F6F7C9FA3246DE
:10ABA800434669463846FDF783FE061E07DB6946BD
:10ABB8003846F6F7E7FF002818BF4FF0FF36A3899D
:10ABC8005B0603D5AB8943F04003AB81A06DF6F774
:10ABD800B1FA30460DF58D6DBDE8F081936810B57A
:10ABE80014461BB918460023636010BD00F006F830
:10ABF8000023A3600023636010BD00BF9368002B8F
:10AC080000F0B780B1F90CC01CF0080F2DE9F04F27
:10AC1800174683B080460C4627D00B692BB31CF02F
:10AC280002033D682DD04FF0000ADFF8B0B2B946F4
:10AC380056465E4533465246404628BF5B46002E80
:10AC480000F08680E169676AB847002840F3898088
:10AC5800D9F808308244361A1B1AC9F80830002B74
:10AC6800E7D1002003B0BDE8F08F2146404600F050
:10AC780037F900287AD1B4F90CC03D681CF00203FA
:10AC8800D1D11CF0010976D14E460097002E5BD039
:10AC98001CF4007F2068D4F808B000F0B280B345F7
:10ACA8005A4600F2E0801CF4906F33D06369216942
:10ACB80013EB4303A0EB010B48BF01334FEA630AD0
:10ACC8000BF1010333445246534501D99A461A46BB
:10ACD8001CF4806F00F0E58011464046F6F790FBC3
:10ACE800002800F0F4805A4621690190F5F7CAFA65
:10ACF800A289019B22F4906242F08002A28103EBB8
:10AD08000B0023613246AAEB0B03B346C4F814A028
:10AD1800A36020604946019200F062F9A368019A95
:10AD2800B246A3EB0B01236800261344A1602360FD
:10AD3800009AD1449368A3EB0A039360002B90D048
:10AD4800B4F90CC0002EA3D1D5E9009608359DE7CB
:10AD5800D5E900A608356CE721464046F6F712FF0C
:10AD680070B3B4F90C3043F04003A3814FF0FF30C7
:10AD780078E7002070471E46BA46994618461F468F
:10AD880000955EB3002831D04A46A168B242636993
:10AD9800206828BF324603EB010B2169884201D99C
:10ADA8005A4570DC934261DC3A46E1694046656A7F
:10ADB800A847B0F1000BD4DDB9EB0B09CCD00120CA
:10ADC800DAF808305F44A6EB0B06A3EB0B03CAF8CE
:10ADD8000830002B3FF445AF002ED3D1009A5668B7
:10ADE800134608320092002EF8D01F6832460A2116
:10ADF800384600F0AFF9002866D00130A0EB07090B
:10AE0800C2E72369834216D36269B24213D86FF04E
:10AE18000043E1694046676AB34228BF334693FB63
:10AE2800F2F302FB03F34A46B847B0F1000A98DD93
:10AE3800A6EB0A067CE7B345DA46494628BFB24680
:10AE4800524600F0CDF8A3682268A3EB0A035244E7
:10AE5800A3602260002BEBD121464046F6F792FE14
:10AE68000028E5D07DE7B346324653E739460192DC
:10AE780000F0B6F8019AA36893469B1AA36023686A
:10AE88001344236098E739465A4600F0A9F8236826
:10AE9800214640465B442360F6F774FE00288BD0B9
:10AEA8005FE7404601F050FE034600287FF427AFD5
:10AEB80021694046F6F7B0F9B4F90C300C2223F0BA
:10AEC8008003C8F800204EE7721C91465DE70C220B
:10AED800B4F90C30C8F8002045E700BF00FCFF7F3C
:10AEE80038B53E4B05460C461B6813B15A6B002A11
:10AEF8005BD0B4F90C3019070BD522699AB113F05D
:10AF0800010221D0636900225B42A260A361002094
:10AF180038BDDA0659D558071BD4226943F008030F
:10AF2800A381002AEBD1990529D5180603F08001E1
:10AF380025D4D80742D49D073DD5A2600029E6D084
:10AF480043F04003A38145E09B0716D46369A360DF
:10AF5800DDE7216B51B104F14002914204D028464B
:10AF6800F6F75AF9B4F90C3000222263002122695D
:10AF780023F02403C4E90021D0E7A260C7E72146F3
:10AF8800284601F0DBFFB4F90C30226913F0010107
:10AF98000FD0616900204942A060A161002AB6D1A2
:10AFA80003F080010029B2D0CAE71846F5F760FF20
:10AFB8009FE7980700D46169A160EFE76069A26024
:10AFC8004042A0610029A2D0BAE7092243F0400319
:10AFD8002A60A3814FF0FF3038BD00BF0C0000206D
:10AFE80088420DD98B1883420AD900EB020C5AB358
:10AFF800624613F801CD994202F801CDF9D17047A4
:10B008000F2A0DD802F1FF3CF2B10CF1010C431EDE
:10B018008C4411F8012B614503F8012FF9D17047D1
:10B0280040EA01039B07F0B50C460ED002F1FF3C45
:10B0380003460CF1010C013B8C4411F8012B6145CE
:10B0480003F8012FF9D1F0BD7047A2F1100501F105
:10B05800200E01F1100300F1100C25F00F05AE448D
:10B0680053F8106C10330CF1100C4CF8206C53F89A
:10B078001C6C4CF81C6C53F8186C73454CF8186C25
:10B0880053F8146C4CF8146CEAD101EB050C12F06F
:10B098000C0F05440CF1100105F1100302F00F0527
:10B0A8000E4618D0043DA0EB040E25F00304A4447A
:10B0B8000CF1140C0F6801EB0E0504312F6061458B
:10B0C800F8D1043402F00302A119234402F1FF3C31
:10B0D800002AAED1F0BD2A46F8E700BF40EA0103D6
:10B0E8009B0730B501D1032A17D8844601F1FF3EEA
:10B0F80007E01EF8011F541E03F8011B29B1224660
:10B108009C466346002AF4D130BD002CFCD0944400
:10B1180003F8011B6345FBD130BD0C468446256806
:10B1280021460434A5F1013323EA050313F0803FD7
:10B13800DCD1043A4CF8045B032AF0D82146D5E761
:10B14800014B93F8280170477405002000487047A8
:10B158006406002030B586468007CCB215D00EEBC9
:10B168000205F44606E013F8011BA14207D099072F
:10B1780006D09C46654563466046F4D1002030BD44
:10B18800013A72449E46A2EB0C02032A0CD8002A0C
:10B19800F4D07346724401E09A42EFD0184613F88F
:10B1A800011BA142F8D130BD04EB0425714605EB23
:10B1B80005458E4651F8043B6B40A3F1013020EA67
:10B1C800030313F0803FE4D1043A032AF1D88E46F2
:10B1D800DDE700BF002170B555EC104B064625F0A1
:10B1E80000430160114883421DD8204618431AD0F5
:10B1F8000F482A46284058B900220E4B20462946B7
:10B20800F5F772FA0A4621F0004304466FF035015B
:10B218006FF31E521B1542F07F55A3F2FE3345F41F
:10B2280000150B44336045EC104B70BDFFFFEF7FFA
:10B238000000F07F000050432DE9F04F036985B00E
:10B248000C69A342C0F29080013C01F1140500F1A1
:10B258001408814655F824304FEA840C58F8242005
:10B2680005EB8407013308EB840B9A42B2FBF3F633
:10B2780042D30020AA46C646CDF80C80034688462D
:10B28800CDE901C505465AF8042BDEF8001090B246
:10B2980057454FEA124C06FB00508AB24FEA104558
:10B2A80080B206FB0C55A2EB00021A44ABB24FEA7F
:10B2B8001545C3EB224392B203EB114342EA034222
:10B2C8004FEA23434EF8042BDDD24146DDF80C80CB
:10B2D800DDE901C558F80C3073B9ABF1040BD8455A
:10B2E80004D307E0D84504F1FF3403D25BF80439EE
:10B2F800002BF7D0C9F81040484601F0EDFA0028B5
:10B308002EDB00224146944655F8040B0B681FFAC1
:10B3180080FEAF429AB24FEA1040A2EB0E0262449E
:10B32800C0EB224092B200EB134042EA00424FEADF
:10B33800204C41F8042BE7D258F8242008EB84036A
:10B348006AB9043B434504D807E0984504F1FF3443
:10B3580003D253F80429002AF7D0C9F8104001365F
:10B36800304605B0BDE8F08F002005B0BDE8F08F8D
:10B378002DE9F04F9FB004460091816B289D57EC52
:10B38800106BCDE909328DED040B41B1C26B01237D
:10B3980093404A608B6001F025F80023A363B7F15E
:10B3A8000009C0F2A88000232B60734B33EA09031D
:10B3B80000F0AC80002200239DED047B51EC170BBC
:10B3C8008DED027BF5F7F8FB824668B10123099AF7
:10B3D8001360299B13B1694B299A1360684B069334
:10B3E80006981FB0BDE8F08F9DED020B1CAA1DA9A1
:10B3F800204601F04BFBDDF870805FEA19550B9091
:10B4080040F09A801D9D454405F23243202B40F3BD
:10B41800CC81C3F1400309FA03F905F2124326FA75
:10B4280003F349EA0300F5F7E5F8013D0122A1F12C
:10B43800F873149219460022524BF4F79DFF48A363
:10B44800D3E90023F5F750F947A3D3E90023F4F72C
:10B4580095FF06460F462846F5F7DCF844A3D3E9DE
:10B468000023F5F741F902460B4630463946F4F712
:10B4780085FF06460F46F5F7E7FB00228146079051
:10B48800002330463946F5F7A1FB002840F07481C7
:10B49800A8EB0508079D08F1FF36162D089600F25F
:10B4A8005881394B03EBC503DDE90201D3E90023D9
:10B4B800F5F78CFB002840F07F81B8F1000F40F3CE
:10B4C8000E862E441290119508960C900023109326
:10B4D800009B092B60D8052B40F36C81043B0025A9
:10B4E8000093009B023B032B58D8DFE813F0870238
:10B4F80084027A026F01012329F000492B601E4B58
:10B50800CDF8149033EA09037FF454AFC9F3130953
:10B5180042F20F73099A59EA0609136017D1299B59
:10B52800002B00F01287194B06930833299A0698C6
:10B5380013601FB0BDE8F08FDDE90201144BA5F2DE
:10B54800FF35C1F31302CDF850A0134372E7299BCE
:10B55800002B40F037810F4B069341E7AFF3008093
:10B5680061436F63A787D23FB3C8608B288AC63F01
:10B57800FB799F501344D33F0000F07F49E7000850
:10B5880048E700080000F83F08E9000894E70008C9
:10B598000000F03FA0E700080023009300212046A8
:10B5A800E16300F0F9FE0690002800F06686069B2D
:10B5B800A3631D9B002B03DB079A0E2A40F3E48547
:10B5C8004FF0FF3200210D920A911392149A002A2B
:10B5D80040F017821C9BC3F13603089A109D1A4449
:10B5E80008920C9A90461A440C920121204600F0C9
:10B5F800BFFF0646B8F1000F00F07A85089B002BC4
:10B6080040F37685089A0C9942451346A8BF4346ED
:10B61800C91AA8EB0308D31A0C910893109BC3B15D
:10B62800002D00F0D68531462A46204601F082F8E2
:10B638000B9F064620463A46314600F0C7FF39467A
:10B648000746204600F0CEFE109B0B975D1B40F08E
:10B658008485012310930121204600F089FF119B66
:10B668000746002B40F00683009B012B40F35D83C7
:10B67800012308990B4413F01F0300F05482C3F10F
:10B688002002042A40F3F384C3F11C030C9A1944E2
:10B698001A4498440C9208910C9B002B05DD1A461D
:10B6A8000B99204601F0A6F80B90089B002B05DDAE
:10B6B80039461A46204601F09DF80746009B022BA2
:10B6C800129BD4BF4FF0000A4FF0010A002B40F044
:10B6D800E6820D9B002B00F32F82BAF1000F00F0D9
:10B6E8002B820D9B002B40F0AE8239460522204666
:10B6F80000F082FE07460B98394601F0EDF8002865
:10B7080040F3A182079BDDF818B003F1010A312349
:10B718000BF8013B394620460AF1010A00F062FEA7
:10B728001EB13146204600F05DFE0B99204600F020
:10B7380059FE00238BF80030099BC3F800A0299B11
:10B74800002B3FF44DAE0698C3F800B01FB0BDE81B
:10B75800F08F01231293089B002B20DB00230C930E
:10B76800079B002B16DA0C9A079BD21A5B421093A0
:10B7780000230C921193ABE64846F4F74BFF324690
:10B788003B46F5F719FA00287FF482AE09F1FF333A
:10B7980007937DE6089A11931A44089296E6C8F131
:10B7A80001030C9300230893DAE7C3F1200306FA98
:10B7B80003F038E6012594E6079B013B0793002335
:10B7C8001293C8E7B74B06930333AFE64FF0010A6D
:10B7D8000A9B079A134413930133012B1E460D93BA
:10B7E800B8BF0126172E40F3A585012204235B006C
:10B7F8001146013203F11400B042F8D9E163204642
:10B8080000F0CAFD0690002800F03785069BA36368
:10B818000D9B0E2B00F22381002D00F02081079A4A
:10B82800002A40F3E581A04902F00F03151101EB4E
:10B83800C303D3E90067D30540F154829B4B05F05D
:10B848000F054FF00309D3E90823DDE90201F5F7F5
:10B8580075F8CDE90E0185B1DFF85082E80740F1AF
:10B86800D3803046394609F10109F8E80223F4F794
:10B878003BFF06466D100F46F0D132463B46DDE9E8
:10B888000E01F5F75BF8CDE90E01129B53B10022CA
:10B89800874BDDE90E6730463946F5F797F90028FA
:10B8A80040F0EE834846F4F7B5FEDDE90E23F4F7E1
:10B8B8001BFF804B0022F4F761FD0D9B0646A1F1AA
:10B8C8005077002B00F0B280079B1A930D9B1593BD
:10B8D800754B15991B9303EBC103DDE90E8913ED35
:10B8E800027B49464046CDE916678DED187BF5F792
:10B8F800ABF90746069EF4F78DFE303702460B4635
:10B9080040464946751CF4F737FD80468946FFB224
:10B91800DDE91823BAF1000F00F0288200206649FB
:10B92800F5F70CF8DDE91623F4F726FD37704246E3
:10B938004B4606460F46F5F767F9002840F04C8459
:10B948004FF0000ADDF854B00E942BE00AF1010A1A
:10B95800DA4580F2CE81304639460022574BF4F75B
:10B96800C3FE0022554B06460F4640464946F4F7AB
:10B97800BBFE89468046F5F767F90446F4F74AFEA8
:10B9880002460B46303440464946F4F7F5FC324649
:10B998003B4605F8014B80468946F5F717F900281C
:10B9A80040F0198442464B4600204149F4F7E4FC34
:10B9B80032463B46F5F70AF90028C7D0069A0E9C8E
:10B9C80002E0954200F0FF83AB4615F8013D392BA4
:10B9D800F7D001330692DBB22B701A9B03F1010AF0
:10B9E800A3E64FF0010A0A9B002B40F33C810A9E14
:10B9F80013960D96F6E64FF0000AE9E64FF0000AB6
:10BA0800F1E703F23343E8E56D1008F1080825E78C
:10BA18004846F4F7FFFDDDE90E23F4F765FE002242
:10BA2800244BF4F7ABFC0646A1F150770022244BD7
:10BA3800DDE90E01F4F7A0FC32463B468046894614
:10BA4800F5F7E2F8002840F0598340464946324667
:10BA580007F10043F5F7BAF8002840F0FA801D9B7B
:10BA6800002B02DB079A0E2A2CDDBAF1000F40F0FA
:10BA780048810C9B002B00F0F382089B002B00F000
:10BA8800EF820C9A08991346109E8A42A8BF0B466B
:10BA9800D21ACB1A0C920893002E40F03D839046A0
:10BAA800D9E500BFA0E7000808E90008E0E80008B9
:10BAB8000000F03F00001C400000E03F0000244070
:10BAC80000001440A64B1B931B9B079A03EBC20371
:10BAD80093ED007B0A9B002B8DED007B80F25F834A
:10BAE8000D9B002B00F35B83002B40F0B2800022FB
:10BAF8009C4BDDE90001F4F7F7FD02460B46DDE952
:10BB08000201F5F76DF80D99002840F0A380312364
:10BB1800DDF818B020460BF8013B00F063FC079BEA
:10BB280003F1020A01E61C230C9A98441A440C9269
:10BB3800089A1A440892AFE5109B002B40F0DF8169
:10BB4800079B03F1010ADDF818800125DDF834B000
:10BB5800DDF82C9007E0494600230A22204600F031
:10BB68004BFC0135814639464846FFF765FB5D4584
:10BB780000F1300308F8013BEDDB0D9A0025CDF804
:10BB88002C9002F1FF38002A069AD8BF4FF000081F
:10BB9800013290440B9901222046009300F02AFEBE
:10BBA80039460B9000F098FE002840F3FB82069A75
:10BBB80002E0904500F0018318F8013CC34608F103
:10BBC800FF38392BF5D0013388F800303946204644
:10BBD80000F008FC002E3FF4A8AD002D3FF4A1AD05
:10BBE800B5423FF49EAD2946204600F0FBFB98E5A0
:10BBF80000F06D82079B5A4A5D4205F00F0302EB85
:10BC0800C303DDE90201D3E90023F4F76DFD2D112B
:10BC1800CDE90E0100F08A83534E4FF00209E9077F
:10BC28000ED509F10109DDE90E01F6E80223F4F762
:10BC38005BFD6D10CDE90E013FF427AEE907F0D4A6
:10BC48006D100836EBE70A9BDDF818B06FEA030AB7
:10BC580060E50021204600F0C5FB0A9BDDF818B01E
:10BC6800C3F1000A61E5012300211393E1630D93F9
:10BC78000A93C4E51A460146204600F05BFD009B86
:10BC88000746012B40F37382002311933B6907EBAE
:10BC98008303186900F002FCC0F12003E9E4394687
:10BCA8000B9800F019FE0028BFF613AD00230B997E
:10BCB8000A222046079D00F09FFB139B05F1FF39E0
:10BCC8000B90002BCCBF00250AF00105109B002B20
:10BCD80040F00781002D40F01183139BDDF81CA074
:10BCE8000D9330E79DED027B4FF002098DED0E7B41
:10BCF800B1E51D9B0E9C002B03DB079A0E2A7FF7EC
:10BD0800E3AE009A012A7FF761AC0D9B109A5D1E85
:10BD1800AA42C0F20E82002BA2EB050580F2F68241
:10BD2800DDE90C32A3EB02085FE4049B002B7FF4EF
:10BD38009FAC059BC3F31303002B7FF499AC059BC1
:10BD480023F000431B0D1B05002B3FF491AC0C9B0B
:10BD580001330C93089B013308930123119388E462
:10BD680008E9000800001440E0E80008DDE91601D1
:10BD7800F4F7BAFC069B1F70159B012BCDE90E0149
:10BD880000F0C282069BAA46159A03EB020B00221A
:10BD9800B94B40464946F4F7A7FC89468046F4F774
:10BDA80053FF0646F4F736FC02460B46303640464B
:10BDB8004946F4F7E1FA0AF8016BD345804689460B
:10BDC800E5D16E1E159B1E440022AC4BDDE90EAB7F
:10BDD80050465946F4F7D2FA42464B46F4F7F6FE77
:10BDE800002840F0FF8152465B460020A349F4F743
:10BDF800C3FA42464B46F4F707FF00286AD11D9B59
:10BE0800002BFFF636AE079B0E2B3FF732AE1B9B7F
:10BE1800079A03EBC20393ED007B8DED007BDDE910
:10BE2800009ADDE902674A46534630463946F4F738
:10BE380085FDF4F709FF8046F4F7ECFB4A465346C4
:10BE4800F4F752FC02460B4630463946F4F794FAAA
:10BE580008F13003069A13700D9B012B00F0DE8168
:10BE6800C5F1010902944FF0000A4FF0000B4C464F
:10BE7800DDF834901CE0DDE9002330463946F4F75C
:10BE88005DFDF4F7E1FE8046F4F7C4FBDDE900232D
:10BE9800F4F72AFC0B46024639463046F4F76CFAAA
:10BEA80008F1300305F8013B2B194B4500F0B5812B
:10BEB8000022714BF4F718FC52465B4606460F46C3
:10BEC800F4F77AFE0028D6D0079BAB46029C03F114
:10BED800010A2AE416F8013CB346013E302BF9D09A
:10BEE8007BE5314600230A22204600F085FA139BA1
:10BEF8000646CDF81C900D93002D7FF4F2ABB8F1F7
:10BF0800000F05DD31464246204600F073FC064628
:10BF1800119B002B40F06A81B146069D0D9A6B1E5D
:10BF280002970B9F1A44049B03F001030A920C9397
:10BF380002993846FFF780F931468246384600F0C4
:10BF4800CBFC029980464A4620460AF1300B00F0A5
:10BF5800E5FCC3680146B3BB0890384600F0BCFC5A
:10BF680008990890204600F03DFA009B089A134370
:10BF78005FD10C9B002B00F0B781B8F1000FC0F225
:10BF8800AF810A9BA846AB4208F801BB00F07C8150
:10BF9800394600230A22204600F02EFA4E4507466D
:10BFA80031464FF000034FF00A0220463BD000F024
:10BFB80023FA4946064600230A22204600F01CFAC6
:10BFC80045468146B4E720460B97CDF820B0029F3E
:10BFD80000F008FAB8F1000F089B08DB049A0099F2
:10BFE80002F0010248EA010852EA080232D10B992C
:10BFF80001222046009300F0FDFB39460B9000F02B
:10C008006BFC0028009B40F38B81392B00F04581A5
:10C018000AF13103AB460BF8013B3546079B4E4608
:10C0280003F1010AD2E500F0E7F9454606468146E4
:10C038007EE7B8F1000FC0F23B81009B48EA030895
:10C048000C9B53EA080800F03381002A99DD0B970E
:10C058005B46029F392B00F02081AB460133DAE7BB
:10C06800109E002E58D1DDF83080FFF7F4BA3FF467
:10C0780013ABC3F13C0357E5000024400000E03F48
:10C088000D9B002B3FF4C4AC139D002D7FF7E7AC4C
:10C09800079B304639460022013B1A93AD4BF4F713
:10C0A80023FB02460F4609F101001646CDE90E674B
:10C0B800F4F7B0FA32463B46F4F716FB0022A64BDB
:10C0C800F4F75CF915950646A1F1507700E49DED6B
:10C0D800027B4FF002098DED0E7BFFF7D6BBC8F14E
:10C0E800010312900C93079B08931193FFF7EEB985
:10C0F800109B002B3FF4ADAAFFF792BA3123DDF86D
:10C1080018B0002120460BF8013B00F06BF9079BA3
:10C1180003F1020AFFF709BB109A20460B9900F0B9
:10C1280009FB0023DDF830801E460B901093FFF7C3
:10C1380092BA109B0121119A2046EB1A0D9F1A44BE
:10C14800089B3B441192089300F012FA0C9B064698
:10C15800002B40F0838098460C972A460B9920467E
:10C1680000F0E8FA01230B901093FFF774BA049BD0
:10C17800002B7FF489ADDDE90412C2F31303002B11
:10C1880000F09D80119181E5079A744B03EBC2037F
:10C198004FF0FF3293ED007B0D928DED007B069BF7
:10C1A8005D1C3CE603D1009BDB073FF500ADC346B1
:10C1B80018F8013D302BFAD008E53123069A0AF128
:10C1C800010A137002E51A9B069201331A93312370
:10C1D80002E4109DC1E70E9C1A9BAB4603F1010ACD
:10C1E800FFF7A3BA3546069AFFF7EEBB71682046FB
:10C1F80000F0D2F80546002800F0A080336906F167
:10C208000C010C3002339A00F4F73CF8294601225D
:10C21800204600F0EFFA81467FE6029C02460B4674
:10C22800F4F7ACF8079B06460F4603F1010ADDE96F
:10C238000023F4F7E9FC48B930463946DDE9002324
:10C24800F4F7BAFC38B118F0010F04D0079B069A2E
:10C258001A93FFF7B9BBAB46FFF767BA0C99089A70
:10C268008A421346A8BF0B46D21AA1EB03080892CC
:10C278000D9A8A18D31A0C936FE7394B002240F2B3
:10C28800AF11384800F0EAFE079A35460B975B462F
:10C29800029F02F1010A4E467CE4079BA846069AD3
:10C2A800354603F1010A39234E4608F8013B83E479
:10C2B800002A0B975B46029F3FF799AEAAE6059BBB
:10C2C80023F000431B0D1B05002B3FF4DEAC0C9B39
:10C2D80001330C93089B0133089301231193D5E490
:10C2E8000B975B46029F95E65B460B97029F392B9F
:10C2F800D3D0B8F1000F3FF78BAE8BE6139BCDF888
:10C308001C900D93FFF7EDB92E465DE5089B0D9A3D
:10C31800134408930C9B984613440C93FFF765B994
:10C328007FF478AEDA077FF575AE6EE64FF0020956
:10C33800FFF7ABBA0021E163FFF761BA0246084B89
:10C3480040F2EF21074800F089FE074B0693FFF7FC
:10C3580047B800BF0000244000001C4008E900085E
:10C36800A4E70008B8E7000894E7000882B049B1DC
:10C378005AB16BB113780B601278101E18BF0120E8
:10C3880002B0704701A9002AF3D1104602B07047E5
:10C398006FF00100F4E700BF38B5436C05460C4662
:10C3A8004BB153F8240080B1026843F824200023DD
:10C3B800C0E9033338BD2122042100F06DFE034695
:10C3C80068640028EDD1002038BD0121284601FA13
:10C3D80004F56A1D920000F05FFE0028F3D0C0E962
:10C3E8000145E4E731B1436C4A6853F8220008601C
:10C3F80043F82210704700BF2DE9F04107460E466A
:10C408001C460D6901F1140E0020DEF80010013001
:10C418008BB285424FEA114102FB03434FEA134CAA
:10C428009BB202FB01CC03EB0C434FEA1C444EF8D1
:10C43800043BEADC3CB1B368AB4207DD06EB85039D
:10C4480001355C6135613046BDE8F0817168384678
:10C458000131FFF7A1FF8046A8B1326906F10C014E
:10C468000C3002329200F3F70DFF7B6C726853F8C0
:10C478002210316043F82260464606EB85030135F9
:10C488005C613561DFE70246024BBA21024800F0E1
:10C49800E5FD00BFA4E7000814E80008B0F5803FF8
:10C4A800034610D203041020B3F1807F01D2083074
:10C4B8001B02B3F1805F08D3B3F1804F10D29A000A
:10C4C80013D4033070470020EEE71A010430B2F1AC
:10C4D800804F06D29B0108D45B00F2D4202070471D
:10C4E8001A46002AFBDB013070470230704700BF54
:10C4F80003680246590707D0D8071DD499072AD5DB
:10C508005B0801201360704799B279B91B0CD9B246
:10C51800A1B11020190701D104301B09990712D0C5
:10C52800D90701D401305B0813607047D9B241B113
:10C53800180718D10420F0E70020704718201B0ABC
:10C54800E8E70820FBE713F0040F4FEA930106D051
:10C5580002300B46E8E79B08022013607047DB08AF
:10C5680004D120207047DB080320DDE70330DBE738
:10C5780038B5436C04460D464BB15868B0B10268F3
:10C588005A60002201234561C0E9032338BD2122F6
:10C59800042100F081FD034660640028EDD1094BB9
:10C5A800002240F24511084800F058FD1C220121E4
:10C5B800204600F071FD0028F1D001220223C0E9D5
:10C5C8000123DEE7A4E7000814E800082DE9F04F8E
:10C5D800D1F8108085B015690E469246A84505DB4E
:10C5E8002A46534645468A4690461E4605EB0804A9
:10C5F800DAE90113A342B8BF0131FFF7CDFE0028E5
:10C6080000F08C8000F1140707EB840E774505D203
:10C618003B46002243F8042B9E45FBD814360AF10A
:10C62800140906EB880809EB8505464569D2A5EB90
:10C638000A030AF1150ACDF808E0AE46153B039443
:10C6480023F00303AA4594BF9B464FF0000B824694
:10C6580005E0090C2DD1B04507F104074ED956F86D
:10C66800041B8DB2002DF4D0CC463C460023019625
:10C678005CF8040B216886B2E6458AB24FEA10409E
:10C6880005FB06224FEA11411A4405FB001101EB94
:10C69800124192B24FEA114342EA014244F8042B94
:10C6A800E6D8019E07EB0B02536056F8041C090CF0
:10C6B800D1D03B68002248463D461C469446028835
:10C6C8009BB201FB02C202EB144243EA024345F863
:10C6D800043B50F8043B2C684FEA134C8645A3B240
:10C6E80001FB0C3303EB12434FEA134CE7D807EB7B
:10C6F8000B02B04507F104075360B0D85046DDE996
:10C7080002E4002C02DC05E0013C03D05EF8043DA5
:10C71800002BF9D0046105B0BDE8F08F0246034B49
:10C728004FF4B171024800F099FC00BFA4E700087B
:10C7380014E8000812F003032DE9F04114460746F7
:10C7480032D10E46A4102CD03D6C002D35D004F00B
:10C7580001034FF0000864103BB92868B8B10546DA
:10C7680004F001036410002BF7D02A4631463846FE
:10C77800FFF72CFF36B17B6C716853F821203260CB
:10C7880043F8216074B1064628680028E7D12A4694
:10C7980029463846FFF71AFF28600546C0F800808A
:10C7A800DEE73046BDE8F081013B0F4A52F823200E
:10C7B8000023FFF721FE0646C4E701213846FFF7AC
:10C7C800EBFD054640B1012340F27122C0E9043275
:10C7D800002338640360BAE70246044B40F245116F
:10C7E800034800F03BFC00BFD0E80008A4E70008BD
:10C7F80014E800082DE9F0470C46904606464FEA33
:10C8080062192769A36807EB621749687D1C9D4276
:10C8180003DD5B0001319D42FBDC3046FFF7BCFDC8
:10C8280000284DD0B9F1000F00F1140C0BDD09F10F
:10C8380005026346002100EB820243F8041B934281
:10C84800FBD10CEB890C04F11403216918F01F08C3
:10C8580003EB81012BD0C8F12009E6464FF0000A0E
:10C868001A6802FA08F242EA0A024EF8042B53F850
:10C87800042B994222FA09FAF2D80B1B04F115028B
:10C88800153B23F00303914238BF002304334CF8CF
:10C8980003A0BAF1000F00D13D46736C62680561D0
:10C8A80053F82210216043F82240BDE8F087ACF12C
:10C8B800040C53F8042B99424CF8042FF9D8EBE7F1
:10C8C8000246034B4FF4EF71024800F0C7FB00BF6C
:10C8D800A4E7000814E8000884460B690069C01A38
:10C8E80016D10CF1140C14310CEB830201EB830309
:10C8F80010B401E0944508D252F8044D53F8041DD1
:10C908008C42F7D005D24FF0FF305DF8044B7047EA
:10C91800704701205DF8044B704700BF2DE9F04FC8
:10C92800136983B00E6989461546F61A002E14D18C
:10C9380001F1140702F1140101EB830107EB8303F2
:10C9480001E09F427ED253F8044D51F8042D9442E1
:10C95800F7D080F08280012603E0FCDB00260D463C
:10C9680091466968FFF718FD002800F083802F6959
:10C9780005F1140B05F11002D9F8103009F114056E
:10C9880000F114010BEB870E944605EB830A8846E9
:10C998000023C660CDF804B055F8046B5CF8042F8A
:10C9A8001FFA86FBAA4594B2A4EB0B041C444FEA79
:10C9B8001643C3EB124303EB2443A4B244EA0344F3
:10C9C8004FEA234348F8044BE6D8AAEB090209F1D9
:10C9D8001509DDF804B02646153A22F00302CA45C7
:10C9E80038BF00220BEB02080A4408F10408141DA2
:10C9F800C645454635D9A1EB0B0105EB010C55F8A9
:10CA0800042B1FFA82F9D618120CAE454B44B6B265
:10CA180002EB234246EA02464FEA2243CCF8006082
:10CA2800EBD80EF1FF33A3EB080323F003032344F1
:10CA380026B953F8042D013F002AFAD0076103B044
:10CA4800BDE8F08F0021FFF7A7FC60B101220023A9
:10CA5800C0E9042303B0BDE8F08F2B464D46994644
:10CA68007FE71346E4E70246064B40F237210648C3
:10CA780000F0F4FA0246034B40F24521024800F068
:10CA8800EDFA00BFA4E7000814E800082DE9F04318
:10CA98000E4683B00121154659EC108BFFF77CFC3C
:10CAA8000446002844D0C9F30A57C9F313030FB149
:10CAB80043F480130193B8F1000313D101A8FFF7E1
:10CAC80017FD019B01212030636121610FB3A7F29B
:10CAD80033470744C0F1350037602860204603B06B
:10CAE800BDE8F08368460093FFF702FDDDE9002307
:10CAF80030B1C0F1200103FA01F1C3400A430193A8
:10CB0800002B6261A3610CBF012102212161002F6A
:10CB1800DDD104EB8103A0F2324030601869FFF7E1
:10CB2800BDFCC0EB41102860204603B0BDE8F0838F
:10CB38000246034B40F20F31024800F08FFA00BF63
:10CB4800A4E7000814E800082DE9F04F164683B062
:10CB5800002900F09E800C4606F10B058046F4F78C
:10CB68000BFF54F8040C162DA4F1080920F0030754
:10CB780062D8102200231546B542C0F0A280002BCF
:10CB880040F09F80974261DADFF82CB309EB070188
:10CB9800DBF80830D1F804C08B4200F09A802CF002
:10CBA80001030B445B68DB0768D42CF0030C07EB2C
:10CBB8000C03934245DAC30712D454F8083CA9EB96
:10CBC800030ADAF8043023F0030084440CEB070B63
:10CBD8005A4540F3018107EB000B5A4540F3D780D3
:10CBE80031464046F4F70CFC0646002800F02C813C
:10CBF80054F8043CA0F1080223F001034B4493428B
:10CC080000F0B4803A1F242A00F2E280132A00F2CE
:10CC1800B3800346224611681960516859609268CA
:10CC28009A6021464046F4F7F7FA4046F4F7AAFE20
:10CC3800304603B0BDE8F08F25F007052A46EB0F14
:10CC48009AE71F46D1E90223D3609A60781BD9F886
:10CC5800043009EB07020F2803F001031FD83B43F8
:10CC6800C9F80430536843F0010353602646404630
:10CC7800F4F788FE304603B0BDE8F08FC307AFD4A1
:10CC880054F8083CA9EB030ADAF8043023F003004F
:10CC9800A1E7114603B0BDE8F04FF4F7B1BB2B4351
:10CCA80009EB050140F00100C9F80430083141F8EA
:10CCB800040C4046536843F001035360F4F7ACFAA0
:10CCC800D4E70C23C8F800300026304603B0BDE88E
:10CCD800F08F2CF0030C05F110010CEB07038B42CD
:10CCE80080F29280C0073FF57BAF54F8083CA9EB6F
:10CCF800030ADAF8043023F0030084440CEB07033A
:10CD080099423FF768AF3A1F5646DAF80C1056F8C2
:10CD1800080F242AC160886000F2B080132A40F20C
:10CD2800AB8021681B2ACAF808106168CAF80C1081
:10CD380000F2AB8008340AF11002216811606168C2
:10CD48005160A16891605B1B0AEB0502404643F005
:10CD58000103CBF808205360DAF8043003F001032C
:10CD68002B43CAF80430F4F70DFE83E750F8043C6F
:10CD780023F003031F4469E723681B2A03606368E1
:10CD8800436036D804F1080200F1080343E73A1F6C
:10CD98005646DAF80C30242A56F8081FCB609960FA
:10CDA80022D8132A1ED923681B2ACAF808306368B8
:10CDB800CAF80C303CD808340AF1100322681A600B
:10CDC80062685A60A2689A6034465F46D1463DE779
:10CDD8002146FEF705F924E7D1E902133A1FCB6093
:10CDE8009960D5E73346E9E721463046FEF7F8F87B
:10CDF800EAE7A368242A8360E368C36028D004F1C3
:10CE0800100200F1100306E75B1B09EB0502404620
:10CE1800264643F00103CBF80820536054F8043C3D
:10CE280003F001032B4344F8043CF4F7ABFD21E77E
:10CE3800A368242ACAF81030E368CAF8143010D05E
:10CE480010340AF11803B9E74046F4F79BFD3BE7B5
:10CE5800236904F1180203616369436100F118034F
:10CE6800D9E623691834CAF8183054F8043CCAF8CB
:10CE78001C300AF12003A1E732465EE7214630461E
:10CE88000193FEF7ADF8019B5DE7A168242ACAF873
:10CE98001010E168CAF8141003D010340AF118020F
:10CEA8004BE722691834CAF8182054F8042CCAF839
:10CEB8001C200AF1200240E760010020034649B126
:10CEC800FF2A02D801200A7070478A224FF0FF30EB
:10CED8001A6070470846704770B5054684B05BB164
:10CEE8001C460F4BD3F8E060234669B12846B0478B
:10CEF800431C0FD004B070BD094B00F58274D3F801
:10CF0800E06023460029F1D10A46284601A9B04726
:10CF1800431CEFD100228A2322602B6004B070BD2D
:10CF28007405002010B582B0049C00934FF0FF33C5
:10CF3800019400F063F902B010BD00BFB1F90C30E4
:10CF480070B50C46990796B007D504F14303012242
:10CF58002360C4E9043216B070BDB4F90E1005465A
:10CF680000292BDB6A4600F051F8002824DB4FF437
:10CF780080612846019EF4F743FAB4F90C30A0B357
:10CF880006F4704643F080034FF480622060B6F5E3
:10CF9800005F2061A381626135D1B4F90E10284683
:10CFA80000F04AF8B4F90C3068B323F003034FF4E7
:10CFB800006243F0010314E0B4F90C3013F0800F61
:10CFC80028460CBF4FF4806540252946F4F718FA27
:10CFD800B4F90C3048B143F0800300222060C4E962
:10CFE80004051343A38116B070BD9A05B3D423F08A
:10CFF800030304F14302012143F002032260C4E960
:10D008000421A381A7E74FF40062EAE770B50C4654
:10D018000346084D0026204611461C462E60F4F7AC
:10D0280067FF431C00D070BD2B68002BFBD023602A
:10D0380070BD00BF3808002038B50022064D0446F0
:10D0480008462A60F4F764FF431C00D038BD2B68FB
:10D05800002BFBD0236038BD380800200A4D144649
:10D068001A4603462E680D4600B5F06885B044B1EF
:10D0780006490095CDE90114054900F0D1F801F001
:10D0880009FA04490C46F4E70C00002070E800088F
:10D0980080E800087CE8000838B5A1FB021434BB1E
:10D0A800F4F7AEF9054630B350F8042C22F0030229
:10D0B800043A242A0CD8132A0FD91B2AC0E90044A1
:10D0C80012D9242AC0E9024418D000F1100205E060
:10D0D8002146F3F763FF284638BD02460023284659
:10D0E800C2E90033936038BD00F10802F6E7F4F7AF
:10D0F800E9FD0C2303600025284638BD00F118021D
:10D10800C0E90444EAE700BF2DE9F04F8BB01C46A4
:10D11800DDE91478DDF858900290B8F1000F50D08E
:10D1280000291668C3464FF0000508BF4FF0FF37C7
:10D13800924688460196039107E0019B013C53F80B
:10D14800040B019300284AD06546AF4235D9002C1C
:10D1580033D0DBF8003006A9019A0493DBF80430D9
:10D16800126805935B460298D9F8E060B047431C03
:10D178001CD000EB050CBC4526D8039B002BDCD04B
:10D1880000280DDD08F1FF3206A9019E02EB000E12
:10D1980011F8013B02F8013F7245F9D1804401962C
:10D1A800DAF800200432CAF80020C6E78A210022F3
:10D1B800029B05461960CBF8002028460BB0BDE855
:10D1C800F08F00F58678ABE7D846DDF810A0DDF8DB
:10D1D80014B02846C8E900AB0BB0BDE8F08F03993E
:10D1E800D84609B1CAF800000CF1FF3500222846DC
:10D1F800C8F800200BB0BDE8F08F00BF10B584B0B0
:10D20800054C06980090079801900448006802941D
:10D21800FFF77AFF04B010BD740500200C00002051
:10D228000EB410B583B0074C014605AB206853F81F
:10D23800042B019300F008F803B0BDE8104003B0D8
:10D24800704700BF0C0000202DE9F04FC5B08346A1
:10D258009246082214AF049100211C4638460B93CD
:10D26800F3F79CFEBBF1000F04D0DBF83430002B41
:10D2780000F06187049A536EB2F90C20D90740F187
:10D288003A81960400F1538542F40052049923F43C
:10D2980000538A8112B24B66130740F1B980049B90
:10D2A8001B69002B00F0B48002F01A030A2B00F06F
:10D2B800BE801BAA002391460D9318920793CDE9CF
:10D2C8001933CDE90E335546954BD3F8E440FDF7B5
:10D2D80037FF2A46034612A958460097A047002858
:10D2E800034600F0C380C0F2B980129A252A01D003
:10D2F8001D44E9E7B5EB0A06044640F0BB8000236D
:10D308004FF0FF3205F1010A19468DF843300893B2
:10D318006B78069203910AF1010AA3F120025A2AB6
:10D3280000F20081DFE812F08E03FE00FE008703A2
:10D33800FE00FE00FE006703FE00FE002402360227
:10D34800FE002F02A003FE0099035B005B005B0058
:10D358005B005B005B005B005B005B00FE00FE00A7
:10D36800FE00FE00FE00FE00FE00FE00FE00ED01D5
:10D378002603FE00FE00FE00FE00FE00FE00FE008A
:10D38800FE00FE00FE003C02FE00FE00FE00BD01A5
:10D39800FE009C02FE00FE00D805FE00FE00FE0016
:10D3A800FE00FE00FE00FE00FE00FE00FE00ED0195
:10D3B8008301FE00FE00FE005D0383016D00FE0098
:10D3C8001C03FE000E03F902C6026D00FE00BD013B
:10D3D8006A006E02FE00FE001B06FE006A00A3F152
:10D3E8003002002101EB81011AF8013B02EB4101F7
:10D3F800A3F13002092AF5D908918EE79AF800308E
:10D4080089E7039B43F0200303939AF8003082E7EF
:10D41800049D58462946FDF763FD002840F0D08753
:10D42800B5F90C2002F01A030A2B7FF442AF0499D5
:10D43800B1F90E30002BFFF63CAF4B6EDD0702D47E
:10D44800900540F11887234652460499584600F043
:10D45800DFFF0790079845B0BDE8F08F082200214C
:10D468003846F3F79BFD01231D442DE7B5EB0A066B
:10D47800044611D01A9B33441A93199B0133072B86
:10D488001993C9E900A611DC09F10809079B33447F
:10D498000793002C7FF433AF1A9B002B40F03F8793
:10D4A8000022049B1992B3F90C3019E018AA0499C8
:10D4B8005846FDF793FB80B90DF16C09E6E718AA09
:10D4C80004995846FDF78AFB002800F09B80099BC9
:10D4D8001BB109995846F3F79FFE049BB3F90C302A
:10D4E800049A526ED00740F198805B0614D40798CE
:10D4F80045B0BDE8F08F900540F1298191047FF592
:10D50800C3AE9E047FF5C8AE049B9B899A0503D4DD
:10D51800049B986DF3F712FE4FF0FF330793E6E78D
:10D5280074050020002BB7D001228DF8AC302BAD4C
:10D5380000230A928DF843300993CDE90523039C13
:10D54800DDE9193014F0840801461A462ED1089CEA
:10D55800059EA41B002C00F392839DF843304BB327
:10D568004FF00008CDF83080013201230131C9F8AD
:10D578000430072A0DF14303CDE91921C9F8003019
:10D5880000F3158309F108090C9B7BB1013211AB3B
:10D598000231C9F80030072A4FF00203CDE91921FA
:10D5A800C9F8043000F3F68209F10809B8F1800FD0
:10D5B80000F07582069B0A981C1A002C00F3AD82B5
:10D5C8000A9B0132C9F800501944072AC9F80430E7
:10D5D800CDE9192100F3D28209F10809039B5C0700
:10D5E80005D5089B059A9C1A002C00F3ED82059836
:10D5F800DDE907328242ACBF9B181B18079300294C
:10D608007FF45DAF00231993099B1BB10999584614
:10D61800F3F702FE0DF16C0955E69A053FF565AF83
:10D62800049CA06DF3F78AFDB4F90C305DE7039B09
:10D638009B0640F12E840B9B073323F007031A4601
:10D648005B6852F8084B9E460B92002BC0F2A481EF
:10D65800069B002BC0F2AD81039A22F08002039250
:10D66800002B40F0A68154EA0E0314BF01220022C9
:10D6780040F09F819DF84330002B00F01581012177
:10D6880044AD099205910A920692039CDDE919219D
:10D6980014F08408084613463FF459AF00230C934E
:10D6A80062E70022DDF82C808DF8432058F8042B1F
:10D6B8000992002A00F05885532B00F09084039BB0
:10D6C80013F0100440F08B84069A002AC0F2BA8541
:10D6D80021460998FDF73EFD9DF84320099D002845
:10D6E80000F04E86431B0A9323EAE3730593002A4E
:10D6F80000F0388601330694CDF82C800593099400
:10D70800C3E70B9A432B02F1040403D0039BD90609
:10D7180040F147840822002116A82BADF3F73EFC00
:10D728000B9A16AB584612682946FFF7D5FB0346F5
:10D738000A90013300F007860A9B23EAE3730593F6
:10D7480000230B948DF8433009930693F7E6049D64
:10D75800A86DF3F7F1FCB5F90C206B6E95047FF515
:10D7680093AD98047FF598ADD9077FF5CDAED3E694
:10D778000B9B53F8042B002A089280F2D382089A54
:10D788000B9352420892039B43F0040303939AF8C5
:10D798000030C0E52B238DF843309AF80030BAE505
:10D7A800039B9D0643F0100040F1D4820B9B073386
:10D7B80023F0070319465A6851F8083B0B910021DA
:10D7C8008DF8431006990029C0F2388220F4906140
:10D7D80003910699002940F0348253EA020114BFEC
:10D7E8000121002140F02D8210F00102059200F085
:10D7F800938230230DF20F1506918DF80F310A929E
:10D8080009919CE6039A960630D4039B0B9913F072
:10D81800100351F8044B059340F0F385039B13F074
:10D82800400300F02F84069BA4B2DDF814E0002B1F
:10D838008DF843E0C0F23284039B23F08003039306
:10D84800002C40F02B84069A131E18BF0123002ACF
:10D8580040F0248444AD06930B91CDE909336EE67C
:10D86800039B43F010029B0640F188820B9B00212A
:10D8780007338DF8431023F00703D3F804E053F877
:10D88800084B0B93069B8B42C0F2858222F08003E3
:10D898000393069B002B40F08C8054EA0E0314BFC0
:10D8A8000123002340F0858044AD099306930A9331
:10D8B800059344E600210B9B069C47F6300253F87B
:10D8C800040B8C42ADF844208DF843100246C0F298
:10D8D8004883039C24F0800444F002040394002845
:10D8E80040F08A85069C201E18BF0120002C40F0BD
:10D8F800838544AD06900B9305900A90059B039C85
:10D90800023314F084080593DDE91921084613460B
:10D9180000F0C6830023099338E6039884063FF590
:10D9280045AF039A0B9912F0100251F8043B40F0EE
:10D938006685039C14F0400000F034849BB22046B6
:10D948000B913CE7039B990640F1B5820B9B079A24
:10D958001B681A60D2175A600B9B04330B93B2E40E
:10D968009AF800306C2B00F02683039A42F01002DC
:10D978000392D0E4039A42F01003920600F1E88182
:10D988000B9A111D0B9A039314680B914FEAE47ECE
:10D998007346002BBFF65CAE2D2364428DF84330EE
:10D9A8006EEB4E0E069B002B03DB039B23F08003DC
:10D9B80003930A2C7EF1000380F0F381069A303439
:10D9C8009DF84330012A8DF80F41B8BF0122059216
:10D9D800002B40F0B181099301230DF20F150A9332
:10D9E800ADE59AF80030682B00F0EF82039A42F018
:10D9F800400203928FE45846FDF7A8FB4368184697
:10DA08000F93FAF727FF0E9004465846FDF79EFB42
:10DA180082689AF800300D92002C3FF47CAC002A02
:10DA28003FF479AC1278002A3FF475AC039A42F4BB
:10DA3800806203926FE4039B43F0010303939AF817
:10DA4800003068E49DF843209AF80030002A7FF4FB
:10DA580062AC20228DF843205DE4039B43F08003F1
:10DA680003939AF8003056E4504610F8013B2A2BED
:10DA780000F09A84A3F13002092A00F24B840021B5
:10DA880001EB810110F8013B02EB4101A3F13002E7
:10DA9800092AF5D941EAE172824606923DE4089BDB
:10DAA80005981C1A002C7FF785AD102CB14E21DD8E
:10DAB8000C954FF01008049D02E0103C102C18DD66
:10DAC80001321031072AC9E90068CDE9192109F1A5
:10DAD8000809F2DD18AA29465846FDF77FF80028FC
:10DAE8007FF4F5AC103C0DF16C09102CDDE919211F
:10DAF800E6DC0C9D01322144C9F80060072AC9F808
:10DB08000440CDE9192100F31B83069B09F108099C
:10DB18000A981C1A002C7FF753AD102C954E1FDD68
:10DB28004FF0100802E0103C102C19DD01321031C2
:10DB3800904B072AC9E90038CDE9192109F10809EC
:10DB4800F1DD18AA049958460DF16C09FDF746F85D
:10DB580000287FF4BCAC103C102CDDE91921E5DC71
:10DB680001322144C9F80060072AC9F80440CDE908
:10DB7800192100F3C48009F1080921E518AA0499BC
:10DB88005846FDF72BF800287FF4A1AC1A990DF13F
:10DB98006C0923E518AA04995846FDF71FF80028D0
:10DBA8007FF495AC0DF16C09DDE91921FEE418AAA2
:10DBB80004995846FDF712F800287FF488AC0DF157
:10DBC8006C09DDE91921DFE4102C199BDFF8A88125
:10DBD80021DD46461025DDF8108002E0103C102CAF
:10DBE80018DD01331031072BC9E90065CDE919317A
:10DBF80009F10809F2DD18AA414658460DF16C09E9
:10DC0800FCF7ECFF00287FF462AC103C102CDDE937
:10DC18001931E6DCB04601332144072BC9E90084F9
:10DC2800CDE919317FF7E3AC18AA04995846FCF7F7
:10DC3800D5FF00287FF44BAC1A99D8E420F4806112
:10DC4800039144AD03F00701DB08284643EA427319
:10DC58003031D20805F8011D53EA0204F2D1302907
:10DC680002D0039BDE077CD444AB5B1B0A930022E3
:10DC78000992069A9A42B8BF1A4605925FE40022B2
:10DC88000C92102C1A46DFF8F08022DD464610234D
:10DC9800DDF8108002E0103C102C19DD0132103044
:10DCA800072AC9E90063CDE9192009F10809F2DD5D
:10DCB80018AA414658460DF16C09FCF78FFF002859
:10DCC8007FF405AC103C1023102CDDE91920E5DCAD
:10DCD800B04601322118C9F80080072AC9F8044063
:10DCE800CDE9192100F3FE819DF8433009F10809B7
:10DCF8005BBB0C9800283FF45DAC984646E418AA34
:10DD080004995846FCF76AFF00287FF4E0AB0DF150
:10DD18006C09DDE9192153E4059A44AD06920A928B
:10DD280009920CE40B939AF80030FFF7F4BA9D04BB
:10DD38007FF5B2AAFFF7F0BB002501320123059257
:10DD4800CDE909530DF20F159FE44FF000080BE4DD
:10DD5800039370E40B9B191D0B9B00220B911B680E
:10DD68002DE53023023805F8013C44AB05461B1A63
:10DD78000A937CE7D4EA0008E4EA00080B9B191D23
:10DD88000B9B4FF0000E0B911C68069B8DF843E02F
:10DD98007345BFF67BAD0A2C03927EF10003FFF4B6
:10DDA8000DAE039B764644A9DFF8F48303F480653F
:10DDB8000023CDF814909E46CDE909BADDF834A0C9
:10DDC80023E0A319A3463046494643F10003A8FBC4
:10DDD800032C2CF0030202EB9C029B1A4FF0CC326E
:10DDE800E31A66F1000602FB03F2BBF10A0FA3FB7C
:10DDF800084308FB06224FEA540470F1000013445C
:10DE080044EAC3744FEA53062BD3A3190EF1010E4B
:10DE180001F1FF3943F10003A8FB032020F00302BE
:10DE280002EB90029B1AE31AA3FB083266F100008A
:10DE38005B0808FB002243EAC27303EB8303A4EBED
:10DE48004303303301F8013C002DBAD09AF8003072
:10DE58007345B6D1FF2BB4D00A2C76F1000380F0BD
:10DE68000F824D4644AB06995B1BCDF834A0DDF814
:10DE780014901A469142DDE909BAB8BF11460A93CF
:10DE88009DF843300591002B56D0059B013305932F
:10DE980052E0039B0B99DE0651F8044B3FF572AD37
:10DEA800039B5D0640F16C8144F3C03E0B9124B2A4
:10DEB8007346FFF7CABB039BDA0600F14F81039B49
:10DEC8005B0600F1B981039B9E0540F147810B9BDE
:10DED800079A1B681A703FE5AE48039A12F02001B2
:10DEE80000F0F0800B9A073222F0070214465168BE
:10DEF80054F8082B0B9452EA0104039D14BF012423
:10DF08000024ED0702D5002C40F0038100238DF892
:10DF18004330069B002B039BC0F2CD8023F4906313
:10DF28000393069B002B40F0C980002C40F0C6806C
:10DF380044AD06940A940594039CDDE9192114F074
:10DF480084080846134600F053829DF84330002B9E
:10DF580000F04482002309930C93FFF705BB8E4819
:10DF6800BBE7039802240B9340F0020003908A4811
:10DF780044AD02F00F031209C35C42EA01720909B9
:10DF880005F8013D52EA0103F3D144AB069A5B1B45
:10DF98009A420A93B8BF1A460592002C7FF4AEAC99
:10DFA800CAE70B9B2BAD1B688DF8AC30012305939A
:10DFB8000A93FFF7C5BB039B0AF1010A43F020034C
:10DFC80003939AF80030FFF7A6B9039B0AF1010AF8
:10DFD80043F4007303939AF80030FFF79CB9099B48
:10DFE8000822002116A81393F2F7D8FF069E002EE8
:10DFF800C0F2ED80002425460DE02BA95846FEF717
:10E008006BFF411C04F10404284400F09C81B042D9
:10E0180006DC06D00546139A16AB1259002AECD135
:10E028000695069B002B00F0E280632B40F31F81CE
:10E03800591C5846F3F7E4F90546002800F0838197
:10E0480009900822002116A8F2F7A8FF069C16AB33
:10E0580013AA2946584600932346FEF763FF8442D5
:10E0680040F0BF810699002321EAE1706B549DF8C6
:10E0780043200590002A40F05C810692CDE90A18F9
:10E08800FFF75DBA039A12F4007240F0C780069B4E
:10E0980096468DF84320002BBFF6CEAB0B9188E453
:10E0A800089C059ECDF82480A41B002C7FF76EAA3F
:10E0B80002220C92E5E523F480630393039B03F0AB
:10E0C800020455E70B9C54F8042B0B94039C14F0A2
:10E0D80010047FF410AF039911F040016CD092B294
:10E0E800214608E718AA04995846FCF777FD8046A8
:10E0F80000287FF4ECA99DF84330DDE91921002BB5
:10E1080061D10C9B0DF16C09002B7FF43FAAFFF73E
:10E1180051BA8DF8453030238DF8443000238DF8FE
:10E128004330069B002B6EDA039B23F4806343F095
:10E1380002030393C2E75846F2F79AFEFFF79AB82C
:10E1480018AA04995846FCF749FD00287FF4BFA98E
:10E158000DF16C09DDE91921FFF72CBA0B9B079A21
:10E168001B681A60FFF7F8BB069B0C4D062BCDF811
:10E178002C80069228BF062305930A93FFF7DFB980
:10E18800039B0B91980552D544F3C01E64B27346A5
:10E19800FFF75BBA2CE7000818E7000840E700081B
:10E1A800CDCCCCCC039C14F4007233D00246DBB245
:10E1B80020460B91FFF703BB039C14F4007414BFB3
:10E1C800D2B2214697E60DF16C09FFF7CDB916AB2F
:10E1D80013AA5846009300231946FEF7A3FE0346E8
:10E1E8000690013300F0AF80099B139319E79DF85F
:10E1F8004330099D003BCDF82C8018BF01230593BF
:10E20800069B0A9398E6039B23F4906343F002036A
:10E21800039353E703980B91FFF7D1BA9E468DF805
:10E228004330069BE4B2002BBFF606AB36E74FEA55
:10E23800E47E7346FFF709BA0B9B079A1B681A809E
:10E24800FFF78ABB099D2846FAF704FB9DF843307F
:10E2580020EAE0720A900592002B00F08A800132D1
:10E268000694CDF82C8005920994FFF70EBA002386
:10E278002BAD0993E5E6886DF2F760FFFFF7E3B889
:10E288000E9A0F99A9EB020B5846FCF727FF9AF84C
:10E2980001300BB10AF1010AA3195B4A4FF0CC31E6
:10E2A8004FF0010E43F100030BF1FF39A2FB030C01
:10E2B8002CF0030000EB9C001B1AE31A66F1000621
:10E2C80003FB01F1A3FB023002FB061123FA0EF354
:10E2D800014443EAC17421FA0EF6A31943F100037D
:10E2E800A2FB031020F0030101EB90015B1AE31A73
:10E2F800A3FB023166F1000023FA0EF302FB0012C1
:10E3080043EAC27303EB8303A4EB430330330BF8F4
:10E31800013C9BE5002282460692FEF7FEBF18AA42
:10E3280004995846FCF75AFC00283FF4B9A8FFF7AF
:10E33800D4B8069ACDF82C800A92059A0693013231
:10E348000592FFF7A2B90498B0F90C30426E43F079
:10E358004001D20781813FF5DFA899053FF5DCA888
:10E36800FFF75EB9099D0692CDF82C800992FFF758
:10E37800E6B8099D0693CDF82C800993FFF7DFB81E
:10E388004AB1069ACDF82C80511C0A920690059144
:10E398000990FFF77AB9069B0992CDF82C800A9369
:10E3A80005930692FFF7CBB80B9A9AF8013082468C
:10E3B80052F8041B41EAE1710B920691FEF7ABBFDC
:10E3C800049A536EDF073FF5A7A893899E053FF58A
:10E3D800A3A8906DF2F7B2FEFFF79EB80993FFF776
:10E3E800E5B8049A938943F040039381FFF76FB827
:10E3F800CDF82480FFF7ABB804480B935EE603988A
:10E40800AAE4039ABCE400BFCDCCCCCC18E7000842
:10E418002DE9F04198468B89ADF58D6D164623F0B0
:10E428000203074616A80D46ADF80C301AAB6C4629
:10E43800009304934FF48063029305934B6E1993F2
:10E44800CB89ADF80E30CB6907934B6A099300234B
:10E458000693F2F76DFE3246434669463846FEF7A4
:10E46800F3FE061E07DB69463846F3F78BFB0028E8
:10E4780018BF4FF0FF36A3895B0603D5AB8943F07D
:10E488004003AB81A06DF2F755FE30460DF58D6D5A
:10E49800BDE8F081062008B500F004F80120F3F784
:10E4A800D7FC00BF38B51F28134B1D681ED8D5F8F8
:10E4B8003821044662B152F820304BB1012B05D007
:10E4C800591C0FD0002142F820109847002038BD71
:10E4D800284600F029F8224601462846BDE838407B
:10E4E80000F00CB8162301202B6038BD16234FF01E
:10E4F800FF302B6038BD00BF0C00002070B50C4603
:10E508000346084D0026204611461C462E60F3F7A8
:10E518008FFC431C00D070BD2B68002BFBD0236000
:10E5280070BD00BF38080020F3F77ABCF8B500BF0B
:10E53800F8BC08BC9E467047F8B500BFF8BC08BCDC
:04E548009E46704734
:10E5500049444C450000000009256309257509253B
:10E56000750925750D0A0000546D722053766300FD
:10E57000546D7251000000000D0A3D3D3D20525483
:10E580004F53204C61622030313A20546F6F6C63DE
:10E590006861696E202620456E7669726F6E6D65C2
:10E5A0006E7420566572696679203D3D3D0D000010
:10E5B000506C6174666F726D3A20576541637420C8
:10E5C00053544D3332483530334342543620207C47
:10E5D00020204350553A20323530204D487A204390
:10E5E0006F727465782D4D33330D00005461736B79
:10E5F000733A20426C696E6B2028353030206D7381
:10E6000029207C204865617274626561742028311C
:10E61000303030206D73290D0A0D0000426C696E98
:10E620006B000000484200005B4D41494E5D2053A5
:10E6300074617274696E67207363686564756C6574
:10E64000722E2E2E0D0A0D004F4E20004F46460012
:10E650005B424C494E4B5D204C45442025732020A5
:10E6600028746F67676C652023256C75290D0A0077
:10E670005B48425D20202020757074696D65203DE7
:10E6800020256C75206D730D0A0000005B46415417
:10E69000414C5D20537461636B206F766572666CCC
:10E6A0006F773A2025730D0A000000005B46415445
:10E6B000414C5D204672656552544F532068656138
:10E6C00070206578686175737465640D00000000E2
:10E6D0000000000000000000010203040607080912
:10E6E0000000000001020304010002000400060013
:10E6F00008000A000C00100020004000800000010B
:10E70000070000000A000000494E4600696E6600DE
:10E710004E414E006E616E00303132333435363743
:10E72000383961626364656600000000303132335D
:10E7300034353637383941424344454600000000FD
:10E74000286E756C6C290000300000002E0000005F
:10E750004C435F434F4C4C41544500004C435F4396
:10E7600054595045000000004C435F4D4F4E4554F6
:10E77000415259004C435F4E554D455249430000AC
:10E780004C435F54494D45004C435F4D4553534105
:10E7900047455300496E66696E6974790000000050
:10E7A0004E614E0042616C6C6F63207375636365EC
:10E7B00065646564000000002F646174612F6A6500
:10E7C0006E6B696E732F776F726B73706163652FF9
:10E7D000474E552D746F6F6C636861696E2F61725F
:10E7E0006D2D31342D352F7372632F6E65776C6903
:10E7F000622D63796777696E2F6E65776C69622F1A
:10E800006C6962632F7374646C69622F64746F61E6
:10E810002E6300002F646174612F6A656E6B696EF0
:10E82000732F776F726B73706163652F474E552D31
:10E83000746F6F6C636861696E2F61726D2D313416
:10E840002D352F7372632F6E65776C69622D637936
:10E850006777696E2F6E65776C69622F6C6962638A
:10E860002F7374646C69622F6D707265632E630020
:10E870002C2066756E6374696F6E3A20000000008C
:10E88000617373657274696F6E202225732220662E
:10E8900061696C65643A2066696C65202225732283
:10E8A0002C206C696E65202564257325730A000091
:10E8B0003030303030303030303030303030303058
:10E8C0002020202020202020202020202020202048
:10E8D00005000000190000007D000000000000009D
:10E8E0000080E03779C34143176E05B5B5B893464C
:10E8F000F5F93FE9034F384D321D30F94877825A18
:10E900003CBF737FDD4F1575000000000000F03F35
:10E9100000000000000024400000000000005940FA
:10E920000000000000408F40000000000088C3404D
:10E9300000000000006AF8400000000080842E41C2
:10E9400000000000D01263410000000084D797410E
:10E950000000000065CDCD41000000205FA0024214
:10E96000000000E876483742000000A2941A6D4289
:10E97000000040E59C30A2420000901EC4BCD6427C
:10E9800000003426F56B0C430080E03779C3414327
:10E9900000A0D8855734764300C84E676DC1AB439D
:10E9A000003D9160E458E143408CB5781DAF1544BB
:10E9B00050EFE2D6E41A4B4492D54D06CFF0804496
:10E9C000F64AE1C7022DB544B49DD9794378EA44AB
:10E9D000002020202020202020202828282828202F
:10E9E0002020202020202020202020202020202027
:10E9F000208810101010101010101010101010108F
:10EA0000100404040404040404040410101010107E
:10EA10001010414141414141010101010101010148
:10EA2000010101010101010101010101101010109A
:10EA3000101042424242424202020202020202021A
:10EA4000020202020202020202020202101010106E
:10EA50002000000000000000000000000000000096
:10EA600000000000000000000000000000000000A6
:10EA70000000000000000000000000000000000096
:10EA80000000000000000000000000000000000086
:10EA90000000000000000000000000000000000076
:10EAA0000000000000000000000000000000000066
:10EAB0000000000000000000000000000000000056
:10EAC0000000000000000000000000000000000046
:10EAD00000000000303030303030303030303030F6
:10EAE00030303030202020202020202020202020E6
:04EAF00020202020A2
:08EAF4009817FF7F01000000EC
:08EAFC00491100080D0D00088E
:04EB0400E50C000814
:10EB08000000000003000000FC06002010000020A8
:10EB180000000000FC06002064070020CC0700204D
:10EB280000000000000000000000000000000000DD
:10EB380000000000000000000000000000000000CD
:10EB480000000000000000000000000000000000BD
:10EB580000000000000000000000000000000000AD
:10EB6800000000000000000000000000000000009D
:10EB7800000000000000000000000000000000008D
:10EB8800000000000000000000000000000000007D
:10EB9800000000000000000000000000000000006D
:10EBA800000000000000000001000000000000005C
:10EBB8000E33CDAB34126DE6ECDE05000B00000021
:10EBC800000000000000000000000000000000003D
:10EBD800000000000000000000000000000000002D
:10EBE800000000000000000000000000000000001D
:10EBF800000000000000000000000000000000000D
:10EC080000000000000000000000000000000000FC
:10EC180000000000000000000000000000000000EC
:10EC280000000000000000000000000000000000DC
:10EC380000000000000000000000000000000000CC
:10EC480000000000000000000000000000000000BC
:10EC580040080020FFFFFFFF000002000000000046
:10EC6800000000000000000060010020600100209A
:10EC78006801002068010020700100207001002058
:10EC88007801002078010020800100208001002008
:10EC980088010020880100209001002090010020B8
:10ECA8009801002098010020A0010020A001002068
:10ECB800A8010020A8010020B0010020B001002018
:10ECC800B8010020B8010020C0010020C0010020C8
:10ECD800C8010020C8010020D0010020D001002078
:10ECE800D8010020D8010020E0010020E001002028
:10ECF800E8010020E8010020F0010020F0010020D8
:10ED0800F8010020F8010020000200200002002085
:10ED18000802002008020020100200201002002033
:10ED280018020020180200202002002020020020E3
:10ED38002802002028020020300200203002002093
:10ED48003802002038020020400200204002002043
:10ED580048020020480200205002002050020020F3
:10ED680058020020580200206002002060020020A3
:10ED78006802002068020020700200207002002053
:10ED88007802002078020020800200208002002003
:10ED980088020020880200209002002090020020B3
:10EDA8009802002098020020A0020020A002002063
:10EDB800A8020020A8020020B0020020B002002013
:10EDC800B8020020B8020020C0020020C0020020C3
:10EDD800C8020020C8020020D0020020D002002073
:10EDE800D8020020D8020020E0020020E002002023
:10EDF800E8020020E8020020F0020020F0020020D3
:10EE0800F8020020F8020020000300200003002080
:10EE1800080300200803002010030020100300202E
:10EE280018030020180300202003002020030020DE
:10EE3800280300202803002030030020300300208E
:10EE4800380300203803002040030020400300203E
:10EE580048030020480300205003002050030020EE
:10EE6800580300205803002060030020600300209E
:10EE7800680300206803002070030020700300204E
:10EE880078030020780300208003002080030020FE
:10EE980088030020880300209003002090030020AE
:10EEA8009803002098030020A0030020A00300205E
:10EEB800A8030020A8030020B0030020B00300200E
:10EEC800B8030020B8030020C0030020C0030020BE
:10EED800C8030020C8030020D0030020D00300206E
:10EEE800D8030020D8030020E0030020E00300201E
:10EEF800E8030020E8030020F0030020F0030020CE
:10EF0800F8030020F803002000040020000400207B
:10EF18000804002008040020100400201004002029
:10EF280018040020180400202004002020040020D9
:10EF38002804002028040020300400203004002089
:10EF48003804002038040020400400204004002039
:10EF580048040020480400205004002050040020E9
:10EF68005804002058040020600400206004002099
:10EF78006804002068040020700400207004002049
:10EF880078040020780400208004002080040020F9
:10EF980088040020880400209004002090040020A9
:10EFA8009804002098040020A0040020A004002059
:10EFB800A8040020A8040020B0040020B004002009
:10EFC800B8040020B8040020C0040020C0040020B9
:10EFD800C8040020C8040020D0040020D004002069
:10EFE800D8040020D8040020E0040020E004002019
:10EFF800E8040020E8040020F0040020F0040020C9
:10F00800F8040020F8040020000500200005002076
:10F018000805002008050020100500201005002024
:10F0280018050020180500202005002020050020D4
:10F038002805002028050020300500203005002084
:10F048003805002038050020400500204005002034
:10F0580048050020480500205005002050050020E4
:10F0680058050020580500200090D003100000002B
:10F078000100000043000000000000000000000044
:10F088000000000000000000000000000000000078
:10F098000000000043000000000000000000000025
:10F0A8000000000000000000000000000000000058
:10F0B8000000000043000000000000000000000005
:10F0C8000000000000000000000000000000000038
:10F0D80000000000430000000000000000000000E5
:10F0E8000000000000000000000000000000000018
:10F0F80000000000430000000000000000000000C5
:10F1080000000000000000000000000000000000F7
:10F1180000000000430000000000000000000000A4
:10F1280000000000000000000000000000000000D7
:10F138000000000043000000000000000000000084
:10F1480000000000000000000000000000000000B7
:10F1580000000000C5CE000875C3000800000000CC
:10F16800D0E900084CE700087CE800087CE80008C3
:10F178007CE800087CE800087CE800087CE80008D7
:10F188007CE800087CE800087CE80008FFFFFFFF37
:10F19800FFFFFFFFFFFFFFFFFFFF000001004153DC
:10F1A8004349490000000000000000000000000082
:10F1B80000000000000000000000000000004153B3
:10F1C8004349490000000000000000000000000062
:10F1D8000000000000000000000000000000000027
:0400000508001CD9FA
:00000001FF
