:020000040800F2
:1000000000800020D91C0008351D0008351D00089F
:10001000351D0008351D0008351D000800000000D2
:1000200000000000000000000000000085820008C1
:10003000351D000800000000258200088D7E0008A4
:10004000351D0008351D0008351D000800000000A2
:10005000351D0008351D0008351D00080000000092
:10006000351D0008351D000800000000351D000882
:10007000351D0008351D0008351D0008351D000818
:10008000351D0008351D0008351D0008351D000808
:10009000351D0008351D0008351D0008351D0008F8
:1000A000351D0008351D0008351D0008351D0008E8
:1000B000351D0008351D0008351D0008351D0008D8
:1000C000351D0008351D0008351D0008351D0008C8
:1000D00000000000351D0008351D0008351D000812
:1000E000351D0008351D0008351D0008351D0008A8
:1000F000351D0008351D0008351D000800000000F2
:1001000000000000351D0008351D0008351D0008E1
:10011000351D0008351D0008351D0008351D000877
:10012000351D0008351D0008351D0008351D000867
:10013000351D00080000000000000000351D00080B
:10014000351D000800000000000000000000000055
:100150000000000000000000351D00080000000045
:100160000000000000000000351D0008351D0008DB
:10017000000000000000000000000000000000007F
:10018000000000000000000000000000000000006F
:10019000000000000000000000000000000000005F
:1001A0000000000000000000351D0008351D00089B
:1001B000351D0008351D0008351D0008351D0008D7
:1001C000351D0008351D000800000000000000007B
:1001D000000000000000000000000000351D0008C5
:1001E000351D0008000000000000000000000000B5
:1001F00000000000000000000000000000000000FF
:1002000000000000351D0008351D0008000000003A
:1002100000000000351D0008000000000000000084
:10022000000000000000000000000000351D000874
:10023000351D000800000000000000000000000064
:10024000000000000000000000000000351D000854
:08025000351D0008351D0008F2
:1002580053B94AB9002908BF00281CBF4FF0FF3125
:100268004FF0FF3000F00CB8ADF1080C6DE904CE8A
:1002780008F042FADDF804E0DDE9022304B0704733
:10028800704700BF844641EA000313F0030349D1D5
:10029800403A23D30B6803604B6843608B688360E4
:1002A800CB68C3600B6903614B6943618B698361E8
:1002B800CB69C3610B6A03624B6A43628B6A8362D0
:1002C800CB6AC3620B6B03634B6B43638B6B8363B8
:1002D800CB6BC36340304031403ADBD230320BD372
:1002E8000B6803604B6843608B688360CB68C360AE
:1002F80010301031103AF3D20C3205D351F8043BC8
:1003080040F8043B043AF9D2043208D0D2071CBFA3
:1003180011F8013B00F8013B01D30B8803806046CC
:10032800704700BF082A13D38B07B1D010F003031E
:10033800AED0C3F10403D21ADB071CBF11F8013B8E
:1003480000F8013BA4D331F8023B20F8023B9FE7B9
:10035800043AD9D3013A11F8013B00F8013BF9D22C
:100368000B7803704B7843708B78837060467047C6
:1003780081F0004102E000BF83F0004330B54FEA4E
:1003880041044FEA430594EA050F08BF90EA020FBB
:100398001FBF54EA000C55EA020C7FEA645C7FEA4E
:1003A800655C00F0E2804FEA5454D4EB5555B8BF71
:1003B8006D420CDD2C4480EA020281EA030382EAE2
:1003C800000083EA010180EA020281EA0303362D74
:1003D80088BF30BD11F0004F4FEA01314FF4801C47
:1003E8004CEA113102D0404261EB410113F0004F59
:1003F8004FEA03334CEA133302D0524263EB430310
:1004080094EA050F00F0A780A4F10104D5F1200EAD
:100418000DDB02FA0EFC22FA05F2801841F1000108
:1004280003FA0EF2801843FA05F359410EE0A5F1DC
:1004380020050EF1200E012A03FA0EFC28BF4CF00D
:10044800020C43FA05F3C01851EBE37101F00045C3
:1004580007D54FF0000EDCF1000C7EEB00006EEBD0
:100468000101B1F5801F1BD3B1F5001F0CD349085A
:100478005FEA30004FEA3C0C04F101044FEA4452B1
:1004880012F5800F80F09A80BCF1004F08BF5FEA38
:10049800500C50F1000041EB045141EA050130BD18
:1004A8005FEA4C0C404141EB0101013C28BFB1F52A
:1004B800801FE9D291F0000F04BF01460020B1FA75
:1004C80081F308BF2033A3F10B03B3F120020CDA48
:1004D8000C3208DD02F1140CC2F10C0201FA0CF026
:1004E80021FA02F10CE002F11402D8BFC2F1200C8B
:1004F80001FA02F120FA0CFCDCBF41EA0C01904041
:10050800E41AA2BF01EB0451294330BD6FEA040489
:100518001F3C1CDA0C340EDC04F11404C4F1200274
:1005280020FA04F001FA02F340EA030021FA04F386
:1005380045EA030130BDC4F10C04C4F1200220FADD
:1005480002F001FA04F340EA0300294630BD21FA1B
:1005580004F0294630BD94F0000F83F4801306BFE1
:1005680081F480110134013D4EE77FEA645C18BFD5
:100578007FEA655C29D094EA050F08BF90EA020F6C
:1005880005D054EA000C04BF1946104630BD91EA64
:10059800030F1EBF0021002030BD5FEA545C05D167
:1005A8004000494128BF41F0004130BD14F58004A6
:1005B8003CBF01F5801130BD01F0004545F0FE411A
:1005C80041F470014FF0000030BD7FEA645C1ABF4F
:1005D800194610467FEA655C1CBF0B46024650EA86
:1005E800013406BF52EA033591EA030F41F40021B2
:1005F80030BD00BF90F0000F04BF0021704730B538
:100608004FF4806404F132044FF000054FF000010C
:1006180050E700BF90F0000F04BF0021704730B5CD
:100628004FF4806404F1320410F0004548BF4042A2
:100638004FF000013EE700BF42004FEAE2014FEAF7
:1006480031014FEA02701FBF12F07F4393F07F4FD2
:1006580081F06051704732F07F4208BF704793F0D5
:100668007F4F04BF41F40021704730B54FF46074E8
:1006780001F0004521F000411CE700BF50EA0102EB
:1006880008BF704730B54FF000050AE050EA010294
:1006980008BF704730B511F0004502D5404261EB04
:1006A80041014FF4806404F132045FEA915C3FF445
:1006B800D8AE4FF003025FEADC0C18BF03325FEAE2
:1006C800DC0C18BF033202EBDC02C2F1200300FA93
:1006D80003FC20FA02F001FA03FE40EA0E0021FAB8
:1006E80002F11444BDE600BF70B54FF0FF0C4CF4A6
:1006F800E06C1CEA11541DBF1CEA135594EA0C0F58
:1007080095EA0C0F00F0DEF82C4481EA030621EA92
:100718004C5123EA4C5350EA013518BF52EA0335CD
:1007280041F4801143F4801338D0A0FB02CE4FF07F
:100738000005E1FB02E506F00042E0FB03E54FF0AF
:100748000006E1FB03569CF0000F18BF4EF0010EA7
:10075800A4F1FF04B6F5007F64F5407404D25FEAA3
:100768004E0E6D4146EB060642EAC62141EA555156
:100778004FEAC52040EA5E504FEACE2EB4F1FD0C98
:1007880088BFBCF5E06F1ED8BEF1004F08BF5FEA16
:10079800500E50F1000041EB045170BD06F00046C8
:1007A80046EA010140EA020081EA0301B4EB5C0475
:1007B800C2BFD4EB0C0541EA045170BD41F480116D
:1007C8004FF0000E013C00F3AB8014F1360FDEBF92
:1007D800002001F0004170BDC4F10004203C35DA6E
:1007E8000C341BDC04F11404C4F1200500FA05F3F1
:1007F80020FA04F001FA05F240EA020001F0004292
:1008080021F0004110EBD37021FA04F642EB060107
:100818005EEA430E08BF20EAD37070BDC4F10C0431
:10082800C4F1200500FA04F320FA05F001FA04F2F5
:1008380040EA020001F0004110EBD37041F10001E1
:100848005EEA430E08BF20EAD37070BDC4F12005EC
:1008580000FA05F24EEA020E20FA04F301FA05F254
:1008680043EA020321FA04F001F0004121FA04F2FC
:1008780020EA020000EBD3705EEA430E08BF20EACC
:10088800D37070BD94F0000F0FD101F00046400006
:1008980041EB010111F4801F08BF013CF7D041EA88
:1008A800060195F0000F18BF704703F0004652008C
:1008B80043EB030313F4801F08BF013DF7D043EA5D
:1008C8000603704794EA0C0F0CEA135518BF95EA13
:1008D8000C0F0CD050EA410618BF52EA4306D1D19A
:1008E80081EA030101F000414FF0000070BD50EAB9
:1008F800410606BF1046194652EA430619D094EA43
:100908000C0F02D150EA013613D195EA0C0F05D12C
:1009180052EA03361CBF104619460AD181EA030180
:1009280001F0004141F0FE4141F470014FF0000038
:1009380070BD41F0FE4141F4780170BD70B54FF0D3
:10094800FF0C4CF4E06C1CEA11541DBF1CEA135553
:1009580094EA0C0F95EA0C0F00F0A7F8A4EB050435
:1009680081EA030E52EA03354FEA013100F088802C
:100978004FEA03334FF0805545EA131343EA1263F5
:100988004FEA022245EA111545EA10654FEA0026AA
:100998000EF000419D4208BF964244F1FD0404F563
:1009A800407402D25B084FEA3202B61A65EB0305BF
:1009B8005B084FEA32024FF480104FF4002CB6EB7C
:1009C800020E75EB030E22BFB61A754640EA0C00FC
:1009D8005B084FEA3202B6EB020E75EB030E22BF3C
:1009E800B61A754640EA5C005B084FEA3202B6EB7D
:1009F800020E75EB030E22BFB61A754640EA9C003C
:100A08005B084FEA3202B6EB020E75EB030E22BF0B
:100A1800B61A754640EADC0055EA060E18D04FEAC9
:100A2800051545EA16754FEA06164FEAC30343EA69
:100A380052734FEAC2025FEA1C1CC0D111F4801F36
:100A48000BD141EA00014FF000004FF0004CB6E72F
:100A580011F4801F04BF01430020B4F1FD0C88BFCE
:100A6800BCF5E06F3FF6AFAEB5EB030C04BFB6EBD9
:100A7800020C5FEA500C50F1000041EB045170BDCC
:100A88000EF0004E4EEA113114EB5C04C2BFD4EBF9
:100A98000C0541EA045170BD41F480114FF0000E7D
:100AA800013C90E645EA060E8DE60CEA135594EAF9
:100AB8000C0F08BF95EA0C0F3FF43BAF94EA0C0FFC
:100AC8000AD150EA01347FF434AF95EA0C0F7FF471
:100AD80025AF104619462CE795EA0C0F06D152EAC5
:100AE80003353FF4FDAE1046194622E750EA4106A9
:100AF80018BF52EA43067FF4C5AE50EA41047FF4BA
:100B08000DAF52EA43057FF4EBAE12E74FF0FF3C1E
:100B180006E000BF4FF0010C02E000BF4FF0010CEF
:100B28004DF804CD4FEA410C7FEA6C5C4FEA430C68
:100B380018BF7FEA6C5C1BD001B050EA410C0CBFB7
:100B480052EA430C91EA030F02BF90EA020F002019
:100B5800704710F1000F91EA030F58BF994208BF80
:100B680090422CBFD8176FEAE37040F0010070473D
:100B78004FEA410C7FEA6C5C02D150EA013C07D194
:100B88004FEA430C7FEA6C5CD6D152EA033CD3D0DF
:100B98005DF8040B704700BF8446104662468C46D9
:100BA8001946634600E000BF01B5FFF7B7FF00280C
:100BB80048BF10F1000F01BD4DF808EDFFF7F4FF35
:100BC8000CBF012000205DF808FB00BF4DF808EDC0
:100BD800FFF7EAFF34BF012000205DF808FB00BFE3
:100BE8004DF808EDFFF7E0FF94BF012000205DF805
:100BF80008FB00BF4DF808EDFFF7CEFF94BF0120BA
:100C080000205DF808FB00BF4DF808EDFFF7C4FFB2
:100C180034BF012000205DF808FB00BF4FEA410CFB
:100C28007FEA6C5C02D150EA013C0AD14FEA430CDE
:100C38007FEA6C5C02D152EA033C02D14FF000001B
:100C480070474FF0010070474FEA410212F5001259
:100C580015D211D56FF47873B3EB625212D94FEAFB
:100C6800C12343F0004343EA505311F0004F23FAE5
:100C780002F018BF404270474FF00000704750EA3A
:100C8800013005D111F0004008BF6FF000407047F7
:100C98004FF00000704700BF0348044B834202D066
:100CA800034B03B118477047E4060020E406002010
:100CB80000000000064B0749C91A891048BF0131D6
:100CC800491003D0044B0BB101481847704700BFC7
:100CD800E4060020E40600200000000010B5064CE1
:100CE800237843B9FFF7D8FF044B13B10448AFF397
:100CF80000800123237010BDE406002000000000DE
:100D08001CE8000808B5054B1BB105490548AFF3B9
:100D18000080BDE80840FFF7CDBF00BF000000001D
:100D2800E80600201CE80008024A0349034800F0CE
:100D3800C9B800BF00000020991900081000002061
:100D48000C4B4168994210B5044601D000F020FED2
:100D5800A168094B994202D0204600F019FEE168CB
:100D6800064B994204D02046BDE8104000F010BE62
:100D780010BD00BF0007002068070020D007002032
:100D88002DE9F843314A0025314C04233149DFF875
:100D9800D89004F15C00DFF8D4802F4F2F4E1160FB
:100DA8002946082225606566C4E90335C4E901556A
:100DB800C4E9055500F0F2F804F15800E662C4E908
:100DC8000749C4E9098700F0B3F9254B29460822E9
:100DD80004F1C40063672567C4F8CC50C4F8805098
:100DE800C4E91A55C4E91E5500F0D8F804F168039F
:100DF80004F1C000C4F88430C4E92298C4E9247618
:100E080000F096F9174B294604F596700822C4F8A5
:100E1800DC30C4F8D850C4F83451C4F8E850C4E9F8
:100E28003455C4E9385500F0B9F804F1D00304F595
:100E38009470C4F8F090C4F8FC60C4F8EC30C4E9CD
:100E48003D87BDE8F84300F073B900BF38080020BB
:100E580000070020310D0008750F00089D0F0008DD
:100E68000900010012000200110F0008350F0008E8
:100E780010B504460A4800F05FF9636B23B9094BC3
:100E8800094A1B68626323B10548BDE8104000F0B9
:100E980055B9FFF775FF0248BDE8104000F04EB99C
:100EA8004808002038080020490D0008014800F0D3
:100EB80043B900BF48080020014800F03FB900BF0F
:100EC800480800202DE9F8434FF0000907468846F6
:100ED8001646D6E90154013D0FD4A389012B08D940
:100EE800B4F90E3021463846013302D0C04749EAEA
:100EF8000009013D68346B1CEFD13668002EE8D13B
:100F08004846BDE8F88300BF10B50C46B1F90E108D
:100F180000F0BAF8002803DB236D0344236510BDF5
:100F2800A38923F48053A38110BD00BF2DE9F041AC
:100F38000C46B1F90C101F460546CB0516460BD4D6
:100F480021F480513B4632462846A181B4F90E105F
:100F5800BDE8F04100F0AEB8B4F90E10022300224B
:100F680000F07CF8B4F90C10EAE700BF10B50C46A5
:100F7800B1F90E1000F072F8421CB4F90C3004D02C
:100F880043F480532065A38110BD23F48053A381CB
:100F980010BD00BFB1F90E1000F04EB8830730B590
:100FA80046D08418844604E003F8011B9D0704D04A
:100FB8009C46A4456346F7D130BD013A0244A2EBF2
:100FC8000C02032A29D9CCB20F2A04EB042404EB1F
:100FD80004442FD9A2F1100C03F110052CF00F0CCA
:100FE800AC44C3E90044C3E9024410336345F8D173
:100FF80012F00C0F02F00F0E18D02EF0030CAEF109
:1010080004051A469C4442F8044B6245FBD125F07E
:10101800030404330EF003022344002ACCD0C9B2DF
:101028001A4403F8011B9342FBD130BD7246F4E722
:101038000346C6E79646E0E738B50022064D044663
:1010480008462A6000F048FF431C00D038BD2B68D2
:10105800002BFBD0236038BD3C08002038B50C4677
:1010680084461146074D1A460023204664462B60E5
:1010780000F059FF431C00D038BD2B68002BFBD073
:10108800236038BD3C08002038B50C46844611461C
:10109800074D1A460023204664462B6000F0E3FE05
:1010A800431C00D038BD2B68002BFBD0236038BD13
:1010B8003C08002038B50C4684461146074D1A46B0
:1010C8000023204664462B6000F0EAFE431C00D053
:1010D80038BD2B68002BFBD0236038BD3C080020AE
:1010E8000F4B70B50F4DAB42A3EB050607D0B610FA
:1010F8000024013455F8043B9847A642F9D80A4D14
:101108000DF088FB094B5E1BAB424FEAA60606D0E2
:101118000024013455F8043B9847A642F9D870BD1D
:10112800FCED0008FCED0008FCED000804EE0008EA
:10113800704700BF704700BF704700BF704700BFCF
:10114800024B13B1024800F005B8704700000000D8
:10115800051C0008002301461A46184600F070BD19
:101168002DE9F8430646DFF8AC800820894600F0F0
:1011780059FD0546304600F0FFFBD8F808305F6897
:1011880027F00307A7F11104A4EB09042C44B4FBCE
:10119800F5F4013C05FB04F4A54208DC00213046C7
:1011A80000F01AFDD8F808303B44984205D0304684
:1011B80000F0E8FB0020BDE8F8836142304600F00B
:1011C8000BFD01300FD03F1B104AD8F808303046CD
:1011D80047F001075F6013681B1B136000F0D2FB28
:1011E8000120BDE8F8830021304600F0F5FCD8F86E
:1011F8000820831A0F2BDADD43F0010303495360FB
:10120800034B1B68C01A0860D1E700BF50080020D4
:10121800540100206001002000295AD0F8B50C467E
:10122800074600F0A9FB734D54F804CCA4F108025A
:10123800A8682CF001030CF0010ED1184E68884202
:1012480026F003067CD088194E60406800F0010043
:10125800BEF1000F2ED154F8084C05F1080C121BF2
:1012680023449468644560D0D2F80CE0C4F80CE0DC
:10127800CEF8084000287DD043F0010050600B6094
:10128800B3F5007F2ED25809D90801238340686836
:101298000131034355F831006B6005EBC103083B8E
:1012A800C2E9020345F83120C2603846BDE8F8407B
:1012B80000F068BB70B9334405F1080C886843F046
:1012C800010460456ED0C968C16088605460D3501D
:1012D800D6E770474CF00101B3F5007F44F8041CD1
:1012E800D350D0D3B3F5206F4FEA532144D2990994
:1012F80001F1390001F13804C1006818695808384B
:10130800884203D155E08968884204D04C6824F0AB
:1013180003049C42F7D8C868C2E9021082603846C4
:10132800CA60BDE8F84000F02DBB80BB1E44D1E97F
:101338000213CB60996046F0010353609651B4E7FD
:101348001E44BEF1000F07D154F8083CD21A1E44BF
:10135800D2E90213CB60996046F001035360264B33
:10136800AA601B68B342A0D8244B38461968FFF717
:10137800F7FE9AE73344A1E714290DD954291FD859
:10138800190B01F16F0001F16E04C100B5E743F0DC
:10139800010050600B6088E701F15C0001F15B041B
:1013A800C100AAE7C5E90422C2E902CC5460D350BF
:1013B8007BE7A4100123A3406C6823436B60ABE771
:1013C800B1F5AA7F06D8D90B01F1780001F17704AD
:1013D800C10092E740F25450814206D8990C01F1BD
:1013E8007D0001F17C04C10087E74FF47E717E2403
:1013F80083E700BF6001002058010020800800201A
:1014080001F10B03162B2DE9F04F074683B023D8C3
:10141800102900F2AF8000F0AFFA1025182302203F
:10142800BA4E33445C68A3F10802944200F0568136
:101438006368384623F00303D4E902122344CA60E0
:1014480091605A68083442F001025A6000F09AFA32
:10145800204603B0BDE8F08F002B23F00705C0F24B
:101468008980A94200F2868000F086FAB5F5FC7FF3
:10147800C0F07B826B0A00F08480042B00F262814A
:10148800AB0903F1390003F1380EC3009F4E334412
:10149800A3F1080C5C68A44507D10DE0002AE168B7
:1014A80080F216818C450C4606D0636823F003034E
:1014B8005A1B0F2AF2DD7046DFF86882346944450A
:1014C80000F0F280636823F0030CACEB05030F2BEC
:1014D80000F37481002BC6E9048880F26381BCF5AF
:1014E800007FD6F804E080F0FF804FEADC03012299
:1014F8004FEA5C1C013302FA0CF256F833104EEA3C
:10150800020E06EBC302083AC6F804E0C4E9021268
:1015180046F83340CC6083104FF0010C0CFA03FC02
:10152800F44534D81CEA0E0F07D120F003004FEA27
:101538004C0C04301CEA0E0FF9D006EBC00A8146A9
:10154800D646DEF80C300BE05A681C46DB6822F001
:101558000302511B0F2900F30181002980F2158134
:101568009E45F1D109F101090EF1080E19F0030F9A
:10157800E7D158E10C233B600024204603B0BDE8C6
:10158800F08F4FF4007340204FF03F0E7EE7B468B1
:10159800636823F00309A945A9EB050302D30F2BC0
:1015A80000F385805A4B08201B6803F1100804EBF0
:1015B8000903009300F036FB564AA8448346136893
:1015C800013305D008F1FF384342804403EA080894
:1015D8004146384600F000FBB0F1FF3F82464D4AD5
:1015E80000F0078104EB0903834200F200814A4BB3
:1015F8000BF1FF3C18684044186000F064811168E2
:10160800013100F06C8104EB0902AAEB02020244EA
:101618001A601AF00702CDE9002300F02781C2F111
:101628000802384692445A44D04408EA0C01521A37
:1016380002EA0C0B594600F0CFFA421C019B00F05D
:101648006A81A0EB0A0000EB0B08186848F0010259
:10165800B442C6F808A05844CAF80420186017D045
:10166800B9F10F0F40F23E816168A9F10C024FF009
:10167800050C22F0070201F0010111430F2A6160F5
:1016880004EB0201C1E901CC00F24D81DAF8042033
:10169800224B54461968814238BF1860204B19689C
:1016A800814238BF1860A6E0D6F804E033E7621933
:1016B80045F0010543F00103083444F8045C38465A
:1016C800B260536000F05EF9204603B0BDE8F08FC9
:1016D800A26823443846D1608A60B2E6DC68A34237
:1016E8007FF4A6AE0230E7E6BCF5206F4FEA5C2235
:1016F80076D3142A00F2CD8002F15C035B32DB0062
:10170800F118F3580839994211D1A5E06001002079
:101718008008002054010020500800207C08002088
:1017280078080020680100209B68994204D05A6814
:1017380022F003026245F7D8D968C4E902318C6007
:10174800DC60E8E6142B63D9542B00F2AB802B0B3A
:1017580003F16F0003F16E0EC30097E6D4F808C0DA
:101768003846671945F001056560CCF80C30C3F8B8
:1017780008C041F00103C6E90477C7E902887B6025
:10178800A150083400F0FEF8F7E6224438465168C4
:1017980041F00101516054F8082FD3609A6000F0BD
:1017A800F1F8EAE6A44438460834DCF8043043F09B
:1017B8000103CCF8043000F0E5F8DEE6621943F0E6
:1017C800010145F0010538466560C6E90422C2E911
:1017D8000288516044F80C30083400F0D3F8CCE6A5
:1017E8004FEA9C1202F139033832DB0088E7B44231
:1017F80062D0B468626822F00308A845A8EB050324
:1018080002D30F2B3FF753AF384600F0BBF8B3E6CF
:1018180003F15C0003F15B0EC30037E65AF80839A0
:10182800534540F0A08010F0030F00F1FF30F5D1D0
:10183800736823EA0C0373604FEA4C0C0CF1FF3217
:101848009A4204D3A3E64FEA4C0C09F104091CEAB6
:10185800030FF8D0484670E692104FF0010C0CFACE
:1018680002F24EEA020EC6F804E066E70AEB080246
:10187800384602EA0C02ABEB020B0BEA0C0B59469A
:1018880000F0AAF9431C019B7FF4DBAEDDF800B041
:10189800DBE6542A2AD84FEA1C3202F16F036E3273
:1018A800DB002DE7B3F5AA7F2AD8EB0B03F178000C
:1018B80003F1770EC300E9E52E4B0BF1FF3C1868E6
:1018C800404418609BE61AEA0C0F7FF498AEC844AF
:1018D800D6F808A048F00102CAF80420D8E6C2F8F1
:1018E80000A096E60123CAF804308DE7B2F5AA7F76
:1018F80024D84FEADC3202F178037732DB00FFE6C6
:1019080040F25452934224D8AB0C03F17D0003F10A
:101918007C0EC300BAE5009A4FF0000B083A9044D9
:10192800A8EB0A0891E6384604F108010093FFF78E
:1019380073FC009BD6F808A01868A7E640F2545339
:101948009A420CD84FEA9C4202F17D037C32DB00BC
:10195800D6E64FF47E737F204FF07E0E96E54FF467
:101968007E737E22CCE6736866E7E80805F1080313
:1019780056E500BF500800200148FFF7DDBB00BF57
:10198800400800200148FFF7D9BB00BF40080020ED
:1019980070B500293FD006460C4610B1436B002BAA
:1019A8003CD0636EB4F90C20DD0732D4900538D5ED
:1019B8002146304600F04CF8E36A054633B1E16948
:1019C800304698470028B8BF4FF0FF35A3891A065C
:1019D80039D4216B41B104F14003994202D0304619
:1019E800FFF71AFC00232363616C21B13046FFF72F
:1019F80013FC00236364FFF759FA636E0022DB07C8
:101A0800A2811CD5A06DFFF795FBFFF755FA284674
:101A180070BD002ACCD10025284670BDFFF728FAF2
:101A2800BFE7A06DFFF788FBB4F90C30002BBFD1DE
:101A3800636ED907EFD4A06DFFF780FBEBE7A06DCD
:101A4800FFF77CFBDEE721693046FFF7E5FBC0E7DF
:101A5800B1F90C202DE9F04115070C4680464ED40B
:101A6800496842F400630029A38163DDA66A002E59
:101A780042D0002112F48052D8F80050C8F8001063
:101A880065D10123E1694046B0470246501C6CD03D
:101A9800B4F90C30A66A590705D56368D21A236BC6
:101AA8000BB1E36BD21A0023E1694046B047421CF0
:101AB800B4F90C304DD1D8F800101D2940D8304A5F
:101AC800CA40D7073CD523F40062DE04A2814FF058
:101AD800000262602269226001D5002943D0216B8F
:101AE800C8F8005041B104F14003994202D0404681
:101AF800FFF792FB002323630020BDE8F0810E6905
:101B0800002EF9D092070D680E600CBF4B690023B8
:101B1800AD1B8B600BE02B463246E1694046676A95
:101B2800B847B0F1000CA5EB0C05664406DD002DA6
:101B3800F1DCE1E7E16B002998DCDDE7B4F90C3072
:101B480043F040034FF0FF30A381BDE8F081226DE0
:101B5800A1E723F40062DB04A2814FF00002626077
:101B680022692260BBD52065B9E7D8F80030002B80
:101B78008ED01D2B01D0162BE0D1C8F80050BBE742
:101B88000100402038B505460C4608B1436B03B345
:101B9800B4F90C0088B1636EDB0701D481050FD559
:101BA80028462146FFF754FF636E0546DA0702D43C
:101BB800A3899B0508D5284638BD0546284638BD63
:101BC800A06DFFF7B9FAEBE7A06DFFF7B7FA284663
:101BD80038BDFFF74DF9DBE738B50022064D04465E
:101BE80008462A6000F0ACF9431C00D038BD2B68C9
:101BF800002BFBD0236038BD3C08002038B5074DCA
:101C0800074C2C1BA41005D0013C55F8043D9847FF
:101C1800002CF9D1BDE838400CF002BE08EE0008EF
:101C280004EE0008082802D14FF48050704708B528
:101C380000F048F8162203464FF0FF301A6008BD3E
:101C48002DE9F8431C4D064698460F4628689146EC
:101C5800FFF772FA194B1C682CB3286865681F2DAA
:101C680024DC4EB96B1C0235636044F82570FFF71D
:101C780065FA0020BDE8F88304EB85010123022EF4
:101C8800C1F8889003FA05F3D4F8882142EA0302E0
:101C9800C4F88821C1F80881E4D1D4F88C211A430A
:101CA800C4F88C21DEE7064C1C60D6E7FFF746FA3D
:101CB8004FF0FF30DEE700BF500100204C08002045
:101CC80084080020014B1868704700BF0C000020F2
:101CD800DFF83CD00F4880F30A88002103E00E4B60
:101CE8005B58435004310D480D4B42189A42F6D3C5
:101CF8000C4A02E0002342F8043B0B4B9A42F9D30A
:101D080000F016F8FFF7ECF906F0C4FAFEE7000059
:101D1800008000200078002008EE00080000002065
:101D2800E4060020E4060020A45C0020FEE7000092
:101D380080B483B000AF334BD3F88830314A43F4D2
:101D48007003C2F88830304B1B6803F018032E4A22
:101D580043F0010313602C4B0022DA612A4B002266
:101D68001A62294B1A682849284B13400B60264BE6
:101D780000229A62244B0022DA62234B244A5A63D7
:101D8800214B00229A63204B214ADA631E4B002222
:101D98001A641D4B1B681C4A23F4802313601A4BDA
:101DA80000221A65174B4FF000629A60194B9B6925
:101DB80003F060437B607B68B3F1604F03D07B68BE
:101DC800B3F1404F17D1134BDB6903F00103002B2C
:101DD80005D0104B104ADA600E4B104ADA600D4BF2
:101DE800DB690C4A43F00203D3610A4BDB69094AF9
:101DF80043F00103D36100BF0C37BD465DF8047B97
:101E0800704700BF00ED00E0000C0244FBEAE2FA74
:101E180080020101002002403B2A19087F6E5D4CB8
:101E280080B400AF01231846BD465DF8047B7047B7
:101E380080B582B000AF78603960FFF743FF034692
:101E480016221A604FF0FF3318460837BD4680BD8A
:101E580080B582B000AF78604FF0FF317868FFF747
:101E6800E7FF00BFFDE780B586B000AFF860B96056
:101E78007A6000237B610AE0AFF300800146BB680B
:101E88005A1CBA60CAB21A707B6901337B617A69DD
:101E98007B689A42F0DB7B6818461837BD4680BDE0
:101EA80080B586B000AFF860B9607A6000237B61C6
:101EB80009E0BB685A1CBA601B78184606F09CFA01
:101EC8007B6901337B617A697B689A42F1DB7B68C5
:101ED80018461837BD4680BD80B483B000AF78601F
:101EE8004FF0FF3318460C37BD465DF8047B70474A
:101EF80080B483B000AF786039603B684FF400521B
:101F08005A60002318460C37BD465DF8047B7047BD
:101F180080B483B000AF7860012318460C37BD4603
:101F28005DF8047B704780B485B000AFF860B96095
:101F38007A60002318461437BD465DF8047B704765
:101F480080B586B000AF7860144A154BD31A7B6110
:101F58007B693B61134B1B68002B02D1114B124A62
:101F68001A60104B1A687B6813443A699A4207D280
:101F7800FFF7A8FE03460C221A604FF0FF3309E072
:101F8800084B1B68FB60074B1A687B681344054ABB
:101F98001360FB6818461837BD4680BD00800020D6
:101FA80000080000140A0020A85C002080B500AFDB
:101FB800124B1B68114A43F480731360032003F02B
:101FC800E6F800F0B1FE02460D4B1B6A03F00F0362
:101FD8000C49CB5C22FA03F30B4A1360042003F08C
:101FE8001DF90F2000F01AF80346002B01D0012339
:101FF80002E000F00BF80023184680BD00200240E4
:10200800000C0244D0E900086805002080B400AF45
:1020180000BFBD465DF8047B7047000080B584B002
:1020280000AF78600023FB60334B1B78002B01D195
:1020380001235CE0314B1B6803F00403042B0CD133
:102048002F4B1A682C4B1B7819464FF47A73B3FB45
:10205800F1F3B2FBF3F3FB6037E003F037F9B86054
:10206800BB68022B23D0BB68022B2DD8BB68002B82
:1020780003D0BB68012B0DD026E0214B1A681E4BFC
:102088001B7819464FF4FA53B3FBF1F3B2FBF3F3A1
:10209800FB601AE0184B1B781A464FF47A73B3FBAF
:1020A800F2F34FF4FA42B2FBF3F3FB600DE0124B8C
:1020B8001B781A464FF47A73B3FBF2F34FF40042DD
:1020C800B2FBF3F3FB6000E000BFF86803F084F8AC
:1020D8000346002B01D0012309E0002279684FF064
:1020E800FF3003F05FF8074A7B6813600023184647
:1020F8001037BD4680BD00BF7005002010E000E02D
:10210800680500206C05002080B400AF064B1B78E2
:102118001A46064B1B681344044A136000BFBD46A9
:102128005DF8047B704700BF70050020180A002086
:1021380080B400AF034B1B681846BD465DF8047BAE
:10214800704700BF180A002080B588B000AF7860DB
:102158007B68002B02D1012300F028BC944BDB697B
:1021680003F01803FB61924B9B6A03F00303BB6106
:102178007B681B6803F01003002B5BD0FB69082BFE
:1021880005D0FB69182B14D1BB69022B11D17B68D0
:10219800DB69002B02D1012300F008BC844B9B694A
:1021A80023F47C127B681B6A1B04814913438B61EF
:1021B80040E07B68DB69002B23D07D4B1B687C4AA1
:1021C80043F480731360FFF7B3FF786108E0FFF70B
:1021D800AFFF02467B69D31A022B01D90323E5E33B
:1021E800734B1B6803F40073002BF0D0704B9B6992
:1021F80023F47C127B681B6A1B046D4913438B61B3
:1022080018E06B4B1B686A4A23F480731360FFF76E
:102218008FFF786108E0FFF78BFF02467B69D31ACE
:10222800022B01D90323C1E3614B1B6803F400733C
:10223800002BF0D17B681B6803F00103002B00F032
:10224800A080FB69102B05D0FB69182B09D1BB694D
:10225800032B06D17B685B68002B40F0928001233A
:10226800A4E37B685B68B3F5803F06D1504B1B68DD
:102278004F4A43F48033136058E07B685B68002B57
:1022880012D14B4B1B684A4A23F480331360484BE6
:102298001B68474A23F480131360454B1B68444A64
:1022A80023F48023136041E07B685B68B3F5A02FBB
:1022B80012D13F4B1B683E4A43F4802313603C4BCA
:1022C8001B683B4A23F480131360394B1B68384A58
:1022D80043F48033136029E07B685B68B3F5A81F7B
:1022E80012D1334B1B68324A43F480231360304BBE
:1022F8001B682F4A43F4801313602D4B1B682C4A2C
:1023080043F48033136011E0294B1B68284A23F4F7
:1023180080331360264B1B68254A23F480231360FF
:10232800234B1B68224A23F4801313607B685B6885
:10233800002B13D0FFF7FCFE786108E0FFF7F8FEEA
:1023480002467B69D31A642B01D903232EE3184B69
:102358001B6803F40033002BF0D012E0FFF7E8FE0F
:10236800786108E0FFF7E4FE02467B69D31A642B24
:1023780001D903231AE30E4B1B6803F40033002B27
:10238800F0D17B681B6803F00203002B00F09A80F1
:10239800FB69002B05D0FB69182B49D1BB69012BC0
:1023A80046D17B68DB68002B04D10123FEE200BF25
:1023B800000C0244FB69002B1CD19A4B1B6803F0EC
:1023C80018027B681B699A4214D0964B1B6823F04D
:1023D80018027B681B69934913430B6000F0D0FD1A
:1023E800914B1B681846FFF719FE0346002B01D0D6
:1023F8000123DBE2FFF79CFE786108E0FFF798FE17
:1024080002467B69D31A022B01D90323CEE2854BFE
:102418001B6803F00203002BF0D0824B1B6923F4E6
:10242800FE027B685B691B047E4913430B6149E02C
:102438007B68DB68002B2CD07A4B1B6823F01802D2
:102448007B681B69774913430B60764B1B68754A99
:1024580043F001031360FFF76BFE786108E0FFF7B4
:1024680067FE02467B69D31A022B01D903239DE23A
:102478006C4B1B6803F00203002BF0D0694B1B69FF
:1024880023F4FE027B685B691B04664913430B61F6
:1024980018E0644B1B68634A23F001031360FFF7DD
:1024A80047FE786108E0FFF743FE02467B69D31ACE
:1024B800022B01D9032379E25A4B1B6803F002036C
:1024C800002BF0D17B681B6803F00803002B3CD07D
:1024D8007B689B69002B1CD0524BD3F8F030514AD3
:1024E80043F08063C2F8F030FFF722FE786108E01D
:1024F800FFF71EFE02467B69D31A022B01D903237C
:1025080054E2484BD3F8F03003F00063002BEFD0CF
:102518001BE0444BD3F8F030424A23F08063C2F802
:10252800F030FFF705FE786108E0FFF701FE02468C
:102538007B69D31A022B01D9032337E2394BD3F82D
:10254800F03003F00063002BEFD17B681B6803F0C9
:102558000403002B00F0D280344B5B6A03F00103C4
:10256800002B18D1314B5B6A304A43F001035362A8
:10257800FFF7DEFD786108E0FFF7DAFD02467B69C8
:10258800D31A022B01D9032310E2284B5B6A03F00C
:102598000103002BF0D07B689B68012B08D1214BED
:1025A800D3F8F0301F4A43F00103C2F8F03074E06A
:1025B8007B689B68002B18D11A4BD3F8F030194A66
:1025C80023F00103C2F8F030164BD3F8F030154A67
:1025D80023F08003C2F8F030124BD3F8F030114AE0
:1025E80023F00403C2F8F03057E07B689B68052BA2
:1025F8001ED10C4BD3F8F0300A4A43F00403C2F85A
:10260800F030084BD3F8F030064A23F08003C2F8C4
:10261800F030044BD3F8F030024A43F00103C2F81B
:10262800F0303AE0000C02446C0500200008024437
:102638007B689B68852B18D1A24BD3F8F030A14A50
:1026480043F00403C2F8F0309E4BD3F8F0309D4AB3
:1026580043F08003C2F8F0309A4BD3F8F030994A2F
:1026680043F00103C2F8F03017E0964BD3F8F0308E
:10267800944A23F00103C2F8F030924BD3F8F030BB
:10268800904A23F00403C2F8F0308E4BD3F8F030B0
:102698008C4A23F08003C2F8F0307B689B68002BDB
:1026A80016D0FFF745FD78610AE0FFF741FD0246C5
:1026B8007B69D31A41F28832934201D9032375E129
:1026C800804BD3F8F03003F00203002BEDD015E077
:1026D800FFF72EFD78610AE0FFF72AFD02467B69C5
:1026E800D31A41F28832934201D903235EE1754B34
:1026F800D3F8F03003F00203002BEDD17B681B68A0
:1027080003F02003002B36D07B685B6A002B19D0BE
:102718006C4B1B686B4A43F480531360FFF708FD4A
:10272800786108E0FFF704FD02467B69D31A022BA3
:1027380001D903233AE1634B1B6803F40053002BD0
:10274800F0D018E05F4B1B685E4A23F48053136097
:10275800FFF7EEFC786108E0FFF7EAFC02467B69C8
:10276800D31A022B01D9032320E1564B1B6803F42B
:102778000053002BF0D17B689B6A002B00F0158179
:10278800FB69182B00F0AF807B689B6A022B40F036
:1027980086804C4B1B684B4A23F080731360FFF70D
:1027A800C7FC786108E0FFF7C3FC02467B69D31ACF
:1027B800022B01D90323F9E0424B1B6803F0007395
:1027C800002BF0D13F4B9B6A23F47C5323F0030387
:1027D8007A68D16A7A68126B12020A43394913433C
:1027E8008B627B685B6B013BC3F308027B689B6B66
:1027F800013B5B029BB21A437B68DB6B013B1B040A
:1028080003F4FE031A437B681B6C013B1B0603F0B1
:10281800FE432C4913434B632A4B9B6A294A23F0F6
:10282800100393627B68DB6C264ADB009363254BBD
:102838009B6A244A43F010039362224B9B6A23F05D
:102848000C027B685B6C1F4913438B621D4B9B6AB0
:1028580023F020027B689B6C1A4913438B62194B47
:102868009B6A184A43F480339362164B1B68154AD7
:1028780043F080731360FFF75BFC786108E0FFF7B3
:1028880057FC02467B69D31A022B01D903238DE03A
:102898000C4B1B6803F00073002BF0D085E0094B4C
:1028A8001B68084A23F080731360FFF741FC7861C6
:1028B8000AE0FFF73DFC02467B69D31A022B03D9D5
:1028C800032373E0000C02443A4B1B6803F00073C7
:1028D800002BEED1374B9B6A364A23F4E02323F0D2
:1028E8000303936261E0334B9B6A3B61314B5B6B43
:1028F800FB607B689B6A012B31D03B6903F00302C4
:102908007B68DB6A9A422AD13B691B0A03F03F02C3
:102918007B681B6B9A4222D1FB68C3F308027B6871
:102928005B6B013B9A421AD1FB685B0A03F07F029A
:102938007B689B6B013B9A4211D1FB681B0C03F02F
:102948007F027B68DB6B013B9A4208D1FB681B0E58
:1029580003F07F027B681B6C013B9A4201D0012384
:1029680024E0144B9B6BDB08C3F30C027B68DB6C25
:102978009A421AD00F4B9B6A0E4A23F010039362B7
:10298800FFF7D6FB786100BFFFF7D2FB02467B69F1
:102998009342F9D07B68DB6C064ADB009363054BF6
:1029A8009B6A044A43F010039362002318462037B9
:1029B800BD4680BD000C024480B584B000AF78608D
:1029C80039607B68002B01D101239EE1834B1B6892
:1029D80003F00F033A689A4210D9804B1B6823F022
:1029E8000F027E493B6813430B607C4B1B6803F066
:1029F8000F033A689A4201D0012386E17B681B687D
:102A080003F01003002B12D07B685A69744B1B6AC1
:102A18001B0A03F070039A4209D9714B1B6A23F40D
:102A2800E0427B685B691B026D4913430B627B685C
:102A38001B6803F00803002B12D07B681A69684BE7
:102A48001B6A1B0903F070039A4209D9644B1B6A7D
:102A580023F4E0627B681B691B01614913430B6225
:102A68007B681B6803F00403002B10D07B68DA68CE
:102A78005B4B1B6A03F070039A4208D9584B1B6AD8
:102A880023F070027B68DB68554913430B627B684F
:102A98001B6803F00203002B10D07B689A68504B28
:102AA8001B6A03F00F039A4208D94D4B1B6A23F0A7
:102AB8000F027B689B684A4913430B627B681B685B
:102AC80003F00103002B00F093807B685B68032B05
:102AD80007D1434B1B6803F00073002B21D101235E
:102AE80013E17B685B68022B07D13D4B1B6803F43D
:102AF8000033002B15D1012307E17B685B68012BAC
:102B080007D1374B1B6803F40073002B09D101234D
:102B1800FBE0334B1B6803F00203002B01D10123B8
:102B2800F3E02F4BDB6923F003027B685B682C49D9
:102B38001343CB61FFF7FCFAF8607B685B68032BF3
:102B480012D10AE0FFF7F4FA0246FB68D31A41F201
:102B58008832934201D90323D7E0214BDB6903F084
:102B68001803182BEED143E07B685B68022B12D167
:102B78000AE0FFF7DDFA0246FB68D31A41F2883211
:102B8800934201D90323C0E0154BDB6903F0180316
:102B9800102BEED12CE07B685B68012B22D10AE078
:102BA800FFF7C6FA0246FB68D31A41F2883293420D
:102BB80001D90323A9E00A4BDB6903F01803082BAA
:102BC800EED115E0FFF7B4FA0246FB68D31A41F2DA
:102BD8008832934206D9032397E000BF00200240C1
:102BE800000C02444B4BDB6903F01803002BE9D1BE
:102BF8007B681B6803F00203002B10D07B689A687F
:102C0800444B1B6A03F00F039A4208D2414B1B6ADC
:102C180023F00F027B689B683E4913430B623E4BCF
:102C28001B6803F00F033A689A4210D23A4B1B68AC
:102C380023F00F0238493B6813430B60364B1B687F
:102C480003F00F033A689A4201D001235DE07B68E4
:102C58001B6803F00403002B10D07B68DA682D4B47
:102C68001B6A03F070039A4208D22A4B1B6A23F0AE
:102C780070027B68DB68274913430B627B681B681B
:102C880003F00803002B12D07B681A69214B1B6ADA
:102C98001B0903F070039A4209D21E4B1B6A23F4E6
:102CA800E0627B681B691B011A4913430B627B684E
:102CB8001B6803F01003002B12D07B685A69154B70
:102CC8001B6A1B0A03F070039A4209D2114B1B6A54
:102CD80023F4E0427B685B691B020E4913430B62D5
:102CE80000F022F802460B4B1B6A03F00F030B4956
:102CF800CB5C22FA03F30A4A13600A4B1B68184696
:102D0800FFF78CF90346FB72FB7A18461037BD466D
:102D180080BD00BF000C024400200240D0E900083A
:102D2800680500206C05002080B489B000AF8C4B8A
:102D3800DB6903F01803082B02D18A4BFB6107E11A
:102D4800874BDB6903F01803002B12D1844B1B68F7
:102D580003F02003002B09D0814B1B68DB0803F02C
:102D68000303814A22FA03F3FB61F1E07E4BFB6126
:102D7800EEE07B4BDB6903F01803102B02D17B4B91
:102D8800FB61E5E0764BDB6903F01803182B40F094
:102D9800DD80734B9B6A03F003037B61704B9B6A76
:102DA8001B0A03F03F033B616D4B9B6A1B0903F051
:102DB8000103FB606A4B9B6BDB08C3F30C03FA68E7
:102DC80002FB03F307EE903AF8EE677AC7ED027A52
:102DD8003B69002B00F0B7807B69012B03D07B692E
:102DE800032B56D077E05E4B1B6803F02003002BC3
:102DF8002DD05B4B1B68DB0803F003035A4A22FA09
:102E080003F37B607B6807EE903AF8EE676A3B69EC
:102E180007EE903AF8EE677A86EEA77A504B5B6B2E
:102E2800C3F3080307EE903AF8EE676A97ED026A73
:102E3800DFED4F5AC6EE257A76EEA77AF7EE006AEE
:102E480077EEA67A67EE277AC7ED067A65E03B69E2
:102E580007EE903AF8EE677ADFED466A86EEA77AD3
:102E68003F4B5B6BC3F3080307EE903AF8EE676AD3
:102E780097ED026ADFED3E5AC6EE257A76EEA77A1E
:102E8800F7EE006A77EEA67A67EE277AC7ED067A3C
:102E980043E03B6907EE903AF8EE677ADFED366A71
:102EA80086EEA77A2E4B5B6BC3F3080307EE903AC6
:102EB800F8EE676A97ED026ADFED2D5AC6EE257ABD
:102EC80076EEA77AF7EE006A77EEA67A67EE277AAB
:102ED800C7ED067A21E03B6907EE903AF8EE677A8B
:102EE800DFED266A86EEA77A1D4B5B6BC3F30803FA
:102EF80007EE903AF8EE676A97ED026ADFED1C5A22
:102F0800C6EE257A76EEA77AF7EE006A77EEA67A0D
:102F180067EE277AC7ED067A00BF114B5B6B5B0A39
:102F280003F07F0301333B603B6807EE903AB8EE4D
:102F3800677AD7ED066AC6EE877AFCEEE77A17EE6F
:102F4800903AFB6104E00023FB6101E0064BFB6162
:102F5800FB6918462437BD465DF8047B704700BFFF
:102F6800000C024400093D000090D00300366E01B9
:102F7800000000460024744C001BB74B0024744A20
:102F880080B500AFFFF7D0FE0246084B1B6A03F07E
:102F98000F030749CB5C03F01F0322FA03F3054A2A
:102FA8001360044B1B68184680BD00BF000C024428
:102FB800D0E900086805002080B500AFFFF7E0FF02
:102FC8000246064B1B6A1B0903F007030449CB5C46
:102FD80003F01F0322FA03F3184680BD000C0244D5
:102FE800E0E9000880B500AFFFF7CAFF0246064BCC
:102FF8001B6A1B0A03F007030449CB5C03F01F0399
:1030080022FA03F3184680BD000C0244E0E90008E8
:1030180080B500AFFFF7B4FF0246064B1B6A1B0BD7
:1030280003F007030449CB5C03F01F0322FA03F300
:10303800184680BD000C0244E0E9000880B48BB05B
:1030480000AF7860AE4B5B6BC3F308033B62AC4BDD
:103058009B6A03F00303FB61A94B9B6A1B0A03F0FD
:103068003F03BB61A64B9B6A1B0903F001037B610D
:10307800A34B9B6BDB08C3F30C037A6902FB03F3D6
:1030880007EE903AF8EE677AC7ED047ABB69002B31
:1030980000F02681FB69032B53D0FB69032B6FD803
:1030A800FB69012B03D0FB69022B2BD068E0944B02
:1030B8001B68DB0803F00303924A22FA03F3FB6060
:1030C800FB6807EE903AF8EE676ABB6907EE903A3C
:1030D800F8EE677A86EEA77A3B6A07EE903AF8EE42
:1030E800676A97ED046ADFED885AC6EE257A76EEB0
:1030F800A77AF7EE006A77EEA67A67EE277AC7ED29
:10310800097A68E0BB6907EE903AF8EE677ADFED76
:103118007F6A86EEA77A3B6A07EE903AF8EE676A0E
:1031280097ED046ADFED785AC6EE257A76EEA77A2F
:10313800F7EE006A77EEA67A67EE277AC7ED097A86
:1031480049E0BB6907EE903AF8EE677ADFED706AFE
:1031580086EEA77A3B6A07EE903AF8EE676A97ED33
:10316800046ADFED695AC6EE257A76EEA77AF7EE9D
:10317800006A77EEA67A67EE277AC7ED097A2AE021
:103188005F4B1B68DB0803F003035E4A22FA03F374
:10319800FB60FB6807EE903AF8EE676ABB6907EEDA
:1031A800903AF8EE677A86EEA77A3B6A07EE903A8D
:1031B800F8EE676A97ED046ADFED535AC6EE257A92
:1031C80076EEA77AF7EE006A77EEA67A67EE277AA8
:1031D800C7ED097A00BF4A4B1B6803F00073B3F1CF
:1031E800007F21D1464B9B6A03F48033002B17D014
:1031F800434B5B6B5B0A03F07F0307EE903AF8EEF4
:10320800677AB7EE007A37EE877AD7ED096AC6EEA5
:10321800877AFCEEE77A17EE902A7B681A6006E058
:103228007B6800221A6002E07B6800221A60344B37
:103238001B6803F00073B3F1007F21D1304B9B6A08
:1032480003F40033002B17D02D4B5B6B1B0C03F0E2
:103258007F0307EE903AF8EE677AB7EE007A37EE1A
:10326800877AD7ED096AC6EE877AFCEEE77A17EE19
:10327800902A7B685A6006E07B6800225A6002E068
:103288007B6800225A601E4B1B6803F00073B3F181
:10329800007F21D11A4B9B6A03F48023002B17D09F
:1032A800174B5B6B1B0E03F07F0307EE903AF8EEAB
:1032B800677AB7EE007A37EE877AD7ED096AC6EEF5
:1032C800877AFCEEE77A17EE902A7B689A6010E01E
:1032D8007B6800229A600CE07B6800229A6008E014
:1032E8007B6800221A607B6800225A607B68002293
:1032F8009A6000BF2C37BD465DF8047B704700BF5D
:10330800000C02440090D003000000460024744AD8
:10331800001BB74B80B48BB000AF7860AE4BDB6B53
:10332800C3F308033B62AC4BDB6A03F00303FB61A6
:10333800A94BDB6A1B0A03F03F03BB61A64BDB6AA0
:103348001B0903F001037B61A34B1B6CDB08C3F370
:103358000C037A6902FB03F307EE903AF8EE677AFA
:10336800C7ED047ABB69002B00F02681FB69032BAB
:1033780053D0FB69032B6FD8FB69012B03D0FB6982
:10338800022B2BD068E0944B1B68DB0803F0030387
:10339800924A22FA03F3FB60FB6807EE903AF8EED4
:1033A800676ABB6907EE903AF8EE677A86EEA77A05
:1033B8003B6A07EE903AF8EE676A97ED046ADFED2C
:1033C800885AC6EE257A76EEA77AF7EE006A77EE87
:1033D800A67A67EE277AC7ED097A68E0BB6907EE37
:1033E800903AF8EE677ADFED7F6A86EEA77A3B6A55
:1033F80007EE903AF8EE676A97ED046ADFED785ABF
:10340800C6EE257A76EEA77AF7EE006A77EEA67A08
:1034180067EE277AC7ED097A49E0BB6907EE903A6B
:10342800F8EE677ADFED706A86EEA77A3B6A07EEF8
:10343800903AF8EE676A97ED046ADFED695AC6EECE
:10344800257A76EEA77AF7EE006A77EEA67A67EE27
:10345800277AC7ED097A2AE05F4B1B68DB0803F07F
:1034680003035E4A22FA03F3FB60FB6807EE903A17
:10347800F8EE676ABB6907EE903AF8EE677A86EE6F
:10348800A77A3B6A07EE903AF8EE676A97ED046A06
:10349800DFED535AC6EE257A76EEA77AF7EE006A84
:1034A80077EEA67A67EE277AC7ED097A00BF4A4B0E
:1034B8001B6803F00063B3F1006F21D1464BDB6A50
:1034C80003F48033002B17D0434BDB6B5B0A03F00C
:1034D8007F0307EE903AF8EE677AB7EE007A37EE98
:1034E800877AD7ED096AC6EE877AFCEEE77A17EE97
:1034F800902A7B681A6006E07B6800221A6002E066
:103508007B6800221A60344B1B6803F00063B3F138
:10351800006F21D1304BDB6A03F40033002B17D046
:103528002D4BDB6B1B0C03F07F0307EE903AF8EE94
:10353800677AB7EE007A37EE877AD7ED096AC6EE72
:10354800877AFCEEE77A17EE902A7B685A6006E0E5
:103558007B6800225A6002E07B6800225A601E4B9A
:103568001B6803F00063B3F1006F21D11A4BDB6ACB
:1035780003F48023002B17D0174BDB6B1B0E03F0D3
:103588007F0307EE903AF8EE677AB7EE007A37EEE7
:10359800877AD7ED096AC6EE877AFCEEE77A17EEE6
:1035A800902A7B689A6010E07B6800229A600CE0A1
:1035B8007B6800229A6008E07B6800221A607B68BA
:1035C80000225A607B6800229A6000BF2C37BD46F3
:1035D8005DF8047B704700BF000C02440090D003E4
:1035E800000000460024744A001BB74B80B58CB01D
:1035F80000AFC7E900010023FB620023BB62002380
:103608007B62D7E9002302F17E410B434BD1C44BC7
:10361800D3F8F03003F440737B62C14BD3F8F03039
:1036280003F00203022B08D17B6AB3F5807F04D133
:103638004FF40043FB6200F014BFB94BD3F8F030ED
:1036480003F00063B3F1006F08D17B6AB3F5007F24
:1036580004D14FF4FA43FB6200F003BFB04B1B6880
:1036680003F40033B3F5003F19D17B6AB3F5407F0B
:1036780015D1AB4BDB6903F47C53B3F5007F0AD358
:10368800A74BDB691B0A03F03F03A64AB2FBF3F31F
:10369800FB6200F0E6BE0023FB6200F0E2BE0023FE
:1036A800FB6200F0DEBED7E90023A3F5805152EAA1
:1036B800010300F08E83D7E90023012A73F58053B4
:1036C80080F0CC86D7E90023A3F5007152EA010304
:1036D80000F0AA82D7E90023012A73F5007380F06D
:1036E800BD86D7E90023A3F1100152EA010300F0D7
:1036F8008186D7E90023012A73F1100380F0AE8692
:10370800D7E90023191F52EA010300F0B184D7E971
:103718000023012A73F1040380F0A086D7E900236F
:1037280002F160410B4300F0AA85D7E900237E49E6
:103738008A4273F1000380F09186D7E9002302F1F1
:1037480070410B4300F03285D7E9002377498A425C
:1037580073F1000380F08286D7E9002302F17841F3
:103768000B4300F0BC84D7E9002371498A4273F106
:10377800000380F07386D7E9002302F17C410B43F4
:1037880000F0F285D7E900236A498A4273F1000301
:1037980080F06486D7E90023A2F500110B4300F0FE
:1037A800E581D7E9002364498A4273F1000380F078
:1037B8005586D7E90023A2F580210B4300F0CC837E
:1037C800D7E900235D498A4273F1000380F04686F9
:1037D800D7E90023A2F500310B4300F03183D7E984
:1037E800002357498A4273F1000380F03786D7E9EE
:1037F8000023A2F580310B4300F0BB82D7E90023F8
:10380800B2F1011F73F1000380F02886D7E9002385
:10381800A2F580410B4300F06D82D7E9002344F202
:1038280001018A4273F1000380F01886D7E900236A
:10383800A2F500510B4300F01E82D7E9002342F2A3
:1038480001018A4273F1000380F00886D7E900235A
:10385800A2F580510B4300F03781D7E9002341F2EC
:1038680001018A4273F1000380F0F885D7E900234B
:10387800111F0B4300F0D280D7E90023052A73F10A
:10388800000380F0EB85D7E90023511E0B4306D0D7
:10389800D7E90023911E0B436CD000F0DFBD204B0D
:1038A800D3F8D83003F007037B627B6A002B04D17E
:1038B800FFF798FBF86200F0D4BD194B1B6803F0C2
:1038C8000063B3F1006F0AD17B6A012B07D107F1BE
:1038D8000C031846FFF71EFD3B69FB6248E0104BDE
:1038E8001B6803F00203022B0CD17B6A032B09D15E
:1038F8000B4B1B68DB0803F00303124A22FA03F39D
:10390800FB6235E0064B1B6803F40073B3F5007FD8
:103918001CD17B6A042B19D10B4BFB6228E000BF3A
:10392800000C024400366E01010000200100001066
:10393800010000080100000401002000010004004B
:10394800010002000090D00300093D009F4BD3F80E
:10395800F03003F00203022B06D17B6A052B03D15A
:103968004FF40043FB6203E00023FB6200F079BDE3
:1039780000F077BD954BD3F8D83003F038037B625D
:103988007B6A002B04D1FFF717FBF86200F069BDD2
:103998008E4B1B6803F00063B3F1006F0AD17B6A9A
:1039A800082B07D107F10C031846FFF7B3FC3B6956
:1039B800FB6231E0854B1B6803F00203022B0CD13C
:1039C8007B6A182B09D1814B1B68DB0803F00303C2
:1039D8007F4A22FA03F3FB621EE07C4B1B6803F468
:1039E8000073B3F5007F05D17B6A202B02D1794B98
:1039F800FB6211E0754BD3F8F03003F00203022BA1
:103A080006D17B6A282B03D14FF40043FB6203E005
:103A18000023FB6200F025BD00F023BD6B4BD3F8FB
:103A2800D83003F4E0737B627B6A002B04D1FFF784
:103A3800C3FAF86200F015BD644B1B6803F000631D
:103A4800B3F1006F0AD17B6A402B07D107F10C0351
:103A58001846FFF75FFC3B69FB6233E05B4B1B6872
:103A680003F00203022B0CD17B6AC02B09D1574B00
:103A78001B68DB0803F00303554A22FA03F3FB62D1
:103A880020E0524B1B6803F40073B3F5007F06D1A6
:103A98007B6AB3F5807F02D14E4BFB6212E04B4B41
:103AA800D3F8F03003F00203022B07D17B6AB3F599
:103AB800A07F03D14FF40043FB6203E00023FB62C5
:103AC80000F0CFBC00F0CDBC404BD3F8E03003F0A1
:103AD800E0637B627B6A002B04D1FFF799FAF862F6
:103AE80000F0BFBC7B6AB3F1807F08D107F10C03FB
:103AF8001846FFF70FFC3B69FB6200F0B2BC334B82
:103B08001B6803F00203022B0DD17B6AB3F1407FDF
:103B180009D12E4B1B68DB0803F003032C4A22FA59
:103B280003F3FB6220E0294B1B6803F40073B3F531
:103B3800007F06D17B6AB3F1806F02D1254BFB620F
:103B480012E0224BD3F8F03003F00203022B07D126
:103B58007B6AB3F1A06F03D14FF40043FB6203E02B
:103B68000023FB6200F07DBC00F07BBC174BD3F850
:103B7800E83003F007037B627B6A002B04D1FFF770
:103B8800FFF9F86200F06DBC7B6A012B04D1FFF7E6
:103B9800CBF8F86200F065BC7B6A022B08D107F10C
:103BA8000C031846FFF7B6FB7B69FB6200F059BCB3
:103BB800064B1B6803F40033B3F5003F0ED17B6A54
:103BC800032B0BD1044BFB622CE000BF000C02441A
:103BD8000090D00300093D0000366E01954B1B682C
:103BE80003F00203022B0CD17B6A042B09D1914B01
:103BF8001B68DB0803F003038F4A22FA03F3FB6216
:103C080010E08C4B1B6803F40073B3F5007F05D1FB
:103C18007B6A052B02D1894BFB6203E00023FB6220
:103C280000F01FBC00F01DBC824BD3F8E83003F055
:103C380008037B627F4BD3F8F03003F00203022BBA
:103C480006D17B6A002B03D14FF40043FB6211E0DD
:103C5800784BD3F8F03003F00063B3F1006F06D16E
:103C68007B6A082B03D14FF4FA43FB6202E000237E
:103C7800FB62F6E3F5E36F4BD3F8E43003F440332B
:103C88007B627B6A002B03D1FFF796F9F862E8E3C1
:103C98007B6AB3F5803F07D107F10C031846FFF79D
:103CA80039FB7B69FB62DCE3624B1B6803F00203B0
:103CB800022B0DD17B6AB3F5003F09D15D4B1B6820
:103CC800DB0803F003035C4A22FA03F3FB6210E00B
:103CD800584B1B6803F40073B3F5007F06D17B6A69
:103CE800B3F5403F02D1554BFB6202E00023FB6273
:103CF800B7E3B6E34F4BD3F8E43003F440237B62D9
:103D08007B6A002B03D1FFF757F9F862A9E37B6AB6
:103D1800B3F5802F07D107F10C031846FFF7FAFA1D
:103D28007B69FB629DE3434B1B6803F00203022B94
:103D38000DD17B6AB3F5002F09D13E4B1B68DB0818
:103D480003F003033C4A22FA03F3FB6210E0394B09
:103D58001B6803F40073B3F5007F06D17B6AB3F5E3
:103D6800402F02D1354BFB6202E00023FB6278E36F
:103D780077E3304BD3F8E43003F040737B627B6A1F
:103D8800002B03D1FFF718F9F8626AE37B6AB3F1F5
:103D9800807F07D107F10C031846FFF7BBFA7B6950
:103DA800FB625EE3234B1B6803F00203022B0DD179
:103DB8007B6AB3F1007F09D11E4B1B68DB0803F057
:103DC80003031D4A22FA03F3FB624AE30023FB6262
:103DD80047E3184BD3F8E43003F040637B627B6A17
:103DE800002B03D1FFF714F9F8623AE37B6AB3F1C9
:103DF800806F07D107F10C031846FFF78BFA7B6930
:103E0800FB622EE30B4B1B6803F00203022B0DD160
:103E18007B6AB3F1006F09D1064B1B68DB0803F01E
:103E28000303054A22FA03F3FB621AE30023FB6249
:103E380017E300BF000C02440090D00300093D00C6
:103E48009B4BD3F8DC3003F4E0637B627B6AB3F509
:103E5800A06F44D07B6AB3F5A06F79D87B6AB3F5BD
:103E6800806F2DD07B6AB3F5806F71D87B6AB3F50C
:103E7800407F17D07B6AB3F5407F69D87B6A002BF7
:103E880004D07B6AB3F5807F04D061E0FFF7C0F807
:103E9800F86260E007F10C031846FFF73BFAFB688D
:103EA800FB6258E0824BD3F8F03003F00203022B98
:103EB80003D14FF40043FB624DE00023FB624AE06C
:103EC8007B4BD3F8F03003F00063B3F1006F03D1FC
:103ED8004FF4FA43FB623EE00023FB623BE0744B85
:103EE800D3F8E83003F04043BB62714B1B6803F022
:103EF8000203022B0CD1BB6A002B09D16C4B1B6847
:103F0800DB0803F003036B4A22FA03F3FB621EE0AB
:103F1800674B1B6803F40073B3F5007F06D1BB6AD7
:103F2800B3F1804F02D1644BFB6210E0604B1B6819
:103F380003F40033B3F5003F06D1BB6AB3F1004F79
:103F480002D15E4BFB6202E00023FB6203E002E069
:103F58000023FB6200BF84E2554BD3F8DC3003F446
:103F6800E0437B627B6AB3F5A04F44D07B6AB3F52C
:103F7800A04F79D87B6AB3F5804F2DD07B6AB3F513
:103F8800804F71D87B6AB3F5405F17D07B6AB3F571
:103F9800405F69D87B6A002B04D07B6AB3F5805FE9
:103FA80004D061E0FFF708F8F86260E007F10C035D
:103FB8001846FFF7AFF9FB68FB6258E03C4BD3F8B3
:103FC800F03003F00203022B03D14FF40043FB62ED
:103FD8004DE00023FB624AE0354BD3F8F03003F0A4
:103FE8000063B3F1006F03D14FF4FA43FB623EE084
:103FF8000023FB623BE02E4BD3F8E83003F040434C
:10400800BB622B4B1B6803F00203022B0CD1BB6A6B
:10401800002B09D1264B1B68DB0803F00303254A54
:1040280022FA03F3FB621EE0214B1B6803F40073C2
:10403800B3F5007F06D1BB6AB3F1804F02D11E4BA6
:10404800FB6210E01A4B1B6803F40033B3F5003F22
:1040580006D1BB6AB3F1004F02D1184BFB6202E0F4
:104068000023FB6203E002E00023FB6200BFF8E1EB
:104078000F4BD3F8E83003F440737B620C4B1B689A
:1040880003F40033B3F5003F05D17B6A002B02D15E
:104098000A4BFB62E5E17B6AB3F5807F10D107F13B
:1040A80018031846FEF7CAFFFB69FB62D9E100BF97
:1040B800000C02440090D00300093D0000366E0158
:1040C8007B6AB3F5007F07D107F10C031846FFF7A9
:1040D80021F93B69FB62C4E10023FB62C1E19D4B0E
:1040E800D3F8E03003F007037B627B6A042B59D8CE
:1040F80001A252F823F000BF15410008254100082D
:10410800AD410008354100083B41000807F118039C
:104118001846FEF793FFFB69FB6246E007F10C03C4
:104128001846FFF7F7F8FB68FB623EE08A4BFB6234
:104138003BE0884BD3F8E83003F04043BB62854B43
:104148001B6803F00203022B0CD1BB6A002B09D1B8
:10415800804B1B68DB0803F00303804A22FA03F351
:10416800FB621EE07B4B1B6803F40073B3F5007F12
:1041780006D1BB6AB3F1804F02D1794BFB6210E0E4
:10418800744B1B6803F40033B3F5003F06D1BB6AD8
:10419800B3F1004F02D1734BFB6202E00023FB62D4
:1041A80003E002E00023FB6200BF5AE1694BD3F849
:1041B800E03003F038037B627B6A202B22D07B6AD5
:1041C800202B58D87B6A182B19D07B6A182B52D809
:1041D8007B6A002B03D07B6A082B08D04BE007F1E1
:1041E80018031846FEF72AFFFB69FB6246E007F151
:1041F8000C031846FFF78EF8FB68FB623EE0564B4F
:10420800FB623BE0534BD3F8E83003F04043BB621A
:10421800504B1B6803F00203022B0CD1BB6A002B26
:1042280009D14C4B1B68DB0803F003034B4A22FA05
:1042380003F3FB621EE0474B1B6803F40073B3F5FE
:10424800007F06D1BB6AB3F1804F02D1444BFB62B9
:1042580010E0404B1B6803F40033B3F5003F06D170
:10426800BB6AB3F1004F02D13E4BFB6202E0002370
:10427800FB6203E002E00023FB6200BFF1E0354B84
:10428800D3F8E03003F4E0737B627B6AB3F5807F98
:1042980023D07B6AB3F5807F58D87B6AC02B19D0AE
:1042A8007B6AC02B52D87B6A002B03D07B6A402BD9
:1042B80008D04BE007F118031846FEF7BFFEFB696C
:1042C800FB6246E007F10C031846FFF723F8FB688A
:1042D800FB623EE0204BFB623BE01E4BD3F8E8302C
:1042E80003F04043BB621B4B1B6803F00203022B25
:1042F8000CD1BB6A002B09D1164B1B68DB0803F0F5
:104308000303164A22FA03F3FB621EE0114B1B68F3
:1043180003F40073B3F5007F06D1BB6AB3F1804F95
:1043280002D10F4BFB6210E00A4B1B6803F4003309
:10433800B3F5003F06D1BB6AB3F1004F02D1094B78
:10434800FB6202E00023FB6203E002E00023FB6261
:1043580000BF86E0000C02440080BB000090D00340
:1043680000093D0000366E01404BD3F8E83003F0F9
:1043780030037B623D4B1B6803F40053B3F5005FC9
:1043880005D17B6A002B02D1394BFB6231E0374BF8
:104398001B6803F00073B3F1007F0AD17B6A102B0E
:1043A80007D107F118031846FEF748FEFB69FB62C0
:1043B8001FE02E4BD3F8F03003F00203022B06D196
:1043C8007B6A202B03D14FF40043FB6211E0274B9B
:1043D800D3F8F03003F00063B3F1006F06D17B6AC5
:1043E800302B03D14FF4FA43FB6202E00023FB6257
:1043F80037E036E01D4BD3F8E43003F030037B623E
:104408007B6A102B07D107F118031846FEF716FE32
:10441800FB69FB6225E0154B1B6803F00063B3F1F1
:10442800006F0AD17B6A202B07D107F10C031846CD
:10443800FEF770FF3B69FB620FE00C4B1B6803F44F
:104448000053B3F5005F05D17B6A302B02D1084BCE
:10445800FB6202E00023FB6203E002E00023FB6250
:1044680000BFFB6A18463037BD4680BD000C0244C9
:10447800006CDC0280B487B000AF7860396000233C
:104488003B6142E13B681A6801213B6901FA03F389
:104498001340FB60FB68002B00F034813B685B68CD
:1044A800022B03D03B685B68122B25D13B69DA08E5
:1044B8007B68083253F822307B613B6903F00703BD
:1044C8009B000F2202FA03F3DB437A6913407B61F6
:1044D8003B681B6903F00F023B6903F007039B006D
:1044E80002FA03F37A6913437B613B69DA087B6854
:1044F8000832796943F822107B681B687B613B6945
:104508005B00032202FA03F3DB437A6913407B6101
:104518003B685B6803F003023B695B0002FA03F344
:104528007A6913437B617B687A691A603B685B68C8
:10453800012B0BD03B685B68022B07D03B685B689C
:10454800112B03D03B685B68122B30D17B689B68CA
:104558007B613B695B00032202FA03F3DB437A6960
:1045680013407B613B68DA683B695B0002FA03F33E
:104578007A6913437B617B687A699A607B685B68B8
:104588007B6101223B6902FA03F3DB437A6913403A
:104598007B613B685B681B0903F001023B6902FA17
:1045A80003F37A6913437B617B687A695A603B68D5
:1045B8005B6803F00303032B09D13B685B6803F0D6
:1045C8000303032B1BD13B689B68012B17D07B6827
:1045D800DB687B613B695B00032202FA03F3DB4380
:1045E8007A6913407B613B689A683B695B0002FA11
:1045F80003F37A6913437B617B687A69DA603B6805
:104608005B6803F08053002B7CD0474A3B699B08CA
:10461800183352F823307B613B6903F00303DB0056
:104628000F2202FA03F3DB437A6913407B617B684C
:104638009A0A3E4B13403A6902F00302D2009340B3
:104648007A6913437B6138493B699B0818337A6957
:1046580041F82320344B1B687B61FB68DB437A6994
:1046680013407B613B685B6803F48013002B03D025
:104678007A69FB6813437B612B4A7B6913602A4B79
:104688005B687B61FB68DB437A6913407B613B684D
:104698005B6803F40013002B03D07A69FB681343AB
:1046A8007B61214A7B6953601F4BD3F884307B615F
:1046B800FB68DB437A6913407B613B685B6803F402
:1046C8000033002B03D07A69FB6813437B61164AD9
:1046D8007B69C2F88430144BD3F880307B61FB6867
:1046E800DB437A6913407B613B685B6803F4803382
:1046F800002B03D07A69FB6813437B610A4A7B6904
:10470800C2F880303B6901333B613B681A683B69FA
:1047180022FA03F3002B7FF4B5AE00BF00BF1C37AD
:10472800BD465DF8047B7047002002447F7F2F0060
:1047380080B582B000AF78607B68002B01D101237F
:1047480042E07B68D3F88830002B06D17B680022D2
:1047580083F88420786800F03BF87B682422C3F84B
:1047680088207B681B681A687B681B6822F0010236
:104778001A607B689B6A002B02D0786800F058FAB0
:10478800786800F0D7F80346012B01D101231BE01C
:104798007B681B685A687B681B6822F490425A60E1
:1047A8007B681B689A687B681B6822F02A029A60FB
:1047B8007B681B681A687B681B6842F001021A60F4
:1047C800786800F0D7FA034618460837BD4680BD1A
:1047D80080B483B000AF786000BF0C37BD465DF889
:1047E800047B704780B58AB002AFF860B9603B605F
:1047F8001346FB80FB68D3F88830202B40F0958067
:10480800BB68002B02D0FB88002B01D101238DE06F
:10481800FB681B689B6803F08003802B07D1FB684B
:104828001B689A68FB681B6822F080029A60FB6824
:104838000022C3F89020FB682122C3F88820FDF7E6
:1048480077FC7861FB68FA88A3F85420FB68FA883B
:10485800A3F85620FB689B68B3F5805F08D1FB6816
:104868001B69002B04D10023FB61BB68BB6103E01B
:10487800BB68FB610023BB613AE03B6800937B693E
:1048880000228021F86800F01FFB0346002B05D0AA
:10489800FB682022C3F88820032347E0FB69002B2C
:1048A8000BD1BB691B881A46FB681B68C2F3080258
:1048B8009A62BB690233BB6107E0FB691A78FB683F
:1048C8001B689A62FB690133FB61FB68D3F8883087
:1048D80003F02103212B09D1FB68B3F856309BB2B2
:1048E800013B9AB2FB68A3F8562001E001231DE0C2
:1048F800FB68B3F856309BB2002BBED13B680093DF
:104908007B6900224021F86800F0DEFA0346002B9C
:1049180005D0FB682022C3F88820032306E0FB6843
:104928002022C3F88820002300E0022318462037FD
:10493800BD4680BD2DE9B04F94B000AFF8620023AA
:1049480087F84730FB6A9A68FB6A1B691A43FB6A57
:104958005B691A43FB6ADB691343FB64FB6A1B68E8
:104968001B688A491940FB6A1A68FB6C0B43136081
:10497800FB6A1B685B6823F44050FB6AD968FB6AD2
:104988001A6840EA01035360FB6A9B69FB64FB6A8F
:104998001A687F4B9A4204D0FB6A1A6AFB6C13436D
:1049A800FB64FB6A1B689B6823F06E4121F430614D
:1049B800FB6A1A68FB6C0B439360FB6A1B68DB6A33
:1049C80023F00F00FB6A596AFB6A1A6840EA010380
:1049D800D362FB6A1A686F4B9A4202D10123BB6407
:1049E8001AE0FB6A1A686C4B9A4202D10223BB6434
:1049F80012E0FB6A1A68694B9A4202D10423BB642D
:104A08000AE0FB6A1A68624B9A4203D14FF480535A
:104A1800BB6401E00023BB64FB6A1A685C4B9A42E2
:104A280071D1BB6C00223B627A62D7E90801FEF7BC
:104A3800DDFD38643B6C002B00F0E280FB6A5B6AAA
:104A4800574A32F813301A463B6CB3FBF2F37B63D8
:104A5800FB6A5A6813465B0013447A6B9A4205D383
:104A6800FB6A5B681B037A6B9A4203D9012387F8B8
:104A78004730C5E03B6C0022BB61FA61FB6A5B6AA8
:104A8800474A32F813309BB200223B617A61D7E97A
:104A98000423D7E90601FBF7DBFB02460B46104669
:104AA80019464FF000024FF000030B0243EA10636F
:104AB8000202F96A4968490800200C46054612EBCB
:104AC800040843EB0509FB6A5B680022BB60FA60D7
:104AD800D7E9022340464946FBF7BAFB02460B4694
:104AE8001346FB63FB6BB3F5407F08D3FB6BB3F551
:104AF800801F04D2FB6A1B68FA6BDA6080E001232E
:104B080087F847307CE0FB6ADB69B3F5004F49D191
:104B1800BB6C00223B607A60D7E90001FEF766FDB6
:104B280038643B6C002B6BD0FB6A5B6A1C4A32F81A
:104B380013301A463B6CB3FBF2F35A00FB6A5B680E
:104B48005B081A44FB6A5B68B2FBF3F3FB63FB6B1D
:104B58000F2B16D9FB6BB3F5803F12D2FB6B9BB2C0
:104B680023F00F037B87FB6B5B089BB203F0070303
:104B78009AB27B8F13437B87FB6A1B687A8FDA6054
:104B88003EE0012387F847303AE000BFF369FFCFE2
:104B98000024004400380140004400400048004020
:104BA800E8E90008BB6C00229A46934650465946ED
:104BB800FEF71CFD38643B6C002B21D0FB6A5B6A56
:104BC8001A4A32F813301A463B6CB3FBF2F2FB6A0E
:104BD8005B685B081A44FB6A5B68B2FBF3F3FB6330
:104BE800FB6B0F2B09D9FB6BB3F5803F05D2FB6B31
:104BF8009AB2FB6A1B68DA6002E0012387F8473043
:104C0800FB6A0122A3F86A20FB6A0122A3F8682044
:104C1800FB6A00225A67FB6A00229A6797F84730B6
:104C280018465037BD46BDE8B08F00BFE8E9000818
:104C380080B483B000AF78607B689B6A03F0080398
:104C4800002B0AD07B681B685B6823F400417B68F3
:104C58009A6B7B681B680A435A607B689B6A03F0FF
:104C68000103002B0AD07B681B685B6823F40031C2
:104C78007B68DA6A7B681B680A435A607B689B6AB0
:104C880003F00203002B0AD07B681B685B6823F4DF
:104C980080317B681A6B7B681B680A435A607B68A3
:104CA8009B6A03F00403002B0AD07B681B685B68CF
:104CB80023F480217B685A6B7B681B680A435A601F
:104CC8007B689B6A03F01003002B0AD07B681B6883
:104CD8009B6823F480517B68DA6B7B681B680A4306
:104CE8009A607B689B6A03F02003002B0AD07B68DC
:104CF8001B689B6823F400517B681A6C7B681B68EF
:104D08000A439A607B689B6A03F04003002B1AD021
:104D18007B681B685B6823F480117B685A6C7B682E
:104D28001B680A435A607B685B6CB3F5801F0AD125
:104D38007B681B685B6823F4C0017B689A6C7B689E
:104D48001B680A435A607B689B6A03F08003002B48
:104D58000AD07B681B685B6823F400217B68DA6CE7
:104D68007B681B680A435A6000BF0C37BD465DF874
:104D7800047B704780B598B002AF78607B680022EA
:104D8800C3F89020FDF7D4F978657B681B681B6829
:104D980003F00803082B2FD16FF07E4300937B6D3F
:104DA80000224FF40011786800F08EF80346002BBB
:104DB80022D07B681B68BB63BB6B53E8003F7B63F7
:104DC8007B6B23F080033B657B681B681A463B6D51
:104DD8007B643A64396C7A6C41E80023FB63FB6BB3
:104DE800002BE6D17B682022C3F888207B6800224C
:104DF80083F88420032363E07B681B681B6803F047
:104E08000403042B49D16FF07E4300937B6D00228D
:104E18004FF48001786800F057F80346002B3CD027
:104E28007B681B687B627B6A53E8003F3B623B6A96
:104E380023F49073FB647B681B681A46FB6C3B6326
:104E4800FA62F96A3A6B41E80023BB62BB6A002B3D
:104E5800E6D17B681B6808333B613B6953E8003F38
:104E6800FB60FB6823F00103BB647B681B680833A5
:104E7800BA6CFA61BB61B969FA6941E800237B61E0
:104E88007B69002BE5D17B682022C3F88C207B68E6
:104E9800002283F88420032312E07B682022C3F8D1
:104EA80088207B682022C3F88C207B680022DA6681
:104EB8007B6800221A677B68002283F8842000231D
:104EC80018465837BD4680BD80B584B000AFF8603D
:104ED800B9603B601346FB714FE0BB69B3F1FF3F1C
:104EE8004BD0FDF725F902463B68D31ABA699A42B6
:104EF80002D3BB69002B01D103234EE0FB681B687A
:104F08001B6803F00403002B37D0BB68802B34D018
:104F1800BB68402B31D0FB681B68DB6903F00803D2
:104F2800082B10D1FB681B6808221A62F86800F089
:104F380038F8FB680822C3F89020FB68002283F841
:104F48008420012329E0FB681B68DB6903F4006304
:104F5800B3F5006F11D1FB681B684FF400621A6249
:104F6800F86800F01EF8FB682022C3F89020FB6860
:104F7800002283F8842003230FE0FB681B68DA69AA
:104F8800BB681340BA689A420CBF01230023DBB206
:104F98001A46FB799A42A0D0002318461037BD461E
:104FA80080BD80B495B000AF78607B681B687B6378
:104FB8007B6B53E8003F3B633B6B23F49073FB64CC
:104FC8007B681B681A46FB6C3B64FA63F96B3A6CA6
:104FD80041E80023BB63BB6B002BE6D17B681B68F1
:104FE80008333B623B6A53E8003FFB61FB6923F0EF
:104FF800805323F00103BB647B681B680833BA6CD9
:10500800FA62BB62B96AFA6A41E800237B627B6A8A
:10501800002BE3D17B68DB6E012B18D17B681B6802
:10502800FB60FB6853E8003FBB60BB6823F01003DC
:105038007B647B681B681A467B6CBB617A61796903
:10504800BA6941E800233B613B69002BE6D17B68E4
:105058002022C3F88C207B680022DA667B68002255
:105068005A6700BF5437BD465DF8047B704700009F
:1050780080B485B000AF78607B6803F00703FB60FD
:105088000C4BDB68BB60BA684FF6FF031340BB608C
:10509800FB681A02BB68134343F0BF6343F4003351
:1050A800BB60044ABB68D36000BF1437BD465DF8D7
:1050B800047B704700ED00E080B400AF044BDB6870
:1050C8001B0A03F007031846BD465DF8047B7047CA
:1050D80000ED00E080B483B000AF03463960FB8088
:1050E800B7F90630002B0ADB3B68DAB20C49B7F98E
:1050F80006301201D2B20B4483F800230AE03B6861
:10510800DAB20849FB8803F00F03043B1201D2B25C
:105118000B441A7600BF0C37BD465DF8047B704718
:1051280000E100E000ED00E080B489B000AFF86075
:10513800B9607A60FB6803F00703FB61FB69C3F1A0
:105148000703042B28BF0423BB61FB690433062B28
:1051580002D9FB69033B00E000237B614FF0FF327B
:10516800BB6902FA03F3DA43BB681A407B699A40C9
:105178004FF0FF317B6901FA03F3D9437B680B4099
:10518800134318462437BD465DF8047B704780B545
:1051980082B000AF78607868FFF76AFF00BF083711
:1051A800BD4680BD80B586B000AF0346B9607A6061
:1051B800FB81FFF781FF78617A68B9687869FFF742
:1051C800B3FF0246B7F90E3011461846FFF782FFC3
:1051D80000BF1837BD4680BD80B483B000AF78608B
:1051E8007B68013BB3F1807F01D301230DE00A4ABC
:1051F8007B68013B5360084B00229A60064B1B6892
:10520800054A43F003031360002318460C37BD46D4
:105218005DF8047B704700BF10E000E080B483B005
:1052280000AF78607B68042B44D801A252F823F0C1
:105238005B520008795200089B520008BD520008D2
:105248004D5200081F4B1B681E4A43F004031360AD
:1052580031E01C4B1B681B4A23F0040313601A4BF4
:10526800D3F8E430184A23F00C03C2F8E43022E003
:10527800144B1B68134A23F004031360124BD3F832
:10528800E43023F00C03104A43F00403C2F8E4307E
:1052980011E00C4B1B680B4A23F0040313600A4B04
:1052A800D3F8E43023F00C03074A43F00803C2F8AC
:1052B800E43000E000BF00BF0C37BD465DF8047B5A
:1052C800704700BF10E000E0000C024480B483B0D7
:1052D80000AF174B1B6803F00403002B02D0042314
:1052E8007B601EE0134BD3F8E43003F00C033B6003
:1052F8003B68082B0FD03B68082B0FD83B68002B66
:1053080003D03B68042B03D008E000237B6008E04F
:1053180001237B6005E002237B6002E000237B60C1
:1053280000BF7B6818460C37BD465DF8047B7047A4
:1053380010E000E0000C024480B400AF054B1B688D
:10534800044A43F00103136000231846BD465DF884
:10535800047B70470004034080B58AB004AFF8604E
:10536800B9607A603B607B689B00184602F0D4FA0B
:1053780038613B69002B13D0642002F0CDFA7861C4
:105388007B69002B08D0642200217869FBF706FEB0
:105398007B693A691A6305E0386902F0B9FB01E0F4
:1053A80000237B617B69002B0DD0002303937B696D
:1053B80002937B6A01933B6A00933B687A68B968F9
:1053C800F86800F028F87B6918461837BD4680BD94
:1053D80080B588B002AFF860B9607A603B607B6ADC
:1053E80001933B6A00933B687A68B968F868FFF7ED
:1053F800B3FF38613B69002B05D0386900F09AF893
:1054080001237B6102E04FF0FF337B617B69184623
:105418001837BD4680BD80B586B000AFF860B9606A
:105428007A603B60BB6A186B7B689B001A46A521B3
:10543800FBF7B4FDBB6A1A6B7B6803F18043013B41
:105448009B0013443B613B6923F007033B613B69C5
:1054580003F00703002B03D002F0CAFE00BFFDE7EC
:10546800BB68002B1ED000237B6112E0BA687B6901
:1054780013441978BA6A7B69134434330A461A709C
:10548800BA687B6913441B78002B06D07B6901330B
:105498007B617B690F2BE9D900E000BFBB6A002262
:1054A80083F843203B6A072B03D902F0A1FE00BF13
:1054B800FDE73B6A072B01D907233B62BB6A3A6ABF
:1054C800DA62BB6A3A6ADA64BB6A0433184601F0E6
:1054D8008FFEBB6A1833184601F08AFEBB6ABA6AA7
:1054E8001A613B6AC3F10802BB6A9A61BB6ABA6A6D
:1054F8005A62BB6A196B3B68FA68386902F0F6FCB5
:105508000246BB6A1A60BB6A1B683A69D31A9B10C9
:105518001A467B68934203D802F06AFE00BFFDE793
:105528007B6A002B02D07B6ABA6A1A6000BF183700
:10553800BD4680BD80B584B000AF786002F076FCCF
:105548003F4B1B6801333E4A13603E4B1B68002BE0
:1055580009D13C4A7B681360394B1B68012B10D179
:1055680000F0B4FD0DE0384B1B68002B09D1354B1A
:105578001B68DA6A7B68DB6A9A4202D8314A7B6820
:105588001360324B1B680133304A13602F4B1A6883
:105598007B685A647B68DA6A2D4B1B689A4203D988
:1055A8007B68DB6A2A4A13607B68DA6A29491346F2
:1055B8009B0013449B000B4404331B68FB607B680F
:1055C800FA689A60FB689A687B68DA60FB689B688F
:1055D8007A6804325A607B681A1DFB689A607B6897
:1055E800DA6A13469B0013449B001A4A1A447B68E4
:1055F8005A617B68DA6A174913469B0013449B007B
:105608000B441B687A68D26A591C124813469B00DF
:1056180013449B000344196002F01AFC0A4B1B68F0
:10562800002B08D0074B1B68DA6A7B68DB6A9A4252
:1056380001D202F0E9FB00BF1037BD4680BD00BFB4
:10564800300B00201C0A00203C0B00204C0B0020D3
:10565800380B0020200A002080B584B000AF7860A5
:105668000023FB607B68002B10D000F0A5F80C4BE2
:105678001B68012B03D002F0BBFD00BFFDE7002132
:10568800786800F0ADFF00F0A5F8F860FB68002B23
:1056980001D102F0B9FB00BF1037BD4680BD00BF85
:1056A800580B002080B58AB002AF0123FB613B464E
:1056B80000221A605A609A60DA6000233B61002376
:1056C8007B6111E01F4A7B69134419783A467B696C
:1056D80013440A461A703A467B6913441B78002B18
:1056E80006D07B6901337B617B690E2BEAD900E028
:1056F80000BF3A467B69134400221A700023BB613D
:1057080016E0114B3B61BB699B00104A13443946B4
:1057180001930023009300234FF480723869FFF748
:1057280057FEF861FB69012B06D1BB690133BB61E8
:10573800BB69002BE5DD00E000BFFB691846203798
:10574800BD4680BD38E80008B5600008540B00204D
:1057580080B582B000AFFFF7A5FF78607B68012BAA
:1057680002D101F0B5FD78607B68012B0ED102F003
:105778003FFD0D4B4FF0FF321A600C4B01221A60AF
:105788000B4B00221A6002F03BFC07E07B68B3F188
:10579800FF3F03D102F02CFD00BFFDE7054B1B685E
:1057A80000BF0837BD4680BD500B00203C0B0020D1
:1057B800340B002000EA000880B400AF044B1B68DB
:1057C8000133034A136000BFBD465DF8047B704790
:1057D800580B002080B588B000AF0023FB61002380
:1057E800BB6102F023FB00233B616F4B1B68002B5E
:1057F80003D102F0FDFC00BFFDE76B4B1B68013BCA
:10580800694A1360684B1B68002B40F0C580674BE2
:105818001B68002B00F0C0808FE0654BDB68DB68FD
:10582800FB61FB699B6AFB60FB69DB69FA69126AC9
:105838009A60FB691B6AFA69D2695A60FB685A6800
:10584800FB6918339A4203D1FB691A6AFB685A60EC
:10585800FB6900229A62FB681B685A1EFB681A6083
:10586800FB695B69BB60FB699B68FA69D2689A60EF
:10587800FB69DB68FA6992685A60BB685A68FB6919
:1058880004339A4203D1FB69DA68BB685A60FB6942
:1058980000225A61BB681B685A1EBB681A60FB6904
:1058A800DA6A444B1B689A4203D9FB69DB6A414AAE
:1058B8001360FB69DA6A404913469B0013449B0056
:1058C8000B4404331B687B60FB697A689A607B68C9
:1058D8009A68FB69DA607B689B68FA6904325A60E7
:1058E800FB691A1D7B689A60FB69DA6A13469B009C
:1058F80013449B00304A1A44FB695A61FB69DA6A0F
:105908002D4913469B0013449B000B441B68FA69FE
:10591800D26A591C284813469B0013449B00034431
:105928001960FB69DA6A254B1B68DB6A9A4204D95D
:10593800234A3B69012142F823101D4B1B68002BA9
:105948007FF46BAFFB69002B01D000F03DFC1D4BD1
:105958001B687B617B69002B12D000F051F803466D
:10596800002B04D0164A3B69012142F823107B69B9
:10597800013B7B617B69002BEFD1124B00221A603F
:105988000F4A3B6952F82330002B05D00123BB6135
:105998000A4B1B6802F038FA02F05AFABB6918463B
:1059A8002037BD4680BD00BF580B0020300B0020BB
:1059B800F00A0020380B0020200A00201C0A0020D2
:1059C800440B0020400B002080B483B000AF054B8F
:1059D8001B687B607B6818460C37BD465DF8047B06
:1059E800704700BF340B002080B400AF034B1B6826
:1059F8001846BD465DF8047B704700BF300B002099
:105A080080B588B000AF0023FB617F4B1B68002B7B
:105A180040F0EE807D4B1B680133BB617B4ABB695C
:105A28001360BB69002B19D1794B1B681B68002BCD
:105A380003D002F0DDFB00BFFDE7754B1B687B61FF
:105A4800744B1B68724A1360724A7B691360724B0D
:105A58001B680133704A136000F0B6FB6F4B1B687C
:105A6800BA699A42C0F0A980694B1B681B68002B71
:105A780004D16A4B4FF0FF321A609EE0644B1B68FA
:105A8800DB68DB683B613B695B68FB60BA69FB68A4
:105A98009A4203D2614AFB6813608EE03B695B69F6
:105AA800BB603B699B683A69D2689A603B69DB686E
:105AB8003A6992685A60BB685A683B6904339A42EB
:105AC80003D13B69DA68BB685A603B6900225A61B6
:105AD800BB681B685A1EBB681A603B699B6A002B2F
:105AE8001ED03B699B6A7B603B69DB693A69126A35
:105AF8009A603B691B6A3A69D2695A607B685A683E
:105B08003B6918339A4203D13B691A6A7B685A6029
:105B18003B6900229A627B681B685A1E7B681A6080
:105B28003B69DA6A3E4B1B689A4203D93B69DB6AD8
:105B38003B4A13603B69DA6A3A4913469B001344AF
:105B48009B000B4404331B683B603B693A689A60CE
:105B58003B689A683B69DA603B689B683A6904323B
:105B68005A603B691A1D3B689A603B69DA6A1346BA
:105B78009B0013449B002B4A1A443B695A613B69BA
:105B8800DA6A284913469B0013449B000B441B68A0
:105B98003A69D26A591C234813469B0013449B0058
:105BA800034419603B69DA6A1F4B1B68DB6A9A4237
:105BB8007FF65AAF0123FB6156E71B4B1B68DA6A75
:105BC800184913469B0013449B000B441B68012B88
:105BD80001D90123FB61154B1B68002B01D102F091
:105BE800EDFB134B1B68002B09D00123FB6106E07A
:105BF8000E4B1B6801330D4A136002F0DFFBFB6993
:105C080018462037BD4680BD580B0020340B0020B5
:105C1800E80A0020EC0A0020480B0020500B002066
:105C2800380B0020200A00201C0A0020400B00200E
:105C3800440B002080B586B000AF3C4B1B68002B9E
:105C480003D03B4B01221A606BE0394B00221A60EB
:105C5800384B1B681B6B3B614FF0A533FB60354B22
:105C68001B681A68334B1B681B6B9A4216D93B6931
:105C78001B68FA689A4211D13B6904331B68FA68B9
:105C88009A420BD13B6908331B68FA689A4205D1DE
:105C98003B690C331B68FA689A4209D0254B1B688C
:105CA8003433BB60234B1B68B968184602F08CFB81
:105CB800214B1B687B6109E07B69002B03D102F053
:105CC80097FA00BFFDE77B69013B7B611B497A6955
:105CD80013469B0013449B000B441B68002BEBD01E
:105CE8007A6913469B0013449B00144A13447B6053
:105CF8007B685B685A687B685A607B685A687B680F
:105D080008339A4203D17B68DA687B685A607B68FB
:105D18005B68DB68074A1360074A7B691360054BB9
:105D28001B6800BF1837BD4680BD00BF580B002058
:105D3800440B00201C0A0020380B0020200A0020F9
:105D480080B582B000AF786039607B68002B03D1E2
:105D580002F04EFA00BFFDE7074B1B6818331946DF
:105D6800786801F052FA0121386800F039FC00BF68
:105D78000837BD4680BD00BF1C0A002080B586B02C
:105D880000AFF860B9607A60FB68002B03D102F0BD
:105D98002FFA00BFFDE7FB685B687B61154B1B684A
:105DA8007A69DA61134B1B687A6992681A62114B37
:105DB8001A687B699B6818325A600E4B1B6803F19E
:105DC80018027B699A600B4B1B68FA689A62FB6839
:105DD8001B685A1CFB681A607B68002B02D04FF0C6
:105DE800FF33BB607968B86800F0FAFB00BF18376A
:105DF800BD4680BD1C0A002080B588B000AF786021
:105E08007B68DB68DB68BB61BB69002B03D102F0F0
:105E1800EFF900BFFDE7BB699B6A7B61BB69DB6982
:105E2800BA69126A9A60BB691B6ABA69D2695A6010
:105E38007B695A68BB6918339A4203D1BB691A6AED
:105E48007B695A60BB6900229A627B691B685A1E8B
:105E58007B691A604A4B1B68002B61D1BB695B697F
:105E6800FB60BB699B68BA69D2689A60BB69DB68EA
:105E7800BA6992685A60FB685A68BB6904339A42E7
:105E880003D1BB69DA68FB685A60BB6900225A61B2
:105E9800FB681B685A1EFB681A60BB69DA6A394BD3
:105EA8001B689A4203D9BB69DB6A364A1360BB692F
:105EB800DA6A354913469B0013449B000B440433AC
:105EC8001B68BB60BB69BA689A60BB689A68BB69A3
:105ED800DA60BB689B68BA6904325A60BB691A1DEC
:105EE800BB689A60BB69DA6A13469B0013449B003F
:105EF800254A1A44BB695A61BB69DA6A22491346C2
:105F08009B0013449B000B441B68BA69D26A591C56
:105F18001D4813469B0013449B00034419601BE073
:105F28001A4B5B683B61BB693A69DA613B699A68FD
:105F3800BB691A623B699B68BA6918325A60BB69C7
:105F480003F118023B699A60BB69104A9A620F4BC9
:105F58001B6801330D4A1360BB69DA6A0C4B1B6876
:105F6800DB6A9A4205D90123FB610A4B01221A60B8
:105F780001E00023FB61FB6918462037BD4680BD60
:105F8800580B0020380B0020200A0020F00A0020BF
:105F98001C0A0020440B002080B483B000AF786056
:105FA800064B1A687B681A60054B1A687B685A604A
:105FB80000BF0C37BD465DF8047B7047480B0020D6
:105FC800340B002080B586B000AF786039607B68FC
:105FD800002B03D102F00CF900BFFDE73B68002B52
:105FE80003D102F005F900BFFDE701F01FFF264BC2
:105FF8001B683B617B685B683A69D31AFB60234B7B
:106008001B6893F86330002B07D0204B1B680022D5
:1060180083F8632001237B612EE03B681B68B3F1A2
:10602800FF3F02D100237B6126E07B681A68184B8A
:106038001B689A420AD07B685B683A699A4205D322
:1060480001237B613B6800221A6015E03B681B68EE
:10605800FA689A420BD23B681A68FB68D21A3B6806
:106068001A607868FFF798FF00237B6104E03B68BB
:1060780000221A6001237B6101F0EAFE7B69184661
:106088001837BD4680BD00BF340B00201C0A002015
:10609800480B002080B400AF034B01221A6000BFF8
:1060A800BD465DF8047B7047440B002080B582B084
:1060B80000AF786000F04AF8034B1B68012BF9D950
:1060C80001F0A2FEF6E700BF200A002080B582B0EA
:1060D80000AF00237B600CE07A6813469B001344F2
:1060E8009B00124A1344184601F062F87B6801339A
:1060F8007B607B68072BEFD90D4801F059F80D48F4
:1061080001F056F80C4801F053F80C4801F050F82B
:106118000B4801F04DF80B4B054A1A600A4B054A2B
:106128001A6000BF0837BD4680BD00BF200A0020A6
:10613800C00A0020D40A0020F00A0020040B002026
:106148001C0B0020E80A0020EC0A002080B582B071
:1061580000AF19E001F06AFE104BDB68DB687B607A
:106168007B680433184601F089F80D4B1B68013B26
:106178000B4A13600B4B1B68013B0A4A136001F082
:1061880067FE786800F010F8064B1B68002BE1D119
:1061980000BF00BF0837BD4680BD00BF040B00200C
:1061A800300B0020180B002080B582B000AF78605B
:1061B8007B681B6B184601F0ABFC786801F0A8FC03
:1061C80000BF0837BD4680BD80B400AF0A4B1B68CE
:1061D8001B68002B04D1094B4FF0FF321A6005E011
:1061E800054B1B68DB681B68044A136000BFBD468B
:1061F8005DF8047B704700BFE80A0020500B0020C0
:1062080080B483B000AF0B4B1B68002B02D1012375
:106218007B6008E0084B1B68002B02D102237B60DF
:1062280001E000237B607B6818460C37BD465DF8AB
:10623800047B70473C0B0020580B002080B586B0CB
:1062480000AF78607B683B6100237B617B68002B33
:106258007BD03B69DA6A3F4B1B68DB6A9A426BD298
:106268003B699B69002B06DB3A4B1B68DB6AC3F171
:1062780008023B699A613B6959693B69DA6A1346C6
:106288009B0013449B00344A134499424CD13B6908
:106298000433184600F0F2FF2E4B1B68DA6A3B699C
:1062A800DA623B69DA6A2D4B1B689A4203D93B696B
:1062B800DB6A2A4A13603B69DA6A274913469B005E
:1062C80013449B000B4404331B68FB603B69FA686A
:1062D8009A60FB689A683B69DA60FB689B683A6970
:1062E80004325A603B691A1DFB689A603B69DA6A96
:1062F80013469B0013449B00174A1A443B695A6192
:106308003B69DA6A144913469B0013449B000B440B
:106318001B683A69D26A591C0F4813469B001344FC
:106328009B000344196004E00A4B1B68DA6A3B6966
:10633800DA6201237B6108E03B69DA6C054B1B6874
:10634800DB6A9A4201D201237B617B6918461837C0
:10635800BD4680BD1C0A0020200A0020380B002002
:1063680080B586B000AF78607B683B6100237B61B5
:106378007B68002B72D03C4B1B683A699A4203D069
:1063880001F036FF00BFFDE73B691B6D002B03D111
:1063980001F02EFF00BFFDE73B691B6D5A1E3B69EC
:1063A8001A653B69DA6A3B69DB6C9A4256D03B69ED
:1063B8001B6D002B52D13B690433184600F05EFF79
:1063C8003B69DA6C3B69DA623B69DB6AC3F1080254
:1063D8003B699A613B69DA6A244B1B689A4203D984
:1063E8003B69DB6A214A13603B69DA6A2049134634
:1063F8009B0013449B000B4404331B68FB603B6900
:10640800FA689A60FB689A683B69DA60FB689B687F
:106418003A6904325A603B691A1DFB689A603B6905
:10642800DA6A13469B0013449B00114A1A443B69DD
:106438005A613B69DA6A0E4913469B0013449B0074
:106448000B441B683A69D26A591C094813469B00D9
:1064580013449B000344196001237B617B69184640
:106468001837BD4680BD00BF1C0A0020380B00202D
:10647800200A002080B588B000AF786039607B685A
:10648800BB6101237B617B68002B00F08780BB69BF
:106498001B6D002B03D101F0ABFE00BFFDE7BB690C
:1064A800DB6C3A689A4202D93B68FB6102E0BB693F
:1064B800DB6CFB61BB69DB6AFA699A426ED0BB6927
:1064C8001B6D7A699A4269D1364B1B68BA699A4240
:1064D80003D101F08DFE00BFFDE7BB69DB6A3B61BC
:1064E800BB69FA69DA62BB699B69002B04DBFB694B
:1064F800C3F10802BB699A61BB6959693A691346D5
:106508009B0013449B00284A1344994246D1BB6917
:106518000433184600F0B2FEBB69DA6A234B1B68E5
:106528009A4203D9BB69DB6A204A1360BB69DA6AFD
:106538001D4913469B0013449B000B4404331B68FE
:10654800FB60BB69FA689A60FB689A68BB69DA60A5
:10655800FB689B68BA6904325A60BB691A1DFB68FC
:106568009A60BB69DA6A13469B0013449B000E4A83
:106578001A44BB695A61BB69DA6A0B4913469B0026
:1065880013449B000B441B68BA69D26A591C06481D
:1065980013469B0013449B000344196000BF203737
:1065A800BD4680BD1C0A0020200A0020380B0020B0
:1065B80080B483B000AF094B1B687B607B68002BFD
:1065C80004D07B681B6D5A1C7B681A657B6818466B
:1065D8000C37BD465DF8047B704700BF1C0A0020DD
:1065E80080B588B000AF78603960324B1B68FB61BA
:1065F800314B1B68BB61314B1B687B61304B1B689F
:10660800002283F863202E4B1B680433184600F0E1
:1066180035FE7B68B3F1FF3F24D13B68002B21D0C6
:10662800284B5B683B61264B1B683A699A60244B90
:106638001B683A699268DA60214B1A683B699B6863
:1066480004325A601E4B1B681A1D3B699A601C4B2A
:106658001B681C4A5A611B4B1B680133194A13609B
:1066680000BF22E0FA697B681344FB60144B1B6887
:10667800FA685A60FA68FB699A4207D2104B1B689D
:1066880004331946786900F0C0FD0EE00C4B1B6816
:1066980004331946B86900F0B8FD0B4B1B68FA685B
:1066A8009A4202D2084AFB68136000BF2037BD46F1
:1066B80080BD00BF340B0020E80A0020EC0A00204F
:1066C8001C0A00201C0B0020500B002080B584B051
:1066D80000AF786039600123FB607B68BB60BB68F2
:1066E800002B03D101F084FD00BFFDE7BB68002B40
:1066F80057D0BB68DB6B002B53D0BB681A6CBB68E8
:10670800DB6B0021A3FB0223002B00D001210B46E9
:10671800002B46D101F08AFBBB681A68BB68DB6BAB
:10672800B968096C01FB03F31A44BB689A60BB683B
:1067380000229A63BB681A68BB685A60BB681A680B
:10674800BB68DB6B013BB968096C01FB03F31A44B6
:10675800BB68DA60BB68FF2283F84420BB68FF226D
:1067680083F845203B68002B0ED1BB681B69002BC2
:1067780014D0BB6810331846FFF73EFB0346002BC6
:106788000CD001F041FB09E0BB681033184600F05B
:106798000FFDBB682433184600F00AFD01F058FBD2
:1067A80001E00023FB60FB68002B03D101F020FD12
:1067B80000BFFDE7FB6818461037BD4680BD80B5B1
:1067C8008AB002AFF860B9601346FB710023FB6121
:1067D800FB68002B2ED00021BA68FB68A3FB0223BC
:1067E800002B00D001210B46002B23D1FB68BA688F
:1067F80002FB03F313F1510F1CD8FB68BA6802FBC4
:1068080003F3BB61BB695033184601F085F8F861A2
:10681800FB69002B15D0FB697B617B6950337B6179
:10682800FA79FB69009313467A69B968F86800F049
:106838000DF806E0FB69002B03D101F0D9FC00BF7D
:10684800FDE7FB6918462037BD4680BD80B584B09A
:1068580000AFF860B9607A60FB70BB68002B03D1A9
:10686800BB69BA691A6002E0BB697A681A60BB69D9
:10687800FA68DA63BB69BA681A640121B869FFF774
:1068880025FFBB69FA7883F84C2000BF1037BD4656
:1068980080BD80B582B000AF78607B68002B0ED0D9
:1068A8007B6800229A607B6800221A607B6800225D
:1068B800DA60002300220021786800F01CF800BF8D
:1068C8000837BD4680BD80B586B000AF0346FB7172
:1068D80001237B6100233B61FB791A46396978699A
:1068E800FFF76DFFF860F868FFF7D3FFFB681846FD
:1068F8001837BD4680BD80B58AB000AFF860B96072
:106908007A603B6000237B62FB683B623B6A002B3A
:1069180003D101F06DFC00BFFDE7BB68002B07D178
:106928003B6A1B6C002B03D001F062FC00BFFDE743
:106938003B68022B07D13B6ADB6B012B03D001F0CC
:1069480057FC00BFFDE7FFF75BFC0346002B00D0B8
:1069580006E07B68002B03D001F04AFC00BFFDE78E
:1069680001F064FA3B6A9A6B3B6ADB6B9A4202D38A
:106978003B68022B1DD13A68B968386A00F08DFA75
:10698800F8613B6A5B6A002B0AD03B6A24331846DD
:10699800FFF732FA0346002B07D001F035FA04E07E
:1069A800FB69002B01D001F02FFA01F051FA012305
:1069B8005CE07B68002B03D101F04AFA002355E024
:1069C8007B6A002B06D107F114031846FFF7E4FA97
:1069D80001237B6201F03CFAFEF7EEFE01F026FA95
:1069E8003B6A93F844305BB2B3F1FF3F03D13B6A93
:1069F800002283F844203B6A93F845305BB2B3F138
:106A0800FF3F03D13B6A002283F8452001F020FABA
:106A18003A1D07F1140311461846FFF7D3FA034647
:106A2800002B1DD1386A00F030FB0346002B11D033
:106A38003B6A10337A6811461846FFF781F9386ABD
:106A480000F0BBFAFEF7C6FE0346002B88D101F022
:106A5800DBF985E7386A00F0B0FAFEF7BBFE7FE79E
:106A6800386A00F0AAFAFEF7B5FE00231846283760
:106A7800BD4680BD80B588B000AF786039607B685E
:106A8800BB61BB69002B03D0BB691B6C002B03D017
:106A980001F0AEFB00BFFDE7BB69002B07D0BB6967
:106AA8001B68002B07D1BB699B68002B03D001F042
:106AB8009FFB00BFFDE701F0D7FA01F099FB786171
:106AC800BB699B6B3B61BB69DB6B3A699A4239D204
:106AD800BB6993F84530FB733B695A1CBB699A63E1
:106AE80097F90F30B3F1FF3F12D1BB695B6A002BF6
:106AF80025D0BB6924331846FFF77EF90346002BDF
:106B08001DD03B68002B1AD03B6801221A6016E0A2
:106B1800FEF76AFFB86097F90F30BA689A420ED943
:106B280097F90F307F2B03D101F062FB00BFFDE71F
:106B3800FB7B0133DBB25AB2BB6983F845200123E2
:106B4800FB6101E00023FB61786901F05EFBFB69F2
:106B580018462037BD4680BD80B58AB000AFF860C2
:106B6800B9607A6000237B62FB683B623B6A002B5A
:106B780003D101F03DFB00BFFDE7BB68002B07D147
:106B88003B6A1B6C002B03D001F032FB00BFFDE712
:106B9800FFF736FB0346002B00D006E07B68002B8E
:106BA80003D001F025FB00BFFDE701F03FF93B6A88
:106BB8009B6BFB61FB69002B19D0B968386A00F040
:106BC800D6F9FB695A1E3B6A9A633B6A1B69002B1C
:106BD80009D03B6A10331846FFF70EF90346002B1D
:106BE80001D001F011F901F033F9012363E07B686A
:106BF800002B03D101F02CF900235CE07B6A002B09
:106C080006D107F114031846FFF7C6F901237B6282
:106C180001F01EF9FEF7D0FD01F008F93B6A93F880
:106C280044305BB2B3F1FF3F03D13B6A002283F8E3
:106C380044203B6A93F845305BB2B3F1FF3F03D180
:106C48003B6A002283F8452001F002F93A1D07F15A
:106C5800140311461846FFF7B5F90346002B1DD15A
:106C6800386A00F0FCF90346002B11D03B6A243344
:106C78007A6811461846FFF763F8386A00F09DF9FC
:106C8800FEF7A8FD0346002B8FD101F0BDF88CE775
:106C9800386A00F092F9FEF79DFD86E7386A00F041
:106CA8008CF9FEF797FD386A00F0D9F90346002BF6
:106CB8003FF47BAF002318462837BD4680BD80B51A
:106CC8008AB000AF7860396000237B627B68FB6123
:106CD80000233B62FB69002B03D101F089FA00BF56
:106CE800FDE7FB691B6C002B03D001F081FA00BFA4
:106CF800FDE7FFF785FA0346002B00D006E03B6866
:106D0800002B03D001F074FA00BFFDE701F08EF804
:106D1800FB699B6BBB61BB69002B1ED0BB695A1E0C
:106D2800FB699A63FB691B68002B04D1FFF740FCE1
:106D38000246FB699A60FB691B69002B09D0FB6955
:106D480010331846FFF758F80346002B01D001F01E
:106D58005BF801F07DF8012383E03B68002B03D149
:106D680001F076F800237CE07B6A002B06D107F15E
:106D78000C031846FFF710F901237B6201F068F84D
:106D8800FEF71AFD01F052F8FB6993F844305BB244
:106D9800B3F1FF3F03D1FB69002283F84420FB696C
:106DA80093F845305BB2B3F1FF3F03D1FB69002292
:106DB80083F8452001F04CF83A4607F10C031146D8
:106DC8001846FFF7FFF80346002B2CD1F86900F0AE
:106DD80046F90346002B20D0FB691B68002B09D11C
:106DE80001F024F8FB699B681846FFF727FA386218
:106DF80001F02EF8FB6924333A6811461846FEF76D
:106E08009FFFF86900F0D9F8FEF7E4FC0346002B71
:106E18007FF47CAF00F0F8FF78E7F86900F0CDF870
:106E2800FEF7D8FC72E7F86900F0C7F8FEF7D2FC65
:106E3800F86900F014F90346002B3FF467AF3B6A8A
:106E4800002B0DD000F0F2FFF86900F00EF8786121
:106E5800FB699B6879691846FFF70CFB00F0F8FF9F
:106E6800002318462837BD4680BD80B485B000AFE2
:106E780078607B685B6A002B06D07B681B6B1B689D
:106E8800C3F10803FB6001E00023FB60FB681846C0
:106E98001437BD465DF8047B704780B586B000AFF7
:106EA800F860B9607A6000237B61FB689B6B3B618B
:106EB800FB681B6C002B0DD1FB681B68002B4DD1A8
:106EC800FB689B681846FFF74BFA7861FB6800225D
:106ED8009A6043E07B68002B19D1FB685868FB680F
:106EE8001B6C1A46B968F9F7CDF9FB685A68FB6854
:106EF8001B6C1A44FB685A60FB685A68FB689B68FD
:106F08009A422BD3FB681A68FB685A6026E0FB6834
:106F1800D868FB681B6C1A46B968F9F7B3F9FB68BF
:106F2800DA68FB681B6C5B421A44FB68DA60FB6832
:106F3800DA68FB681B689A4207D2FB689A68FB68A4
:106F48001B6C5B421A44FB68DA607B68022B05D134
:106F58003B69002B02D03B69013B3B613B695A1CF2
:106F6800FB689A637B6918461837BD4680BD80B5B3
:106F780082B000AF786039607B681B6C002B18D03A
:106F88007B68DA687B681B6C1A447B68DA607B680C
:106F9800DA687B689B689A4203D37B681A687B68C7
:106FA800DA607B68D9687B681B6C1A463868F9F721
:106FB80069F900BF0837BD4680BD80B584B000AF11
:106FC800786000F033FF7B6893F84530FB7311E07D
:106FD8007B685B6A002B12D07B6824331846FEF767
:106FE8000BFF0346002B01D0FFF754F8FB7B013B56
:106FF800DBB2FB7397F90F30002BE9DC00E000BF30
:107008007B68FF2283F8452000F022FF00F00EFF86
:107018007B6893F84430BB7311E07B681B69002BD5
:1070280012D07B6810331846FEF7E6FE0346002BA5
:1070380001D0FFF72FF8BB7B013BDBB2BB7397F99D
:107048000E30002BE9DC00E000BF7B68FF2283F8EC
:10705800442000F0FDFE00BF1037BD4680BD80B55E
:1070680084B000AF786000F0E1FE7B689B6B002B7A
:1070780002D10123FB6001E00023FB6000F0E8FE81
:10708800FB6818461037BD4680BD80B584B000AF98
:10709800786000F0CBFE7B689A6B7B68DB6B9A426A
:1070A80002D10123FB6001E00023FB6000F0D0FE69
:1070B800FB6818461037BD4680BD000080B584B017
:1070C80000AF786039600023BB607B68002B03D178
:1070D80001F08EF800BFFDE73B68002B24D00023A9
:1070E800FB601EE0174AFB68DB0013445B687A68A4
:1070F8009A4205D1FB68DB00124A1344BB6013E0D7
:10710800BB68002B0AD10F4AFB6852F83330002BBA
:1071180004D1FB68DB000B4A1344BB60FB680133F6
:10712800FB60FB68072BDDD9BB68002B05D0BB686B
:107138003A681A60BB687A685A6000BF1037BD4663
:1071480080BD00BF5C0B002080B586B000AFF86042
:10715800B9607A60FB687B6100F068FE7B6993F830
:1071680044305BB2B3F1FF3F03D17B69002283F85F
:1071780044207B6993F845305BB2B3F1FF3F03D1FC
:107188007B69002283F8452000F062FE7B699B6BD7
:10719800002B06D17B6924337A68B9681846FEF754
:1071A800EDFD7869FFF709FF00BF1837BD4680BDC0
:1071B80080B483B000AF78607B6803F108027B6815
:1071C8005A607B684FF0FF329A607B6803F10802CF
:1071D8007B68DA607B6803F108027B681A617B6868
:1071E80000221A6000BF0C37BD465DF8047B70476B
:1071F80080B483B000AF78607B6800221A6100BF5A
:107208000C37BD465DF8047B704780B485B000AF8D
:10721800786039603B681B68BB60BB68B3F1FF3FAF
:1072280003D17B681B69FB600CE07B680833FB605B
:1072380002E0FB685B68FB60FB685B681B68BA6818
:107248009A42F6D2FB685A683B685A603B685B68AA
:107258003A689A603B68FA689A60FB683A685A60CC
:107268003B687A681A617B681B685A1C7B681A60DD
:1072780000BF1437BD465DF8047B704780B485B005
:1072880000AF78607B681B69FB607B685B687A6825
:1072980092689A607B689B687A6852685A60FB6853
:1072A8005B687A689A4203D17B689A68FB685A607F
:1072B8007B6800221A61FB681B685A1EFB681A600B
:1072C800FB681B6818461437BD465DF8047B704799
:1072D80080B584B002AF00237B6000F0E7FA0E4B64
:1072E8001B68002B0BD00D4B019307230093002341
:1072F8004FF480720A490B48FEF76AF878607B6899
:10730800002B03D100F074FF00BFFDE77B6818462F
:107318000837BD4680BD00BFCC0B0020D00B002035
:1073280050E80008F974000880B588B002AFF8602A
:10733800B9607A603B602C2000F0EEFA78617B69D6
:10734800002B0DD07B69002283F828207B690193EC
:107358003B6A00933B687A68B968F86800F005F8FA
:107368007B6918461837BD4680BD80B584B000AF2C
:10737800F860B9607A603B60BB68002B03D100F00D
:1073880037FF00BFFDE700F091FAFB69FA681A6061
:10739800FB69BA689A61FB693A68DA61FB69BA699C
:1073A8001A62FB6904331846FFF722FF7B68002B3B
:1073B80008D0FB6993F8283043F00403DAB2FB697C
:1073C80083F8282000BF1037BD4680BD80B58AB03D
:1073D80000AFF860B9607A603B6000237B621A4BAB
:1073E8001B68002B2AD0FB68002B27D0BB687B6169
:1073F8007B68BB61FB68FB61BB68052B03DD00F0A4
:10740800F7FE00BFFDE7BB68052B17DCFEF7F8FEAB
:107418000346022B09D10C4B186807F1140100230D
:107428003A6BFFF768FA786208E0074B186807F1CB
:10743800140100230022FFF75EFA78627B6A18467F
:107448002837BD4680BD00BFCC0B002080B584B076
:1074580000AFF860B9607A6008E0FB689B69BA68B9
:107468001344BB60FB681B6AF8689847FB689A6915
:10747800BB68D118BB687A68F86800F0D7F803468B
:10748800002BEAD100BF00BF1037BD4680BD000009
:1074980080B584B000AF78603960144B1B68DB6836
:1074A800DB68FB60FB6804331846FFF7E7FEFB6800
:1074B80093F8283003F00403002B05D03A68796864
:1074C800F868FFF7C3FF08E0FB6893F8283023F05B
:1074D8000103DAB2FB6883F82820FB681B6AF868A6
:1074E800984700BF1037BD4680BD00BFC40B0020C1
:1074F80080B584B000AF786007F10803184600F043
:1075080051F8F860BB681946F86800F005F800F013
:10751800CFF800BFF0E7000080B584B000AF786016
:107528003960FEF749F907F10803184600F05EF8DC
:10753800F860BB68002B2AD13B68002B0AD17A6817
:10754800FB689A4206D8FEF745F9F9687868FFF7AC
:107558009FFF1EE03B68002B08D0104B1B681B6880
:10756800002B01D1012300E000233B600C4B18687D
:107578007A68FB68D31A3A681946FFF7E5FDFEF703
:1075880029F90346002B04D100F03EFC01E0FEF788
:1075980021F900BF1037BD4680BD00BFC80B0020D1
:1075A800CC0B002080B485B000AF78600E4B1B6810
:1075B8001B68002B01D1012200E000227B681A60C1
:1075C8007B681B68002B05D1074B1B68DB681B68B1
:1075D800FB6001E00023FB60FB6818461437BD46DA
:1075E8005DF8047B704700BFC40B002080B584B0F1
:1075F80000AF7860FEF7E8F9F8600B4B1B68FA6893
:107608009A4205D200F02CF97B6801221A6002E048
:107618007B6800221A60044AFB681360FB681846FE
:107628001037BD4680BD00BFD40B002080B586B0A2
:1076380000AFF860B9607A603B6000237B61FB684B
:10764800BA685A60FB68FA681A61BA687B689A4235
:1076580012D87A683B68D21AFB689B699A4202D3AF
:1076680001237B611BE0104B1A68FB680433194641
:107678001046FFF7CAFD12E07A683B689A4206D2C4
:10768800BA683B689A4202D301237B6107E0074B43
:107698001A68FB68043319461046FFF7B6FD7B6984
:1076A80018461837BD4680BDC80B0020C40B002003
:1076B80080B588B000AF3B1D00221A605A609A60FE
:1076C800DA60BBE07B68002B11DA3B1D0433FB61F9
:1076D800FB69002B03D100F08BFD00BFFDE7FB69C0
:1076E8001B68FA695068FA699268114698477B687E
:1076F800002BC0F2A380FB68BB61BB69002B00F0C4
:107708009D80BB695B69002B04D0BB6904331846B4
:10771800FFF7B4FD3B461846FFF768FF78617B68C2
:10772800013B082B00F2878001A252F823F000BF2A
:107738005D7700085D770008C5770008D9770008ED
:10774800157800085D7700085D770008C5770008A0
:10775800D9770008BB6993F8283043F00103DAB2FF
:10776800BB6983F82820BA68BB699B69D118BB68D4
:107778007A69B869FFF75AFF0346002B5DD0BB69E9
:1077880093F8283003F00403002B09D0BA68BB69CA
:107798009B6913447A691946B869FFF757FE08E0F0
:1077A800BB6993F8283023F00103DAB2BB6983F888
:1077B8002820BB691B6AB86998473EE0BB6993F803
:1077C800283023F00103DAB2BB6983F8282035E0BA
:1077D800BB6993F8283043F00103DAB2BB6983F838
:1077E8002820BA68BB699A61BB699B69002B03D1E1
:1077F80000F0FEFC00BFFDE7BB699A697B69D11800
:107808007B697A69B869FFF711FF17E0BB6993F8DC
:10781800283003F00203002B03D1B86900F078F98F
:107828000CE0BB6993F8283023F00103DAB2BB6996
:1078380083F8282002E000BF00E000BF074B1B6868
:10784800391D00221846FFF787F90346002B7FF4FD
:1078580039AF00BF00BF2037BD4680BDCC0B00202C
:1078680080B582B000AF09E00E4B1B68DB681B686F
:107878003B604FF0FF313868FFF70AFE094B1B6881
:107888001B68002BF0D1074B1B687B60064B1B68FD
:10789800044A1360044A7B68136000BF0837BD467A
:1078A80080BD00BFC40B0020C80B002080B500AF0E
:1078B80000F0BCFA124B1B68002B1DD11148FFF7D2
:1078C80077FC1148FFF774FC104B0E4A1A60104BF6
:1078D8000D4A1A60002210210820FEF770FF0346A7
:1078E800074A1360064B1B68002B05D0044B1B6826
:1078F80008491846FFF7E2FB00F0AAFA00BF80BD6E
:10790800CC0B00209C0B0020B00B0020C40B0020E7
:10791800C80B002058E8000880B588B000AF786030
:1079280000237B6100233B617B68002B22D0082366
:10793800DB437A689A421BD808227B6813447B6031
:107948007B6803F00703002B14D07B6803F0070360
:10795800C3F10803FB60FB68DB437A689A4204D8EA
:107968007A68FB6813447B6004E000237B6001E0D5
:1079780000237B60FDF720FF5E4B1B68002B01D1C5
:1079880000F02CF97B68002BC0F29F807B68002BED
:1079980000F09B80584B1B687A689A4200F29580E9
:1079A800564BBB61554B1B68FB61FB69544A9342BC
:1079B80003D3FB69534A934214D900F019FC00BF62
:1079C800FDE7FB69BB61FB691B68FB61FB694C4A0E
:1079D800934203D3FB694B4A934203D900F008FC56
:1079E80000BFFDE7FB695B687A689A4203D9FB69C7
:1079F8001B68002BE5D13F4B1B68FA699A4264D09B
:107A0800BB691B68082213447B617B693C4A93422B
:107A180003D37B693B4A934203D900F0E9FB00BFDB
:107A2800FDE7FB691A68BB691A60FB695B687A68DD
:107A38009A4203D900F0DCFB00BFFDE7FB695A68F6
:107A48007B68D21A08235B009A421CD9FA697B68C2
:107A58001344BB60BB6803F00703002B03D000F09E
:107A6800C7FB00BFFDE7FB695A687B68D21ABB6891
:107A78005A60FB697A685A60BB691A68BB681A6001
:107A8800BB69BA681A601C4B1A68FB695B68D31A31
:107A9800194A1360184B1A681B4B1B689A4203D289
:107AA800154B1B68184A1360FB695B683B61FB69EF
:107AB8005B6843F00042FB695A60FB6900221A6068
:107AC800124B1B680133114A1360FDF783FE7B6973
:107AD800002B01D100F086FC7B6903F00703002B23
:107AE80003D000F085FB00BFFDE77B69184620370F
:107AF800BD4680BDE05B0020E45B0020D85B002031
:107B0800D80B0020D75B0020E85B0020EC5B00204E
:107B180080B584B000AF78607B68FB607B68002B21
:107B280043D008235B42FA681344FB60FB68BB60E0
:107B3800BB68204A934203D3BB681F4A934203D9C8
:107B480000F056FB00BFFDE7BB685B68002B03DB5A
:107B580000F04EFB00BFFDE7BB681B68002B03D09D
:107B680000F046FB00BFFDE7BB685B68002B1CDA32
:107B7800BB681B68002B18D1BB685B6823F0004208
:107B8800BB685A60FDF718FEBB685A680B4B1B6848
:107B980013440A4A1360B86800F07AF8084B1B6867
:107BA8000133074A1360FDF715FE00BF1037BD46C5
:107BB80080BD00BFD80B0020D75B0020E45B00200D
:107BC800F05B002080B400AF034B1B681846BD462D
:107BD8005DF8047B704700BFE45B002080B485B08B
:107BE80000AF4FF4A043BB60244BFB60FB6803F07D
:107BF8000703002B0CD0FB680733FB60FB6823F0FE
:107C08000703FB60BA68FB68D31A1C4A1344BB60BD
:107C1800FB681B4A13601A4B00225A60FA68BB685B
:107C280013447B6008227B689B1A7B607B6823F087
:107C380007037B607B68134A1360124B1B680022A2
:107C48005A60104B1B6800221A60FB683B603B6857
:107C58007A68D21A3B685A600A4B1A683B681A60FD
:107C68003B685B68084A13603B685B68074A1360B7
:107C780000BF1437BD465DF8047B7047D80B002061
:107C8800D85B0020E05B0020E85B0020E45B00207C
:107C980080B584B000AF78602F4BFB6002E0FB68D2
:107CA8001B68FB60FB681B687A689A42F7D8FB6818
:107CB800294A93420BD0FB68284A934203D3FB68B6
:107CC800274A934203D900F093FA00BFFDE7FB6807
:107CD800BB60FB685B68BA6813447A689A4208D14B
:107CE800FB685A687B685B681A44FB685A60FB68E3
:107CF8007B607B68BB607B685B68BA681A44FB681A
:107D08001B689A4218D1FB681A68164B1B689A427E
:107D18000DD07B685A68FB681B685B681A447B68EF
:107D28005A60FB681B681A687B681A6008E00D4B8C
:107D38001A687B681A6003E0FB681A687B681A6037
:107D4800FA687B689A4202D0FB687A681A6000BFBA
:107D58001037BD4680BD00BFD85B0020D80B00207F
:107D6800D75B0020E05B002080B400AF084B042202
:107D78001A60084B00221A60074B084A1A60044B25
:107D880007221A6000BFBD465DF8047B704700BF3C
:107D980010E000E018E000E014E000E08FD00300FD
:107DA80080B582B000AF00237B600A4B1B68B3F13B
:107DB800FF3F03D000F01CFA00BFFDE700F018FAFF
:107DC80000BF7B68002BFCD000BF00BF0837BD4652
:107DD80080BD00BFF45B002080B400AF084B1B6877
:107DE800074A43F470031360064B1B68054A43F0C7
:107DF8004043136000BFBD465DF8047B704700BF79
:107E080088ED00E034EF00E080B400AF064B4FF09F
:107E180080521A60BFF34F8FBFF36F8F00BFBD460C
:107E28005DF8047B704700BF04ED00E080B500AF4B
:107E380000F0DEF9054B1B680133044A1360BFF3F9
:107E48004F8FBFF36F8F00BF80BD00BFF45B002072
:107E580080B500AF0A4B1B68002B03D100F0C8F9AE
:107E680000BFFDE7064B1B68013B054A1360044B46
:107E78001B68002B02D1002000F0C7F900BF80BDAD
:107E8800F45B002080B582B000AF00F0B1F97860F3
:107E9800FDF7B6FD0346002B03D0054B4FF080528B
:107EA8001A60786800F0B1F900BF0837BD4680BD98
:107EB80004ED00E080B584B000AF78607B689B6912
:107EC800FB60FB68023B1B78FB72FB7A662B04D1D4
:107ED800FFF782FF00F062F903E000F089F900BFC4
:107EE800FDE700BF1037BD4680BD000080B485B0F7
:107EF80000AFF860B9607A603B60FB68043BFB60E8
:107F0800FB684FF080721A60FB68043BFB607A687C
:107F1800FB681A60FB68043BFB60384AFB681A6020
:107F2800FB68043BFB60FB684FF012321A60FB6889
:107F3800043BFB60FB684FF003321A60FB68043BAC
:107F4800FB60FB684FF002321A60FB68043BFB6081
:107F5800FB684FF001321A60FB68043BFB603A682B
:107F6800FB681A60FB68043BFB60FB684FF011324A
:107F78001A60FB68043BFB60FB684FF010321A6024
:107F8800FB68043BFB60FB684FF009321A60FB6832
:107F9800043BFB60FB684FF008321A60FB68043B47
:107FA800FB60FB684FF007321A60FB68043BFB601C
:107FB800FB684FF006321A60FB68043BFB60FB6805
:107FC8004FF005321A60FB68043BFB60FB684FF01A
:107FD80004321A60FB68043BFB60FB686FF04302E5
:107FE8001A60FB68043BFB60BA68FB681A60FB68B0
:107FF80018461437BD465DF8047B7047A97D000814
:1080080080B582B000AF144B1B687B607B682C3353
:108018001B68124A934203D000F0EAF800BFFDE75C
:108028007B6838331B680E4A934203D000F0E0F8AF
:1080380000BFFDE700F048F8FFF796FE094B002265
:108048001A6000F0C5F8FDF7F5FDFFF7A9FE00235B
:1080580018460837BD4680BD08ED00E08582000857
:1080680025820008F45B002080B582B000AFEFF3F2
:1080780005837B607B680F2B0DD90F4A7B681344FF
:108088001B78FB700D4B1B78FA789A4203D200F0EC
:10809800AFF800BFFDE70A4B1B6803F4E062094B29
:1080A8001B689A4203D900F0A3F800BFFDE700BFA0
:1080B8000837BD4680BD00BFF0E300E0F85B002054
:1080C8000CED00E0FC5B002080B582B000AF00231F
:1080D8007B602E4B4FF07F421A602C4B1B681B0EA7
:1080E800DBB2FB70FB78DBB203F05003DAB2284B4B
:1080F8001A70274B1B78002B03D100F079F800BFCA
:10810800FDE7FB78DBB2DB43DBB203F05003DBB205
:10811800002B0BD000F06CF800BFFDE77B68013343
:108128007B60FB78DBB25B00DBB2FB70FB78DBB219
:1081380003F08003802BF1D07B68082B03D1154B0B
:1081480000221A6004E07B68C3F10703114A136038
:10815800104B1B681B020F4A13600E4B1B6803F47D
:10816800E0630C4A13600C4B1B680B4A43F47F0313
:108178001360094B1B68084A43F07F431360034BA5
:1081880000221A6000BF0837BD4680BD1CED00E024
:10819800F85B0020FC5B002020ED00E00B4A116832
:1081A800086806C881F30B88EFF3148151F00201C7
:1081B80081F31488203080F30988BFF36F8F4FF064
:1081C800000080F31188104700BF00001C0A00203F
:1081D80006480068006880F3088862B661B6BFF395
:1081E8004F8FBFF36F8F66DF00BF00BF08ED00E061
:1081F800EFF311804FF0500181F31188BFF34F8FD7
:10820800BFF36F8F704700BF184680F31188BFF324
:108218004F8FBFF36F8F704700BF0000EFF30980E7
:108228001EF0100F08BF20ED108AEFF30B82734683
:1082380020E9FC0F104A116808604FF0500080F3E5
:108248001188BFF34F8FBFF36F8FFDF7F3FC4FF02B
:10825800000080F31188084A11680868B0E8FC0F2C
:1082680013F0100F08BFB0EC108A82F30B8880F36C
:108278000988184700BF00001C0A00201EF0040FE0
:108288000CBFEFF30880EFF309800149084700BFEE
:10829800BD7E000880B584B002AFF9F787FE00F014
:1082A800BDF8FDF749F800F023F9354800F03CFC2B
:1082B800344800F039FC344800F036FC00220C2128
:1082C8000820FEF77CFA0346304A13600120FEF7C7
:1082D800FAFA03462E4A1360032200210120FEF712
:1082E8006EFA03462B4A1360284B1B68002B07D0F5
:1082F800274B1B68002B03D0264B1B68002B03D190
:10830800FFF776FF00BFFDE70023019303230093E7
:1083180000234FF4807220492048FDF759F80023C4
:1083280001930223009300234FF480721C491D48D7
:10833800FDF74EF8002301930123009300234FF427
:10834800807219491948FDF743F8194B0093002327
:1083580001224FF47A711748FEF7E6FF7860FDF7BF
:1083680033FB024600230093002301217868FFF7BE
:108378002DF8114800F0D8FBFDF7EAF900BFFDE73A
:1083880060E8000888E80008ACE80008945C002071
:10839800985C00209C5C0020E0E80008AD8500089F
:1083A800E8E8000809860008F0E800086186000887
:1083B800C5860008F8E8000804E9000880B500AFA1
:1083C800F9F7A2FE00BF80BD80B582B000AF78602B
:1083D80039603968024800F035FB00BFFDE700BF8F
:1083E80024E9000880B500AF024800F09DFB00BFFB
:1083F800FDE700BF44E9000880B582B000AF7860AF
:10840800391D4FF0FF3301220348FCF7EBF97B6875
:1084180018460837BD4680BD005C002080B59CB07A
:1084280000AF07F12003502200211846F8F7B6FDE7
:1084380007F1080300221A605A609A60DA601A612C
:108448005A61294B1B69284A43F030031361264BB4
:108458001B6903F030037B607B6800BF224B5B69BC
:1084680003F00803082BF9D102233B620123FB62C6
:1084780000233B6340237B630223BB640123FB642B
:1084880010233B657D237B650223BB650223FB65C7
:1084980002233B660023FB6604237B660023BB663E
:1084A80007F120031846F9F74FFE1F23BB6003238B
:1084B800FB600023FB61FB69BB61BB697B617B6976
:1084C8003B6107F1080305211846FAF775FA074BCF
:1084D8001B6823F03003054A43F02003136000BFF4
:1084E8007037BD4680BD00BF00080244002002402E
:1084F800B0B588B000AF264BD3F88C30244A43F08F
:108508000103C2F88C30224BD3F88C3003F00103FE
:10851800BB60BB681E4BD3F8A4301D4A43F48043AC
:10852800C2F8A4301A4BD3F8A43003F480437B601C
:108538007B68184B07F10C041D460FCD0FC42B6840
:10854800236007F10C0319461348FBF793FF134BFD
:10855800134A1A60114B4FF4E1325A600F4B002254
:108568009A600E4B0022DA600C4B00221A610B4B0A
:108578000C225A61094B00229A61084B0022DA61E9
:108588000648FCF7D5F800BF2037BD46B0BD00BF90
:10859800000C02445CE9000800000242005C002074
:1085A8000038014080B586B000AF7860114B1B6879
:1085B8005A1C10490A6003F00303FB600E4B1B684A
:1085C8003B61FDF701FA03467B610B4B1B6889335E
:1085D800C3F30B03084A1360084B186807F10C0132
:1085E80000230A22FEF787F94FF4FA70FDF734F8F2
:1085F80000BFDBE7A05C002074050020945C00202D
:1086080080B586B000AF7860104B1B6807F10C018D
:108618004FF0FF321846FEF79FFA0346012BF3D1BD
:108628000B4B1B684FF0FF311846FEF748FBF96803
:108638003A697B69074800F005FA054B186800237A
:1086480000220021FEF757F9DEE700BF945C002006
:10865800985C002070E9000890B585B000AF78609C
:108668000023FB60124B1B684FF0FF311846FEF7E2
:1086780026FBFB680133FB600E4B1B684FF0FF3194
:108688001846FEF71CFBFFF79DFA0446FDF79CF918
:1086980003462246F968084800F0D4F9054B1868E3
:1086A800002300220021FEF726F900BFDAE700BF09
:1086B8009C5C0020985C002098E9000880B584B094
:1086C80000AF78600023FB60094B1B6807F10C02C0
:1086D80011461846FEF7CEF9FB68002B03D0054B70
:1086E8004FF080521A6000BF1037BD4680BD00BFF2
:1086F8009C5C002004ED00E02DE9F04F8C46099EBB
:1087080004460F46002B48D18A4215465ED9B2FA74
:1087180082F33BB1C3F120029F409D409C4020FA68
:1087280002F217434FEA154E1FFA85FC220CB7FBDD
:10873800FEF10EFB117701FB0CF042EA0742904272
:1087480007D9AA1801F1FF3702D2904200F25881E6
:108758003946121AA4B2B2FBFEF00EFB102200FB3F
:108768000CFC44EA0244A4450BD92C1900F1FF3251
:108778002CBF01270027A44502D9002F00F0438110
:10878800104640EA0140A4EB0C0400211EB1DC4075
:108798000023C6E90043BDE8F08F8B4206D90EB12D
:1087A800C6E9000100210846BDE8F08FB3FA83F15D
:1087B800002951D16345C0F01681824240F21381ED
:1087C8000846002EE7D0C6E90047E4E7002A00F093
:1087D800AF80B2FA82F3002B40F0C2808A1A4FEAC7
:1087E800154EAFB20121200CB2FBFEFC0EFB1C2281
:1087F80040EA024207FB0CF090420ED9AA180CF18D
:10880800FF382CBF4FF001094FF00009904203D9FF
:10881800B9F1000F00F0F080C446121AA4B2B2FBFE
:10882800FEF00EFB102200FB07F744EA0244A742C1
:108838000ED92C1900F1FF322CBF4FF0010E4FF06A
:10884800000EA74203D9BEF1000F00F0D2801046F7
:10885800E41B40EA0C4099E7C1F120058B400CFA73
:1088680001F400FA01F922FA05F72CFA05FC8A400E
:108878001F4320FA05F3380C23431FFA87FE1C0C0C
:10888800BCFBF0F800FB18CC44EA0C4408FB0EFCD7
:10889800A4450ED93C1908F1FF3A2CBF4FF0010B43
:1088A8004FF0000BA44503D9BBF1000F00F0B880CE
:1088B800D046A4EB0C041FFA83FCB4FBF0F300FBD6
:1088C800134403FB0EFE4CEA0444A6450ED93C199A
:1088D80003F1FF302CBF4FF0010C4FF0000CA64500
:1088E80003D9BCF1000F00F09F80034643EA08401B
:1088F800A4EB0E04A0FB02EC64457346E04602D3E9
:1089080007D1F14505D2BEEB02036CEB070C013829
:10891800E0465EB1B9EB030264EB080404FA05F51E
:1089280022FA01F3CC401D43C6E90054002132E786
:1089380042082F464B08AC4642EAC172AE46C4070D
:10894800110C92B241EA034142EA0142B1FBF5F14E
:10895800B3FBF5F01F23A2EB0C0241EA004142E70A
:108968009D40C3F1200299409C402CFA02FC4FEA3A
:10897800154E20FA02F2AFB2BCFBFEF80A430EFB1A
:1089880018CC110C41EA0C4108FB07FC8C4550D966
:10899800691808F1FF302CBF4FF001094FF00009AA
:1089A8008C4502D9B9F1000F30D0A1EB0C01B1FB15
:1089B800FEF808FB07FC0EFB181192B242EA0142CE
:1089C800624534D2AA1808F1FF312CBF4FF00109D3
:1089D8004FF000096245BED2B9F1000FBBD1A8F132
:1089E80002012A44B7E7841A6CEB030201201746F8
:1089F800E7E62C4402382BE7ACF1020C2A440CE7DA
:108A080002392A44A5E62C440238BAE6A5EB0C0C38
:108A1800A8F102006144B1FBFEF808FB07FCCAE7B5
:108A2800A8F102083C4444E7023B3C445EE7414667
:108A380091E7A1EB0C014046B1FBFEF808FB07FCEF
:108A4800B9E700BF0FB4084900B583B0086804ABA4
:108A5800816853F8042B019300F09EF803B05DF889
:108A680004EB04B0704700BF0C00002030B5054689
:108A780089B008460C4600F05FF82A4B012204949E
:108A8800069304AB81180792019302226B6BAC68C2
:108A98000590CDE90221002B40D0636EB4F90C207B
:108AA800D8071AD5910421D442F4005223F4005374
:108AB800A2816366284601AA214602F013FA00281B
:108AC800636E14BF4FF0FF350A25DA0702D4A38975
:108AD8009B0510D5284609B030BD900511D59104E5
:108AE800E2D59B04E6D54FF0FF35F0E79B04E1D5CE
:108AF8004FF0FF35EEE7A06DF8F720FB284609B0E8
:108B080030BDA06DF8F718FBB4F90C20636E900423
:108B1800CAD59904CED54FF0FF35D6E72846F8F7E1
:108B2800A7F9BAE704EA0008024B01461868FFF7FC
:108B38009DBF00BF0C00002020F0030110F00300CF
:108B4800C0F1000051F8043B00F1040C4FEACC0CD2
:108B58006FF000021CBF22FA0CF213434FF0010C15
:108B68004CEA0C2C4CEA0C4CA3EB0C0222EA030254
:108B780012EACC1204BF51F8043B0430F4D0C2F11D
:108B8800000102EA0102B2FA82F2C2F11F0200EB0E
:108B9800D2007047000000002DE9F04FDBB01C4602
:108BA800824606910DF1A80808920E9302F042FC45
:108BB800036818461693FFF7BFFF08221590002197
:108BC8004046F8F7EBF9BAF1000F04D0DAF8343080
:108BD800002B01F0FE81069B5A6EB3F90C30D007CA
:108BE80040F13881990400F1478743F4005306990E
:108BF80022F400528B811BB24A661D0740F1BC80EB
:108C0800069A1269002A00F0B78003F01A020A2AAD
:108C180000F0C1800023CDF810A09E46CDE92F3387
:108C280031ABCDF85CE0CDF860E01C462E93CDF872
:108C380024E0CDF844E09FED927BCDE919EE8DED6F
:108C4800127B089E049F904BD3F8E45002F0ECFB93
:108C58003246034626A93846CDF80080A8470028A2
:108C6800034600F0B780C0F2AD80269A252A01D0CD
:108C78001E44E8E7089B0546F71A40F0AF8000233A
:108C88004FF0FF32751C96F801908DF88F300A93DB
:108C9800079203930135A9F120035A2B00F2F680BD
:108CA800DFE813F09704F400F4008F04F400F400F4
:108CB800F4006D04F400F40052036403F4005D034F
:108CC800AB04F400A3045B005B005B005B005B008B
:108CD8005B005B005B005B00F400F400F400F40050
:108CE800F400F400F4006501F4009602160465012E
:108CF80065016501F400F400F400F4000E04F400CA
:108D0800F400D703F400F400F400BE02F4004F04AA
:108D1800F400F4009A08F400F400F400F400F400FD
:108D2800F400F400F4006501F4009602BC0165014A
:108D3800650165014304BC01B501F4003704F40082
:108D4800C70396036A03B501F400BE02B201070324
:108D5800F400F400C808F400B201A9F130030022BD
:108D680002EB820215F8019B03EB4202A9F13003E2
:108D7800092BF5D90A928EE7069D5046294602F03E
:108D880023FA002841F0D687B5F90C3003F01A020F
:108D98000A2A7FF43FAF0699B1F90E20002AFFF6A0
:108DA80039AF4A6ED20702D49F0541F16883234642
:108DB800089A0699504602F043F8099009985BB062
:108DC800BDE8F08F082200214046F8F7E7F80123B4
:108DD8001E4438E7089B0546F71A11D0089B2F9ABE
:108DE800C4E900370132309B072A3B442F92309365
:108DF80012DC0834099B3B440993002D7FF43FAFF4
:108E0800309BDDF810A0002B41F02F830022069B39
:108E18002F92B3F90C3011E02EAA0699049802F0AB
:108E280051F840B931ACE5E7DA460B9B1BB10B9919
:108E38005046F8F7F1F9069BB3F90C30069A526ED2
:108E4800D40740F1D7805A0600F12F8209985BB009
:108E5800BDE8F08F9F0540F118829E047FF5C5AEEE
:108E680095047FF5CAAE069B9B899E0500F11D827D
:108E7800069B986DF8F762F917E200BFAFF3008020
:108E88000000000000000000780500200895B9F1F6
:108E9800000FB5D00023012241AF8DF804918DF861
:108EA8008F300B930C92079314930592CDE90F33EF
:108EB800039B309D13F08403AE4600F0E9809DF8D3
:108EC8008F20EAB12F980026013001220135626017
:108ED80007280DF18F02CDE92F05226000F35F848A
:108EE80008346EB12F98013024AA02352260072871
:108EF8004FF00202CDE92F05626000F35D8408346B
:108F0800802B00F09783079B0C9A9E1A002E00F383
:108F1800D080039BDB0500F104810C9B27601D4476
:108F280063602F9B30950133072B2F9300F3E58364
:108F38000834039B5E0705D50A9B059A9E1A002EE6
:108F480000F348840599DDE909328A42ACBF9B18D1
:108F58005B180993002D40F0AA8300232F930B9BE5
:108F68001BB10B990498F8F757F931AC69E60E9BD9
:108F78004FF0FF320895073323F00701A34BB1ECFC
:108F8800027B57EC176B0E9127F000418DED1C7A90
:108F98001D91DDE91CAB8DED127B50465946F7F764
:108FA8003DFE002840F014864FF0FF32974B5046A4
:108FB8005946F7F715FE0546002840F00986039B39
:108FC80000223046394623F0800303930023F7F745
:108FD800FDFD002841F0C383B9F1470F9DF88F309C
:108FE800CCBF8B4F8B4F002B41F0668503220B9330
:108FF8000C9258E799053FF526AF069CA06DF8F747
:109008009DF8B4F90C301EE795F8009042E6039BF2
:1090180095F8009043F0200303933BE603990895E5
:10902800880640F1B2850E9B0391073323F00703AE
:109038001A465B6852F8085B1E460E92002BC0F277
:109048005982079A002AC0F24981039B23F08003C2
:10905800039355EA060340F04181131E18BF01230C
:10906800002A40F03B811A460B939DF88F305AAF87
:10907800309D191E039BAE46079218BF012113F0BD
:1090880084030C9205911492CDE90F227FF417AF57
:109098000A9A0599561A002E00F3B8849DF88F2075
:1090A800002A7FF40FAF079B0C9A9E1A002E7FF7B9
:1090B80030AF102E2F9ADFF860A123DD2946102348
:1090C800DDF810B0069D02E0103E102E19DD0132C9
:1090D80010315148072AC4E90003CDE92F2104F1D2
:1090E8000804F1DD2EAA2946584631AC01F0EAFE03
:1090F80000287FF499AE103E1023102EDDE92F21B1
:10910800E5DC0D4601323544C4F800A0072A666044
:10911800CDE92F2500F3A484039B0834DB057FF5F4
:10912800FCAEB9F1650F40F3F28200220023DDE9BD
:109138001201F7F741FD002800F08D832F9B0135C0
:10914800364A0133309522600122072B2F93626043
:1091580000F35E870834259B119A934280F290842D
:10916800159B169A1D44C4E900232F9B30950133A3
:10917800072B2F9300F38F860834119B5E1E002E59
:109188007FF7D7AE102E2F9BDFF88CA040F3AB8271
:109198001027DDF81090DDF818B003E0103E102E0F
:1091A80040F3A18201331035072BC4E900A7CDE9AC
:1091B8002F3504F10804F1DD2EAA5946484601F07E
:1091C80081FE002840F0028731ACDDE92F35E5E764
:1091D8000E9BB9F1430F089503F1040500F087864B
:1091E800039BDE0600F183860E9B41AF1B688DF85A
:1091F8000431012305930C9300230E958DF88F30CD
:109208000B9307931493CDE90F3351E6FFFFEF7FDC
:109218000CEA000808EA0008B0EB000848EA000871
:109228000E9E0023089556F8047B8DF88F30002F8A
:1092380000F04D86B9F1530F00F0F686039B13F04A
:1092480010030F9340F0F086079B002BC1F2FF80BC
:109258001A460F99384602F0F1F89DF88F300B90B6
:10926800002801F0FF830B9AD21B0C9222EAE272CB
:1092780005920BB1013205920F9B4FF073090E96C0
:109288000793149310930B9312E6069DA86DF7F7B6
:1092980053FFB5F90C306A6E98047FF5A6AC9104BB
:1092A8007FF5ABACD7077FF5DEAD4FF0FF33099301
:1092B800CCE5039908958F0640F147840E9B002260
:1092C80007338DF88F2023F007035E6853F8085B97
:1092D8000E93079B934280F2D98303910A2D76F16E
:1092E800000380F0FE86079B30359DF88FC00DF295
:1092F8006717012B8DF86751B8BF01230593002329
:109308000F9301230C9300230B93BCF1000F02D0A1
:10931800059B013305930F9B002B01F07C85059B72
:1093280002330593039BDDE92F0513F08403AE4652
:10933800024600F0C881BCF1000F40F08582CDF8EC
:1093480050C0CDE90FCCCEE50E9B53F8042B002A74
:109358000A9280F2A6830A9A0E9352420A92039BBB
:1093680095F8009043F00403039393E42B2395F8B6
:1093780000908DF88F308DE400220E99089547F6FD
:109388003003079D51F8040B9542ADF890308DF8E5
:109398008F200346C0F25185039D25F0800545F0D6
:1093A80002050395002840F010870798002840F030
:1093B8000C874FF078090E91039A00239DF88FC00F
:1093C8005AAF02F0020205930C930F9207939AE7A3
:1093D80003980895810640F1A7830E9B073323F075
:1093E80007031A46596852F8083B0E9200228DF876
:1093F8008F20079A002A3EDB20F490620392079A96
:10940800002A3BD153EA010214BF0122002235D1C0
:1094180010F00101059100F0498330230DF2671720
:1094280007928DF867310C910B921492CDE90F22B7
:109438003EE5039A0E9B9206089503F1040140F15C
:10944800B6831B68099A1A60D2175A600E91FFF703
:10945800F8BB039B08959D0643F01000BDD40E9BF6
:109468001A1D0E9B00210E9200221B688DF88F207A
:10947800079A002AC0DA20F4806203925AAF03F0F8
:109488000702DB08384643EA41733032C90807F857
:10949800012D53EA0105F2D1302A03D0039BDD07E1
:1094A80000F18B845AAB079ADB1B9A420C93B8BF26
:1094B8001A46059200230B931493CDE90F33F7E472
:1094C800039B95F8009043F008030393FFF7E2BB72
:1094D800039B08959D0643F010013FF5A4AD0E9B34
:1094E8001A1D0E9B03911D680E92EE173346002B32
:1094F800BFF6A7AD2D236D428DF88F3066EB46067B
:10950800079B002BFFF6EAAE039B23F0800303932F
:10951800E4E695F80090039BB9F16C0F00F0C7845E
:1095280043F010030393FFF7B5BB95F80090039B36
:10953800B9F1680F00F0C38443F040030393FFF7C9
:10954800A9BB039B089543F010019B063FF5B6AEF7
:109558000E9B1A1D00260E9B07981B68B0428DF8BB
:109568008F601D46C1F2F88021F080010E920391B0
:10957800002B7FF4B3AE00283FF41EAFAEE6049F85
:10958800384601F057FF436818461893FFF7D4FA96
:109598001A900646384601F04DFF836895F800900A
:1095A8001993002E3FF476AB002B3FF473AB1B7876
:1095B800002B3FF46FAB039B43F480630393FFF7E7
:1095C80069BB039B95F8009043F001030393FFF7F1
:1095D80061BB9DF88F3095F80090002B7FF45AAB53
:1095E80020238DF88F30FFF755BB039B95F800902B
:1095F80043F080030393FFF74DBB294611F8019B05
:10960800B9F12A0F01F0B483A9F13003092B01F253
:109618008481002202EB820211F8019B03EB4202D3
:10962800A9F13003092BF5D942EAE2730D460793F5
:10963800FFF731BB0A9B059A9E1A002E7FF763AC91
:10964800102E2F9ADFF83CA625DD29461023554613
:10965800DDF818B0DDF810A002E0103E102E18DD7D
:1096680001321031072AC4E90053CDE92F2104F152
:109678000804F2DD2EAA5946504601F023FC0028C2
:109688007FF4D3AB103E31AC1023102EDDE92F212F
:10969800E6DCAA460D4601323544C4F800A0072A84
:1096A8006660CDE92F2500F3EA8308342BE42EAA5F
:1096B8000699049801F006FC00283FF44EACDDF84A
:1096C80010A0FFF7B2BB0A9E05991493761A002ED4
:1096D800CDE90F3300F35381BCF1000F3FF403AC25
:1096E8000226FFF7F1BB01333544C4F800A0072B6D
:1096F8006660CDE92F357FF71BAC2EAA0699049832
:1097080001F0E0FB0028DAD1309D31AC11E4119B67
:1097180001352F9E04F10809012B06F1010640F3DB
:1097280015810123072E27606360CDE92F6500F3BB
:109738001384159B0136169A1D44072EC9E9002388
:10974800CDE92F6500F3FA8309F10809119B00227E
:109758005C1E0023DDE91201F7F72EFA002840F01D
:109768005781013601372544C9F80440072EC9F846
:109778000070CDE92F6500F3F58009F10809179B02
:1097880001361D44C9F80430072E28ABCDE92F65F2
:10979800C9F80030B1DC09F10804FFF7CABB2EAAEA
:1097A800069904981B9301F08DFB002887D1309D02
:1097B80031AC1B9BFFF795BB2EAA069904981B9307
:1097C80001F080FB00287FF47AAF309D31AC1B9B01
:1097D800FFF796BB102E2F9BDFF8ACA420DD1027D7
:1097E800DDF81090DDF818B002E0103E102E17DDFD
:1097F80001331035072BC4E900A7CDE92F3504F153
:109808000804F2DD2EAA5946484601F05BFB002801
:1098180040F0DC83103E31AC102EDDE92F35E7DC5B
:1098280001333544072BC4E900A6CDE92F357FF76E
:1098380089AB2EAA0699049801F044FB00287FF40E
:109848003EAF309DFFF77EBB002202261492CDE981
:109858000F22FFF739BB2599002940F331810F9B6F
:10986800119A9342A8BF1346002B99460ADD1D445E
:10987800C4E900732F9B30950133072B2F9300F316
:109888009E8708340F9EB9F1000FA8BFA6EB090602
:10989800002E00F3B184039A0F9B50053B4400F15E
:1098A800AB86259E119A964203DB0399C90740F1BE
:1098B800AD85159A16991544C4E900122F9A30956A
:1098C8000132072A2F9201F303800834119A1744B2
:1098D800961BFF1AB742A8BF3746002F0ADD236040
:1098E8003D442F9B676001333095072B2F9301F37D
:1098F8001F800834002FA8BFF61B002E7FF719AB76
:10990800102E2F9BDFF87CA37FF7EDAE1027DDF834
:109918001090DDF818B003E0103E102E7FF7E3AE8C
:1099280001331035072BC4E900A7CDE92F3504F121
:109938000804F1DD2EAA5946484601F0C3FA00286A
:1099480040F0448331ACDDE92F35E5E7039BDB07C5
:109958003FF5E7AE0123072E27606360CDE92F6549
:109968007FF70DAF2EAA0699049801F0ABFA0028EC
:109978007FF4A5AE0DF1C409DDE92F65FFE60223EA
:10998800102E7146DFF800A32ADD1B935346A44628
:10999800BA461025DDF810B0069C1F4602E0103EBE
:1099A800102E18DD01321031072ACCE90075CDE9F7
:1099B8002F210CF1080CF2DD2EAA2146584601F0A1
:1099C80081FA0DF1C40C00287FF42EAA103E102E47
:1099D800DDE92F21E6DC3846644657461B9B824664
:1099E800501C7518C4F800A007286660CDE92F053B
:1099F80000F3D6829DF88F200834002A40F090802A
:109A0800002B3FF480AA1346FFF76DBA2F9AB7E7E9
:109A1800119B012B7FF7B3AE112BDFF868A240F33F
:109A2800DE831027DDF810B003E0103C102C40F363
:109A3800D68301361035072EC9E900A7CDE92F6571
:109A480009F10809F1DD2EAA0699584601F03AFAFB
:109A580000287FF4E9A90DF1C409DDE92F65E4E7E1
:109A68002EAA0699049801F02DFA00287FF427AE53
:109A7800309D31ACFFF74DBA92047FF5BEA814E4CF
:109A8800039BDF077FF555AAFFF76ABB21F0800229
:109A98000392002B7FF422AC55EA06033FF48CAC0A
:109AA8001CE495F800900E93FFF7F4B8059A5AAFA6
:109AB80007920C9214920B92CDE90F22FFF7F8B996
:109AC8002F9B01356C4A0133309522600122072B08
:109AD8002F93626000F357860834119B0B4300F004
:109AE800E486159B169A1D44C4E900232F9B3095E4
:109AF8000133072B2F9300F37D8604F10802002918
:109B0800C0F22F871199013317600D44072B51605C
:109B1800CDE92F353FF7F1AD02F10804FFF709BA97
:109B28001E460023FFF7D0B903990E9A11F01001D1
:109B380052F8043B41F04681039D15F0400000F0C7
:109B480095839BB228460E9250E403990E9A11F021
:109B5800100652F8043B7FF4FDAC039810F0400166
:109B680000F08F839DB2079B8DF88F60002BC0F2A9
:109B7800678420F080010E920391002B7FF4AEAB36
:109B8800002D3FF419ACFFF7A9BB039B0E9AD90629
:109B980052F8045B01F11981039B5B0640F18A834B
:109BA80045F3C0360E922DB23346FFF747BA039BF2
:109BB800DB0600F10E83039B5F0600F13384039BF1
:109BC8009E0540F106830E9B099A1B681A703DE4B6
:109BD800DDE9120102460B46F7F720F80646002891
:109BE80040F0748729F0200BBBF1410F40F06D83E2
:109BF8003023B9F1610F8DF8903014BF58237823C2
:109C08008DF89130079B632B00F34484DDE9121231
:109C1800002AC0F2028741AF1B900B909DED127B8A
:109C28008DED207B25A89DED200B01F047FC00223F
:109C38004FF07F5351EC100BF6F756FD02460B46DA
:109C4800CDE90C2300220023F6F7B6FF08B1012363
:109C58002593B9F1610FCDF83C903E46BB460CBF49
:109C6800064B074B0593079BDDF814A0591E079474
:109C78008946DDE90C4513E048EA000818EA0008BF
:109C88002CEA0008B0EB0008C0EB00080022002313
:109C980009F1FF37F6F790FF002840F07887B946BA
:109CA8000022B44B20462946F6F71EFD0D46044611
:109CB800F6F7CAFF0746F6F7ADFC02460B46204604
:109CC8002946F6F759FB1AF80730B9F1FF3F324633
:109CD80004460D4606F8013BD8D19246A64B002211
:109CE800DDF83C90CDE90C453D46079C5F46F6F70C
:109CF8008BFF40B90022A04BDDE90C01F6F75CFFB1
:109D0800D8B1EB0719D5059B3246CDF8B0A0D97B61
:109D180016F8013C8B4209D1302002F8010C2C9A2C
:109D2800531E2C9312F8013C8B42F6D0392B00F0CD
:109D3800EE870133DBB202F8013C039B259A43F01E
:109D48000201F31B119309F10F038DF8A030531E84
:109D5800002B2593C0F2B2872B22092B8DF8A12066
:109D680000F3F7830DF1A202303302F8013B28AB70
:109D7800D31A1793119B179A012B1A440C9240F38C
:109D880047860C9B159A13440C9321F4806301F0C9
:109D9800020243F480730F9203930C9B23EAE3734C
:109DA80005931B9B002B00F02D864FF02D0C0023F4
:109DB8008DF88FC00793FFF7ABBA30230238079AA4
:109DC80007F8013C5AAB07461B1A9A420C93B8BFD6
:109DD8001A460592FFF76EBB68480895039B0E99D3
:109DE80013F0200200F09B80073121F007014A6838
:109DF80051F8083B53EA0205039E14BF01250025CC
:109E0800F60702D5002D40F0E98000268DF88F6016
:109E1800079E002EC0F2B880039E26F49066039633
:109E2800079E002E40F0EC80002D40F0E9800E9156
:109E3800FFF7C2BA52480895D0E7039894460E91A6
:109E48004FF0780940F00200022103904C480F912E
:109E58005AAF03F00F011B09415C43EA0273120970
:109E680007F8011D53EA0201F3D15AAB079ADB1B2D
:109E78009A420C93B8BF1A460592FFF744BA2EAA25
:109E88000699049801F01EF800287FF418AC309D5C
:109E980031ACFFF738B82EAA0699049801F012F8E9
:109EA80000287FF40CAC309D31ACFFF766B943F065
:109EB800200395F8019001350393FEF7EBBE43F4B8
:109EC800007395F8019001350393FEF7E3BE079BF5
:109ED8003A460797062B0E96149228BF0623CDE91B
:109EE8000F22CDE90B730593264FFEF7E1BF082239
:109EF80000212CA841AFF7F751F80E9A2CAB049823
:109F08001268394603F05CF903460C90013300F0FF
:109F180002870C9B23EAE3730593FFF76DB9039D52
:109F280051F8043B15F010057FF464AF039A12F062
:109F3800400600F093819BB22A465BE72EAA069959
:109F4800049800F0BFFF00287FF4B9AB0DF1C409F5
:109F5800DDE92F65FFF7FABB2EAA0699049800F0F1
:109F6800B1FF00287FF4ABAB0DF1C409DDE92F6523
:109F7800FFF7DFBB000030400000E03F2CEA00089C
:109F880018EA000840EA0008039D25F48065039557
:109F98000E914FF0000C039901F002010F9157E761
:109FA8002EAA069904981B9300F08CFF00287FF4D2
:109FB80086AB9DF88F20309D1B9B002A00F04681C0
:109FC8001E4631AC03462F98FEF77EBFCA46FEF701
:109FD8002CBF5046F6F74CFFFEF7FDBD30258DF837
:109FE80091908DF8905000258DF88F50079D002D89
:109FF800C0F2FB82039D25F4906545F002050395A8
:10A008000E9103999DF88FC001F002010F911FE78F
:10A018002EAA0699049800F055FF00287FF44FAB4C
:10A02800309D31ACFFF797B80DF1B00A0822002136
:10A0380027975046F6F7B2FF079B002BC0F27D83A7
:10A04800002505940B969B462C46049E0EE041A9DC
:10A05800304603F0B5F8421C05F10405204400F031
:10A06800E684584507DC00F0F7840446279A5346EF
:10A078005259002AEBD10C940B9E059C0C9B002B8B
:10A0880000F08E83632B40F38E84591C0498F7F7F5
:10A09800B7F90746002800F0B5860B900822002182
:10A0A8005046F6F77BFF0C9D27AA39462B460498A5
:10A0B800CDF800A003F0AAF8854240F09B860C99E1
:10A0C80000237B5421EAE1719DF88F200591002A35
:10A0D80040F03D8407920E961492CDE90F22FEF7C8
:10A0E800E7BE039B002205945AA903F48063CDF8C8
:10A0F8002C90DFF898B396461C46DDF8649023E070
:10A10800AB19AA463046394643F10003ABFB032C92
:10A118002CF0030202EB9C029B1A4FF0CC32EB1A94
:10A1280066F1000602FB03F2BAF10A0FA3FB0B5318
:10A138000BFB06224FEA550570F10000134445EA6F
:10A14800C3754FEA53062BD3AB190EF1010E01F17B
:10A15800FF3743F10003ABFB032020F0030202EBBF
:10A1680090029B1AEB1AA3FB0B3266F100005B0806
:10A178000BFB002243EAC27303EB8303A5EB430303
:10A18800303301F8013C002CBAD099F80030FF2B8D
:10A19800B6D07345B4D10A2D76F1000380F03B8325
:10A1A80000225AAB059CDB1B0F92079ACDF86490EE
:10A1B8009A42DDF82C909DF88FC0B8BF1A46CDF8AA
:10A1C80044E00C930592FFF79EB8AF484FF078092A
:10A1D80016E70E9B099A1B681A60FFF737B9013614
:10A1E8002544C9F800A0072EC9F80440CDE92F6519
:10A1F8007FF7C3AAFFF7B6BB102E2F9BDFF890A2FC
:10A2080040F3F58051462A46BA464FF01009DDF86A
:10A2180010B00F46069D03E0103E102E40F3E38079
:10A2280001331032072BC4E90079CDE92F3204F14C
:10A238000804F1DD2EAA2946584600F043FE0028FE
:10A248007EF4F2AD31ACDDE92F32E5E7002B00F00A
:10A25800DA8013462F9831ACFEF745BE039A12F404
:10A2680000723FF4C7ADDBB23246C3E5039D15F477
:10A27800007100F0E8800146DBB228460E92FFF735
:10A28800B5B8039810F4007640F0D28007991D46BF
:10A298008DF88F600029C0F2D38003980E9220F0C9
:10A2A80080000390002B7FF419A800293FF484A8AC
:10A2B800FFF714B8039B0E929F0540F1AF8045F35A
:10A2C800C0166DB23346FEF7B9BE079A039B551CFC
:10A2D80043F4807ADDE912010B4600F0F0801AB9E8
:10A2E800BBF1470F00F0A284002BC0F28884002342
:10A2F8009DED127B1B938DED1E7BB9F1650F00F070
:10A30800F68200F3F380B9F1450F00F0F082B9F15D
:10A31800460F40F0EF80079B032111932CAB119D52
:10A328000498019327AB2A46009325AB9DED1E0B9D
:10A3380001F092F9BBF1460F0746054440F04B8403
:10A348003B78302B00F03784259B1D4400220023E6
:10A35800DDE91E01F6F730FC002840F0B2832C9BA3
:10A368009D4240F2678530215A1C2C9219702C9B13
:10A37800AB42F9D3259ADB1BBBF1470F0F92119320
:10A3880000F0CE80BBF1460F40F0D280039B0F99BE
:10A3980003F00103079A002943EA020340F3F48417
:10A3A800002B40F081830F9B4FF066090C93039BB1
:10A3B8005B0500F1B6830C9B23EAE37305931B9BB3
:10A3C800002B00F09982059BCDF80CA00133059372
:10A3D80000231A460B932D2307928DF88F30149281
:10A3E8001092FEF765BD15463A4657469246013328
:10A3F8003544C4F800A0072B6660CDE92F3569DC29
:10A408000834FFF748BA31ACFEF77DBD1744961BF8
:10A41800FF1AB742A8BF3746FFF76CBAEE173346A4
:10A42800FEF70CBE0E9B099A1B681A80FFF70EB840
:10A43800DDB2079B0E468DF88F10002BBFF699AB47
:10A448000E92FEF74BBF03980E92FEF7CFBF384629
:10A45800FEF772FB9DF88F3020EAE0720C900592AF
:10A46800002B3EF409AFFEF705BF2EAA0699504609
:10A4780000F028FD00283EF4C9ACFEF7DCBC886D6E
:10A48800F6F75CFEFEF793BC18EA0008CDCCCCCCFE
:10A49800B0EB0008591C0498F6F7B2FF07460028ED
:10A4A80000F03984DDE91212002AC0F2CB831B9632
:10A4B8000B909DED127B8DED207BFFF7B3BB002940
:10A4C800C0F2C98306231B969DED127B07938DED81
:10A4D8001E7B12E72EAA0699049800F0F3FC0028C8
:10A4E8007FF4EDA8309D31ACFFF7D5B9B9F1660F0F
:10A4F8003FF411AF2CAB079A02210498019327ABC4
:10A508009DED1E0B009325AB01F0A6F8039B0746B3
:10A51800DE0700F14D822C9B1B1A1193259B0F938C
:10A528000F9BDD1C02DB079A934242DDA9F1020969
:10A538000F9B8DF8A090013B002B2593C0F2A182C0
:10A548002B22092B8DF8A12040F3A4820022039925
:10A558000B920DF1B70CDFF8F4E46546AEFB032A65
:10A568001E462846013D4FEADA0A632E0AEB8A02A4
:10A57800A3EB4202534602F1300200F8012CEDDC55
:10A58800303305F8013C831E634580F017840DF1D4
:10A59800A10213F8015B634502F8015FF9D103F5E5
:10A5A800B47328AA6B44C43B1B1A9B1A1793FFF772
:10A5B800E1BB0F9B119A9342C0F20A82039B13F0EE
:10A5C800010F0F9B00F09A82159A13440C93039B7A
:10A5D800590503D50F9B002B00F3A1820C9B4FF06C
:10A5E800670923EAE3730593E9E6039D25F480658B
:10A5F80045F002050395CBE4109A14990A43119A81
:10A6080000F0EA83B8188B46224629461C46DFF834
:10A6180044A4DDF8649003461A9D1B97BBF1000F14
:10A6280032DC109809F1FF39013810901898294444
:10A63800C2E900052F983091013007282F904DDC92
:10A6480008321F1B99F8000007938742A8BF0746E6
:10A65800002F0BDD2F9839440130309107282F90B7
:10A66800C2E900475ADC083299F80000002FACBF55
:10A67800C61B0646002E0ADC044410980028CDDCD0
:10A68800BBF1000F40F3F6820BF1FF3BCEE7102E33
:10A698002F9840F3EC820C94102734460F95069EB1
:10A6A800049DCDF850A0199302E0103C102C22DD37
:10A6B800013010310728C2E900A7CDE92F0102F1C6
:10A6C8000802F2DD2EAA3146284600F0FBFB0028DE
:10A6D80040F09E8031AADDE92F01E6E72EAA06990F
:10A6E8000498079300F0EEFB00287EF4E8AF309959
:10A6F80031AA079BA5E726460F9D0C9CDDF850C0A4
:10A70800199B01303144C2F800C007285660CDE9D2
:10A718002F0160DC083299F80000ADE72EAA0699EF
:10A7280004980C9300F0CEFB00287EF4C8AF99F88B
:10A73800000031AA30990C9B98E7002327AA0498B7
:10A748001946CDF800A002F061FD03460C900133D4
:10A7580000F06D83279791E40E92FEF7BEBD2D237E
:10A76800B9F1470F8DF88F3000F3DC8003222B46B8
:10A77800B54F0B950C920422079314930592CDE9DB
:10A788000F33FEF795BB2EAA0699049800F09AFBA2
:10A7980000287EF494AF259931AC309DFFF79DB920
:10A7A8009DF88F300E96003B18BF012305930C9B34
:10A7B800079314930B93CDE90F33FEF779BB2EAAB9
:10A7C8000699049800F07EFB00287EF478AF309D4F
:10A7D80031ACFFF757B82EAA069904980C9300F0ED
:10A7E80071FB00287EF46BAF99F8000031AA30990C
:10A7F8000C9B41E72EAA0699049800F063FB0028F9
:10A808007EF45DAF259931AADDE92F35FFF777B9D9
:10A81800AA46FEF70ABB1A9A1899A7EB020A5046ED
:10A8280000F0D0FD99F801300BB109F10109AB191D
:10A83800864A4FF0CC314FF0010E43F100030AF184
:10A84800FF37A2FB030C2CF0030000EB9C001B1A43
:10A85800EB1A66F1000603FB01F1A3FB023002FBD1
:10A86800061123FA0EF3014443EAC17521FA0EF6E4
:10A87800AB1943F10003A2FB031020F0030101EB25
:10A8880090015B1AEB1AA3FB023166F1000023FA70
:10A898000EF302FB001243EAC27303EB8303A5EB3A
:10A8A800430330330AF8013C6FE4039BDE077EF56F
:10A8B80040AB159B169A1D44C4E900232F9B309585
:10A8C8000133072B2F9395DC04F10802FFF71AB91F
:10A8D8002EAA06990498079300F0F4FA00287EF44B
:10A8E800EEAE259E31AC309D079BFEF7EFBF079B70
:10A8F80002210133119311E59DF88F30002B00F0F0
:10A90800D481059A1B9B0132CDF80CA00B930592BC
:10A91800079314931093FEF7CBBA00230D460793C1
:10A92800FEF7B9B903222B46494F0B950C9222E743
:10A938002EAA0699049800F0C5FA00287EF4BFAE46
:10A94800259E31AC119B309D9E1BFEF7D3BF059A07
:10A95800079301320E9614930592CDE90F33FEF753
:10A96800A7BA4E421031DFF8ECA03EDAB9461024FF
:10A97800574602E0103E102E35DD01331035072B07
:10A98800C2E90074CDE92F3502F10802F2DD2EAAE2
:10A998000699049800F096FA00287EF490AE31AA41
:10A9A800DDE92F35E6E7002341AF0B93FFF776BBD0
:10A9B800079B0022C5180023DDE91E01F6F7FCF805
:10A9C800002840F09D802C9B9D423FF6CCACD1E402
:10A9D800119B159A9A180F9B002B0C9240F39580A7
:10A9E8004FF06709E3E4BA464F4601333544C2F8ED
:10A9F80000A0072B5660CDE92F3500F30A810832F5
:10AA0800FFF780B81B9B9DF88FC00793FEF77DBCAE
:10AA1800C8077FF5BAA9FFF7B4B902F1004341AFFF
:10AA2800209121932D230B901B93FFF7FBB8B2467F
:10AA3800069B0022B3F90C300B9243F04003069AB0
:10AA48009381FEF7F2B900BF08EA0008CDCCCCCC60
:10AA58000CEA0008B0EB0008079B059C0B9E0C93C2
:10AA6800FFF70CBB0E96002B00F04481079B4FF0BC
:10AA7800730907905A1C0C93149005921090FEF7D6
:10AA880017BA0F9B2D22C3F101038DF8A120092BC2
:10AA98003FF75CAD302203998DF8A22000220B927B
:10AAA8000DF1A302FFF760B91346159A4FF0660936
:10AAB80013440B440C937AE400230322CDE90B32B0
:10AAC80059E6EB1B1193259B0F935FE4039B23F03F
:10AAD80080030393139B13F000430F9300F0F88057
:10AAE8002D230322B9F1470F8DF88F304FF0000363
:10AAF800CDE90B3240F30981AD4F3CE60C9366E596
:10AB0800259B0F93079B11930AE5C3F101034FF0AF
:10AB180067091A4422EAE2730C9205934FE44FF056
:10AB2800670919990B78FF2B00F0528100250F9ABD
:10AB3800284603E001300131FF2B08D0934206DAA2
:10AB4800D21A4B78002BF5D10B780135F4E70F9228
:10AB5800199110901495149A109B1A9913440C9AF1
:10AB680001FB03230C9323EAE37305931B9B002B40
:10AB780000F08C80059BCDF80CA0013305932D23A4
:10AB88008DF88F3000230B930793FEF791B9494650
:10AB9800079CDDF83C905F460029FFF6CEA84A1CCA
:10ABA80033463020324403F8010B9342FBD1314441
:10ABB8004E1CFFF7C2B800220023DDE91E01F5F79D
:10ABC800FBFF002800F0C480259B0F93EB18DB1BCC
:10ABD8001193FFF7DBBB00220023DDE91E01F5F727
:10ABE800EBFF28B92C9B9D423FF6BDABDB1B1193B5
:10ABF800259BBBF1470F0F937FF49AAC90E4DDE9F6
:10AC0800121202F100431E911F932D231B93FFF78D
:10AC180074BB2EAA0699049800F054F900287EF413
:10AC28004EAD31AADDE92F35FEF76CBF0029C0F221
:10AC3800958001231B969DED127B07938DED1E7B5E
:10AC4800FFF75BBB02F1004320910B9021932D236A
:10AC58001B93FEF7E7BFDDE9121202F100431E91D4
:10AC68001F932D231B9306230793FFF746BBDFF89B
:10AC780048C146E523461B9F14460D46CDF864900F
:10AC8800079A934228BF1346FEF70BBE9DF88F30F4
:10AC9800002B00F0C580059A1B9B0132CDF80CA053
:10ACA8000B9305920793FEF703B91B9BCDF80CA0F5
:10ACB8000B93079314931093FEF7FAB8C2F10103AC
:10ACC8002D22092B8DF8A1203FF743ACFFF74AB896
:10ACD800B9F1470F9DF88F30CCBF354F354F002B5A
:10ACE8007DD10322079314930C9210930B93059232
:10ACF800FEF7DEB8079B4FF073090C9305930B9B87
:10AD0800149310930793FEF7D3B82A4F33E5059BA6
:10AD18009B7AFFF710B80698B0F90C30426E43F0F2
:10AD28004001D60781813EF5C0AA98053EF5BDAA27
:10AD3800FEF763B9069A536ED8073EF5B6AA93890B
:10AD480099053EF5B2AA906DF6F7F8F9FEF7ADBA97
:10AD5800119BC3F101032593FFF7F7BA01F10043F3
:10AD68001E901F932D231B9301230793FFF7C5BA4A
:10AD78000E9B95F801900D4653F8042B42EAE272B7
:10AD88000E930792FDF786BF33B901234FF066098A
:10AD980005930C93FFF713BB159B4FF06609079AB1
:10ADA80001331A4422EAE2730C920593FFF707BBBA
:10ADB80014EA000810EA0008B0EB00080223179311
:10ADC800FEF7D8BF0398FEF74CBB1946FEF789BBC0
:10ADD800002314931093BEE6BA18079250E7032293
:10ADE80000230C92042207930592149310930B935B
:10ADF800FEF75EB8069BDDF810A0B3F90C3043F0FF
:10AE080040031CE6069BDDF810A0B3F90C300B904C
:10AE180043F0400313E60F9B14931093FEF748B8D2
:10AE28001B9BCDF80CA00B930793FEF741B8DDF8F8
:10AE380010A0FDE5DB1B1193259B0F93FFF7A6BA26
:10AE48002DE9F04198468B89ADF58D6D164623F0B6
:10AE58000203074616A80D46ADF80C301AAB6C462F
:10AE6800009304934FF48063029305934B6E1993F8
:10AE7800CB89ADF80E30CB6907934B6A0993002351
:10AE88000693F6F755F93246434669463846FDF7C4
:10AE980083FE061E07DB69463846F6F773FE002870
:10AEA80018BF4FF0FF36A3895B0603D5AB8943F083
:10AEB8004003AB81A06DF6F73DF930460DF58D6D79
:10AEC800BDE8F081936810B514461BB918460023F5
:10AED800636010BD00F006F80023A36000236360E0
:10AEE80010BD00BF9368002B00F0B780B1F90CC00B
:10AEF8001CF0080F2DE9F04F174683B080460C462A
:10AF080027D00B692BB31CF002033D682DD04FF0FE
:10AF1800000ADFF8B0B2B94656465E453346524697
:10AF2800404628BF5B46002E00F08680E169676ACC
:10AF3800B847002840F38980D9F808308244361A87
:10AF48001B1AC9F80830002BE7D1002003B0BDE870
:10AF5800F08F2146404600F037F900287AD1B4F93D
:10AF68000CC03D681CF00203D1D11CF0010976D158
:10AF78004E460097002E5BD01CF4007F2068D4F862
:10AF880008B000F0B280B3455A4600F2E0801CF4E5
:10AF9800906F33D06369216913EB4303A0EB010B76
:10AFA80048BF01334FEA630A0BF1010333445246A9
:10AFB800534501D99A461A461CF4806F00F0E58083
:10AFC80011464046F6F71CFA002800F0F4805A466D
:10AFD80021690190F5F756F9A289019B22F4906244
:10AFE80042F08002A28103EB0B0023613246AAEBF8
:10AFF8000B03B346C4F814A0A3602060494601922D
:10B0080000F062F9A368019AB246A3EB0B0123682A
:10B0180000261344A1602360009AD1449368A3EBEF
:10B028000A039360002B90D0B4F90CC0002EA3D172
:10B03800D5E9009608359DE7D5E900A608356CE7FF
:10B0480021464046F6F79EFD70B3B4F90C3043F044
:10B058004003A3814FF0FF3078E7002070471E4679
:10B06800BA46994618461F4600955EB3002831D067
:10B078004A46A168B2426369206828BF324603EB9A
:10B08800010B2169884201D95A4570DC934261DC81
:10B098003A46E1694046656AA847B0F1000BD4DD3D
:10B0A800B9EB0B09CCD00120DAF808305F44A6EBE5
:10B0B8000B06A3EB0B03CAF80830002B3FF445AF8F
:10B0C800002ED3D1009A5668134608320092002EFB
:10B0D800F8D01F6832460A21384600F0AFF9002838
:10B0E80066D00130A0EB0709C2E72369834216D373
:10B0F8006269B24213D86FF00043E1694046676A5B
:10B10800B34228BF334693FBF2F302FB03F34A46EC
:10B11800B847B0F1000A98DDA6EB0A067CE7B3450C
:10B12800DA46494628BFB246524600F0CDF8A36831
:10B138002268A3EB0A035244A3602260002BEBD1E0
:10B1480021464046F6F71EFD0028E5D07DE7B346C8
:10B15800324653E73946019200F0B6F8019AA368DF
:10B1680093469B1AA36023681344236098E73946E3
:10B178005A4600F0A9F82368214640465B442360FC
:10B18800F6F700FD00288BD05FE7404601F050FE3F
:10B19800034600287FF427AF21694046F6F73CF8BC
:10B1A800B4F90C300C2223F08003C8F800204EE7D5
:10B1B800721C91465DE70C22B4F90C30C8F80020E7
:10B1C80045E700BF00FCFF7F38B53E4B05460C46FF
:10B1D8001B6813B15A6B002A5BD0B4F90C301907FD
:10B1E8000BD522699AB113F0010221D063690022BC
:10B1F8005B42A260A361002038BDDA0659D5580722
:10B208001BD4226943F00803A381002AEBD19905D6
:10B2180029D5180603F0800125D4D80742D49D0704
:10B228003DD5A2600029E6D043F04003A38145E064
:10B238009B0716D46369A360DDE7216B51B104F164
:10B248004002914204D02846F5F7E6FFB4F90C30E5
:10B25800002222630021226923F02403C4E900218B
:10B26800D0E7A260C7E72146284601F0DBFFB4F922
:10B278000C30226913F001010FD0616900204942A6
:10B28800A060A161002AB6D103F080010029B2D0E4
:10B29800CAE71846F5F7ECFD9FE7980700D46169FF
:10B2A800A160EFE76069A2604042A0610029A2D0D6
:10B2B800BAE7092243F040032A60A3814FF0FF3028
:10B2C80038BD00BF0C00002088420DD98B1883427E
:10B2D8000AD900EB020C5AB3624613F801CD994221
:10B2E80002F801CDF9D170470F2A0DD802F1FF3CC1
:10B2F800F2B10CF1010C431E8C4411F8012B61458D
:10B3080003F8012FF9D1704740EA01039B07F0B514
:10B318000C460ED002F1FF3C03460CF1010C013B38
:10B328008C4411F8012B614503F8012FF9D1F0BDC8
:10B338007047A2F1100501F1200E01F1100300F190
:10B34800100C25F00F05AE4453F8106C10330CF1B7
:10B35800100C4CF8206C53F81C6C4CF81C6C53F80F
:10B36800186C73454CF8186C53F8146C4CF8146C42
:10B37800EAD101EB050C12F00C0F05440CF1100199
:10B3880005F1100302F00F050E4618D0043DA0EB9E
:10B39800040E25F00304A4440CF1140C0F6801EB0F
:10B3A8000E0504312F606145F8D1043402F0030220
:10B3B800A119234402F1FF3C002AAED1F0BD2A4670
:10B3C800F8E700BF40EA01039B0730B501D1032A23
:10B3D80017D8844601F1FF3E07E01EF8011F541EEE
:10B3E80003F8011B29B122469C466346002AF4D182
:10B3F80030BD002CFCD0944403F8011B6345FBD1FD
:10B4080030BD0C468446256821460434A5F1013335
:10B4180023EA050313F0803FDCD1043A4CF8045BBF
:10B42800032AF0D82146D5E7014B93F82801704745
:10B4380078050020004870476806002030B5864629
:10B448008007CCB215D00EEB0205F44606E013F8DF
:10B45800011BA14207D0990706D09C466545634663
:10B468006046F4D1002030BD013A72449E46A2EBFA
:10B478000C02032A0CD8002AF4D07346724401E067
:10B488009A42EFD0184613F8011BA142F8D130BDFB
:10B4980004EB0425714605EB05458E4651F8043B3F
:10B4A8006B40A3F1013020EA030313F0803FE4D19D
:10B4B800043A032AF1D88E46DDE700BF002170B5B3
:10B4C80055EC104B064625F00043016011488342B5
:10B4D8001DD8204618431AD00F482A46284058B984
:10B4E80000220E4B20462946F5F7FEF80A4621F0C1
:10B4F800004304466FF035016FF31E521B1542F0EE
:10B508007F55A3F2FE3345F400150B44336045EC38
:10B51800104B70BDFFFFEF7F0000F07F000050432D
:10B528002DE9F04F036985B00C69A342C0F2908001
:10B53800013C01F1140500F11408814655F8243046
:10B548004FEA840C58F8242005EB8407013308EBF4
:10B55800840B9A42B2FBF3F642D30020AA46C646B1
:10B56800CDF80C8003468846CDE901C505465AF852
:10B57800042BDEF8001090B257454FEA124C06FB38
:10B5880000508AB24FEA104580B206FB0C55A2EB78
:10B5980000021A44ABB24FEA1545C3EB224392B2FC
:10B5A80003EB114342EA03424FEA23434EF8042BCC
:10B5B800DDD24146DDF80C80DDE901C558F80C30D4
:10B5C80073B9ABF1040BD84504D307E0D84504F1AF
:10B5D800FF3403D25BF80439002BF7D0C9F81040C8
:10B5E800484601F0EDFA00282EDB00224146944639
:10B5F80055F8040B0B681FFA80FEAF429AB24FEA67
:10B608001040A2EB0E026244C0EB224092B200EB63
:10B61800134042EA00424FEA204C41F8042BE7D29B
:10B6280058F8242008EB84036AB9043B434504D83E
:10B6380007E0984504F1FF3403D253F80429002A9F
:10B64800F7D0C9F810400136304605B0BDE8F08F94
:10B65800002005B0BDE8F08F2DE9F04F9FB00446FB
:10B668000091816B289D57EC106BCDE909328DED67
:10B67800040B41B1C26B012393404A608B6001F017
:10B6880025F80023A363B7F10009C0F2A8800023BE
:10B698002B60734B33EA090300F0AC8000220023CF
:10B6A8009DED047B51EC170B8DED027BF5F784FAC9
:10B6B800824668B10123099A1360299B13B1694B2B
:10B6C800299A1360684B069306981FB0BDE8F08F5F
:10B6D8009DED020B1CAA1DA9204601F04BFBDDF8CD
:10B6E80070805FEA19550B9040F09A801D9D454483
:10B6F80005F23243202B40F3CC81C3F1400309FA11
:10B7080003F905F2124326FA03F349EA0300F4F7B2
:10B7180071FF013D0122A1F1F8731492194600222C
:10B72800524BF4F729FE48A3D3E90023F4F7DCFFD2
:10B7380047A3D3E90023F4F721FE06460F4628461F
:10B74800F4F768FF44A3D3E90023F4F7CDFF0246DA
:10B758000B4630463946F4F711FE06460F46F5F714
:10B7680073FA002281460790002330463946F5F7E0
:10B778002DFA002840F07481A8EB0508079D08F110
:10B78800FF36162D089600F25881394B03EBC50396
:10B79800DDE90201D3E90023F5F718FA002840F0A3
:10B7A8007F81B8F1000F40F30E862E441290119558
:10B7B80008960C9000231093009B092B60D8052B4A
:10B7C80040F36C81043B00250093009B023B032B54
:10B7D80058D8DFE813F0870284027A026F01012348
:10B7E80029F000492B601E4BCDF8149033EA090369
:10B7F8007FF454AFC9F3130942F20F73099A59EA57
:10B808000609136017D1299B002B00F01287194BEA
:10B8180006930833299A069813601FB0BDE8F08F85
:10B82800DDE90201144BA5F2FF35C1F31302CDF88F
:10B8380050A0134372E7299B002B40F037810F4B30
:10B84800069341E7AFF3008061436F63A787D23F58
:10B85800B3C8608B288AC63FFB799F501344D33FF7
:10B868000000F07F49EA000848EA00080000F83FB5
:10B8780008EC000894EA00080000F03FA0EA00087D
:10B888000023009300212046E16300F0F9FE0690B2
:10B89800002800F06686069BA3631D9B002B03DB34
:10B8A800079A0E2A40F3E4854FF0FF3200210D92EB
:10B8B8000A911392149A002A40F017821C9BC3F134
:10B8C8003603089A109D1A4408920C9A90461A4416
:10B8D8000C920121204600F0BFFF0646B8F1000F88
:10B8E80000F07A85089B002B40F37685089A0C991E
:10B8F80042451346A8BF4346C91AA8EB0308D31A02
:10B908000C910893109BC3B1002D00F0D6853146E9
:10B918002A46204601F082F80B9F064620463A4602
:10B92800314600F0C7FF39460746204600F0CEFEF4
:10B93800109B0B975D1B40F0848501231093012118
:10B94800204600F089FF119B0746002B40F0068334
:10B95800009B012B40F35D83012308990B4413F0EE
:10B968001F0300F05482C3F12002042A40F3F38439
:10B97800C3F11C030C9A19441A4498440C92089178
:10B988000C9B002B05DD1A460B99204601F0A6F802
:10B998000B90089B002B05DD39461A46204601F01E
:10B9A8009DF80746009B022B129BD4BF4FF0000A5C
:10B9B8004FF0010A002B40F0E6820D9B002B00F3AC
:10B9C8002F82BAF1000F00F02B820D9B002B40F064
:10B9D800AE8239460522204600F082FE07460B98C3
:10B9E800394601F0EDF8002840F3A182079BDDF805
:10B9F80018B003F1010A31230BF8013B3946204600
:10BA08000AF1010A00F062FE1EB13146204600F03C
:10BA18005DFE0B99204600F059FE00238BF800309C
:10BA2800099BC3F800A0299B002B3FF44DAE069854
:10BA3800C3F800B01FB0BDE8F08F01231293089B34
:10BA4800002B20DB00230C93079B002B16DA0C9AA3
:10BA5800079BD21A5B42109300230C921193ABE61A
:10BA68004846F4F7D7FD32463B46F5F7A5F80028D7
:10BA78007FF482AE09F1FF3307937DE6089A1193AC
:10BA88001A44089296E6C8F101030C930023089320
:10BA9800DAE7C3F1200306FA03F038E6012594E655
:10BAA800079B013B079300231293C8E7B74B069304
:10BAB8000333AFE64FF0010A0A9B079A1344139326
:10BAC8000133012B1E460D93B8BF0126172E40F3F4
:10BAD800A585012204235B001146013203F11400FD
:10BAE800B042F8D9E163204600F0CAFD069000286C
:10BAF80000F03785069BA3630D9B0E2B00F2238174
:10BB0800002D00F02081079A002A40F3E581A04922
:10BB180002F00F03151101EBC303D3E90067D30546
:10BB280040F154829B4B05F00F054FF00309D3E910
:10BB38000823DDE90201F4F701FFCDE90E0185B123
:10BB4800DFF85082E80740F1D3803046394609F1E2
:10BB58000109F8E80223F4F7C7FD06466D100F4601
:10BB6800F0D132463B46DDE90E01F4F7E7FECDE9B8
:10BB78000E01129B53B10022874BDDE90E67304658
:10BB88003946F5F723F8002840F0EE834846F4F7E5
:10BB980041FDDDE90E23F4F7A7FD804B0022F4F701
:10BBA800EDFB0D9B0646A1F15077002B00F0B2800B
:10BBB800079B1A930D9B1593754B15991B9303EBD4
:10BBC800C103DDE90E8913ED027B49464046CDE904
:10BBD80016678DED187BF5F737F80746069EF4F7DC
:10BBE80019FD303702460B4640464946751CF4F7A6
:10BBF800C3FB80468946FFB2DDE91823BAF1000F7E
:10BC080000F0288200206649F4F798FEDDE9162343
:10BC1800F4F7B2FB377042464B4606460F46F4F738
:10BC2800F3FF002840F04C844FF0000ADDF854B0D0
:10BC38000E942BE00AF1010ADA4580F2CE813046F3
:10BC480039460022574BF4F74FFD0022554B064664
:10BC58000F4640464946F4F747FD89468046F4F7C3
:10BC6800F3FF0446F4F7D6FC02460B463034404650
:10BC78004946F4F781FB32463B4605F8014B8046BE
:10BC88008946F4F7A3FF002840F0198442464B4642
:10BC980000204149F4F770FB32463B46F4F796FF23
:10BCA8000028C7D0069A0E9C02E0954200F0FF8358
:10BCB800AB4615F8013D392BF7D001330692DBB2BC
:10BCC8002B701A9B03F1010AA3E64FF0010A0A9BA5
:10BCD800002B40F33C810A9E13960D96F6E64FF032
:10BCE800000AE9E64FF0000AF1E703F23343E8E51A
:10BCF8006D1008F1080825E74846F4F78BFCDDE9E4
:10BD08000E23F4F7F1FC0022244BF4F737FB064628
:10BD1800A1F150770022244BDDE90E01F4F72CFB4A
:10BD280032463B4680468946F4F76EFF002840F0CD
:10BD3800598340464946324607F10043F4F746FF27
:10BD4800002840F0FA801D9B002B02DB079A0E2A80
:10BD58002CDDBAF1000F40F048810C9B002B00F05D
:10BD6800F382089B002B00F0EF820C9A0899134687
:10BD7800109E8A42A8BF0B46D21ACB1A0C9208937F
:10BD8800002E40F03D839046D9E500BFA0EA0008A8
:10BD980008EC0008E0EB00080000F03F00001C4041
:10BDA8000000E03F0000244000001440A64B1B9315
:10BDB8001B9B079A03EBC20393ED007B0A9B002BA6
:10BDC8008DED007B80F25F830D9B002B00F35B837E
:10BDD800002B40F0B28000229C4BDDE90001F4F713
:10BDE80083FC02460B46DDE90201F4F7F9FE0D99E2
:10BDF800002840F0A3803123DDF818B020460BF866
:10BE0800013B00F063FC079B03F1020A01E61C23D7
:10BE18000C9A98441A440C92089A1A440892AFE56E
:10BE2800109B002B40F0DF81079B03F1010ADDF82E
:10BE380018800125DDF834B0DDF82C9007E049467C
:10BE480000230A22204600F04BFC01358146394682
:10BE58004846FFF765FB5D4500F1300308F8013BF4
:10BE6800EDDB0D9A0025CDF82C9002F1FF38002A61
:10BE7800069AD8BF4FF00008013290440B9901226E
:10BE88002046009300F02AFE39460B9000F098FEF9
:10BE9800002840F3FB82069A02E0904500F00183F7
:10BEA80018F8013CC34608F1FF38392BF5D00133A7
:10BEB80088F800303946204600F008FC002E3FF490
:10BEC800A8AD002D3FF4A1ADB5423FF49EAD294683
:10BED800204600F0FBFB98E500F06D82079B5A4A6C
:10BEE8005D4205F00F0302EBC303DDE90201D3E96C
:10BEF8000023F4F7F9FB2D11CDE90E0100F08A8338
:10BF0800534E4FF00209E9070ED509F10109DDE9A1
:10BF18000E01F6E80223F4F7E7FB6D10CDE90E01F8
:10BF28003FF427AEE907F0D46D100836EBE70A9B1B
:10BF3800DDF818B06FEA030A60E50021204600F03A
:10BF4800C5FB0A9BDDF818B0C3F1000A61E50123BF
:10BF580000211393E1630D930A93C4E51A46014641
:10BF6800204600F05BFD009B0746012B40F37382DF
:10BF7800002311933B6907EB8303186900F002FC67
:10BF8800C0F12003E9E439460B9800F019FE0028B7
:10BF9800BFF613AD00230B990A222046079D00F037
:10BFA8009FFB139B05F1FF390B90002BCCBF00259D
:10BFB8000AF00105109B002B40F00781002D40F08E
:10BFC8001183139BDDF81CA00D9330E79DED027BD8
:10BFD8004FF002098DED0E7BB1E51D9B0E9C002BE9
:10BFE80003DB079A0E2A7FF7E3AE009A012A7FF750
:10BFF80061AC0D9B109A5D1EAA42C0F20E82002B06
:10C00800A2EB050580F2F682DDE90C32A3EB02080B
:10C018005FE4049B002B7FF49FAC059BC3F31303E1
:10C02800002B7FF499AC059B23F000431B0D1B05E7
:10C03800002B3FF491AC0C9B01330C93089B01330C
:10C0480008930123119388E408EC000800001440C9
:10C05800E0EB0008DDE91601F4F746FB069B1F70CC
:10C06800159B012BCDE90E0100F0C282069BAA4662
:10C07800159A03EB020B0022B94B40464946F4F7E8
:10C0880033FB89468046F4F7DFFD0646F4F7C2FA2B
:10C0980002460B46303640464946F4F76DF90AF831
:10C0A800016BD34580468946E5D16E1E159B1E441B
:10C0B8000022AC4BDDE90EAB50465946F4F75EF969
:10C0C80042464B46F4F782FD002840F0FF81524675
:10C0D8005B460020A349F4F74FF942464B46F4F774
:10C0E80093FD00286AD11D9B002BFFF636AE079BF7
:10C0F8000E2B3FF732AE1B9B079A03EBC20393ED5F
:10C10800007B8DED007BDDE9009ADDE902674A4698
:10C11800534630463946F4F711FCF4F795FD80464E
:10C12800F4F778FA4A465346F4F7DEFA02460B4625
:10C1380030463946F4F720F908F13003069A1370AF
:10C148000D9B012B00F0DE81C5F1010902944FF02F
:10C15800000A4FF0000B4C46DDF834901CE0DDE996
:10C16800002330463946F4F7E9FBF4F76DFD8046C5
:10C17800F4F750FADDE90023F4F7B6FA0B46024665
:10C1880039463046F4F7F8F808F1300305F8013B72
:10C198002B194B4500F0B5810022714BF4F7A4FA36
:10C1A80052465B4606460F46F4F706FD0028D6D0F1
:10C1B800079BAB46029C03F1010A2AE416F8013CEE
:10C1C800B346013E302BF9D07BE5314600230A22E5
:10C1D800204600F085FA139B0646CDF81C900D9377
:10C1E800002D7FF4F2ABB8F1000F05DD3146424671
:10C1F800204600F073FC0646119B002B40F06A8134
:10C20800B146069D0D9A6B1E02970B9F1A44049B1C
:10C2180003F001030A920C9302993846FFF780F95C
:10C2280031468246384600F0CBFC029980464A46A1
:10C2380020460AF1300B00F0E5FCC3680146B3BBA9
:10C248000890384600F0BCFC08990890204600F099
:10C258003DFA009B089A13435FD10C9B002B00F01A
:10C26800B781B8F1000FC0F2AF810A9BA846AB4274
:10C2780008F801BB00F07C81394600230A222046D9
:10C2880000F02EFA4E45074631464FF000034FF0B6
:10C298000A0220463BD000F023FA4946064600230E
:10C2A8000A22204600F01CFA45468146B4E720469B
:10C2B8000B97CDF820B0029F00F008FAB8F1000FF4
:10C2C800089B08DB049A009902F0010248EA010879
:10C2D80052EA080232D10B9901222046009300F05D
:10C2E800FDFB39460B9000F06BFC0028009B40F3E7
:10C2F8008B81392B00F045810AF13103AB460BF8ED
:10C30800013B3546079B4E4603F1010AD2E500F092
:10C31800E7F94546064681467EE7B8F1000FC0F2C8
:10C328003B81009B48EA03080C9B53EA080800F08D
:10C338003381002A99DD0B975B46029F392B00F069
:10C348002081AB460133DAE7109E002E58D1DDF884
:10C358003080FFF7F4BA3FF413ABC3F13C0357E561
:10C36800000024400000E03F0D9B002B3FF4C4ACCC
:10C37800139D002D7FF7E7AC079B30463946002216
:10C38800013B1A93AD4BF4F7AFF902460F4609F19A
:10C3980001001646CDE90E67F4F73CF932463B46F4
:10C3A800F4F7A2F90022A64BF3F7E8FF1595064625
:10C3B800A1F1507700E49DED027B4FF002098DED6D
:10C3C8000E7BFFF7D6BBC8F1010312900C93079BB5
:10C3D80008931193FFF7EEB9109B002B3FF4ADAA19
:10C3E800FFF792BA3123DDF818B0002120460BF888
:10C3F800013B00F06BF9079B03F1020AFFF709BB49
:10C40800109A20460B9900F009FB0023DDF83080D4
:10C418001E460B901093FFF792BA109B0121119AB8
:10C428002046EB1A0D9F1A44089B3B44119208932F
:10C4380000F012FA0C9B0646002B40F083809846C9
:10C448000C972A460B99204600F0E8FA01230B9036
:10C458001093FFF774BA049B002B7FF489ADDDE9D4
:10C468000412C2F31303002B00F09D80119181E5A3
:10C47800079A744B03EBC2034FF0FF3293ED007B36
:10C488000D928DED007B069B5D1C3CE603D1009B65
:10C49800DB073FF500ADC34618F8013D302BFAD055
:10C4A80008E53123069A0AF1010A137002E51A9B7E
:10C4B800069201331A93312302E4109DC1E70E9CC2
:10C4C8001A9BAB4603F1010AFFF7A3BA3546069A51
:10C4D800FFF7EEBB7168204600F0D2F80546002849
:10C4E80000F0A080336906F10C010C3002339A0089
:10C4F800F3F7C8FE29460122204600F0EFFA8146EC
:10C508007FE6029C02460B46F3F738FF079B064678
:10C518000F4603F1010ADDE90023F4F775FB48B97A
:10C5280030463946DDE90023F4F746FB38B118F008
:10C53800010F04D0079B069A1A93FFF7B9BBAB46C5
:10C54800FFF767BA0C99089A8A421346A8BF0B46A8
:10C55800D21AA1EB030808920D9A8A18D31A0C93E1
:10C568006FE7394B002240F2AF11384800F0EAFE7D
:10C57800079A35460B975B46029F02F1010A4E4621
:10C588007CE4079BA846069A354603F1010A39233D
:10C598004E4608F8013B83E4002A0B975B46029F4E
:10C5A8003FF799AEAAE6059B23F000431B0D1B0538
:10C5B800002B3FF4DEAC0C9B01330C93089B01333A
:10C5C800089301231193D5E40B975B46029F95E6E8
:10C5D8005B460B97029F392BD3D0B8F1000F3FF77A
:10C5E8008BAE8BE6139BCDF81C900D93FFF7EDB93E
:10C5F8002E465DE5089B0D9A134408930C9B9846BC
:10C6080013440C93FFF765B97FF478AEDA077FF52A
:10C6180075AE6EE64FF00209FFF7ABBA0021E16391
:10C62800FFF761BA0246084B40F2EF21074800F0D5
:10C6380089FE074B0693FFF747B800BF0000244068
:10C6480000001C4008EC0008A4EA0008B8EA00084A
:10C6580094EA000882B049B15AB16BB113780B6003
:10C668001278101E18BF012002B0704701A9002AD5
:10C67800F3D1104602B070476FF00100F4E700BF35
:10C6880038B5436C05460C464BB153F8240080B1CD
:10C69800026843F824200023C0E9033338BD21226F
:10C6A800042100F06DFE034668640028EDD10020E7
:10C6B80038BD0121284601FA04F56A1D920000F0F0
:10C6C8005FFE0028F3D0C0E90145E4E731B1436CCF
:10C6D8004A6853F82200086043F82210704700BFE8
:10C6E8002DE9F04107460E461C460D6901F1140E6E
:10C6F8000020DEF8001001308BB285424FEA11416C
:10C7080002FB03434FEA134C9BB202FB01CC03EB41
:10C718000C434FEA1C444EF8043BEADC3CB1B368D6
:10C72800AB4207DD06EB850301355C6135613046B8
:10C73800BDE8F081716838460131FFF7A1FF8046F6
:10C74800A8B1326906F10C010C3002329200F3F7FD
:10C7580099FD7B6C726853F82210316043F82260AF
:10C76800464606EB850301355C613561DFE7024625
:10C77800024BBA21024800F0E5FD00BFA4EA000818
:10C7880014EB0008B0F5803F034610D203041020D4
:10C79800B3F1807F01D208301B02B3F1805F08D368
:10C7A800B3F1804F10D29A0013D4033070470020A1
:10C7B800EEE71A010430B2F1804F06D29B0108D48B
:10C7C8005B00F2D4202070471A46002AFBDB0130B8
:10C7D80070470230704700BF03680246590707D008
:10C7E800D8071DD499072AD55B0801201360704724
:10C7F80099B279B91B0CD9B2A1B11020190701D18E
:10C8080004301B09990712D0D90701D401305B08FD
:10C8180013607047D9B241B1180718D10420F0E766
:10C828000020704718201B0AE8E70820FBE713F0F0
:10C83800040F4FEA930106D002300B46E8E79B0845
:10C84800022013607047DB0804D120207047DB0802
:10C858000320DDE70330DBE738B5436C04460D46BB
:10C868004BB15868B0B102685A6000220123456193
:10C87800C0E9032338BD2122042100F081FD0346CD
:10C8880060640028EDD1094B002240F245110848A8
:10C8980000F058FD1C220121204600F071FD0028FF
:10C8A800F1D001220223C0E90123DEE7A4EA00084F
:10C8B80014EB00082DE9F04FD1F8108085B0156908
:10C8C8000E469246A84505DB2A46534645468A4603
:10C8D80090461E4605EB0804DAE90113A342B8BFE7
:10C8E8000131FFF7CDFE002800F08C8000F114071D
:10C8F80007EB840E774505D23B46002243F8042B0C
:10C908009E45FBD814360AF1140906EB880809EB92
:10C918008505464569D2A5EB0A030AF1150ACDF843
:10C9280008E0AE46153B039423F00303AA4594BFE1
:10C938009B464FF0000B824605E0090C2DD1B0450F
:10C9480007F104074ED956F8041B8DB2002DF4D018
:10C95800CC463C46002301965CF8040B216886B25D
:10C96800E6458AB24FEA104005FB06224FEA11411C
:10C978001A4405FB001101EB124192B24FEA114330
:10C9880042EA014244F8042BE6D8019E07EB0B0269
:10C99800536056F8041C090CD1D03B680022484665
:10C9A8003D461C46944602889BB201FB02C202EB3C
:10C9B800144243EA024345F8043B50F8043B2C6810
:10C9C8004FEA134C8645A3B201FB0C3303EB124329
:10C9D8004FEA134CE7D807EB0B02B04507F1040701
:10C9E8005360B0D85046DDE902E4002C02DC05E0D3
:10C9F800013C03D05EF8043D002BF9D0046105B07A
:10CA0800BDE8F08F0246034B4FF4B171024800F0C5
:10CA180099FC00BFA4EA000814EB000812F0030315
:10CA28002DE9F0411446074632D10E46A4102CD009
:10CA38003D6C002D35D004F001034FF00008641060
:10CA48003BB92868B8B1054604F001036410002B0F
:10CA5800F7D02A4631463846FFF72CFF36B17B6CB3
:10CA6800716853F82120326043F8216074B106469A
:10CA780028680028E7D12A4629463846FFF71AFFD2
:10CA880028600546C0F80080DEE73046BDE8F08142
:10CA9800013B0F4A52F823200023FFF721FE0646E8
:10CAA800C4E701213846FFF7EBFD054640B10123F5
:10CAB80040F27122C0E90432002338640360BAE707
:10CAC8000246044B40F24511034800F03BFC00BF0E
:10CAD800D0EB0008A4EA000814EB00082DE9F047A1
:10CAE8000C46904606464FEA62192769A36807EB89
:10CAF800621749687D1C9D4203DD5B0001319D4240
:10CB0800FBDC3046FFF7BCFD00284DD0B9F1000F23
:10CB180000F1140C0BDD09F105026346002100EB5E
:10CB2800820243F8041B9342FBD10CEB890C04F1FD
:10CB38001403216918F01F0803EB81012BD0C8F1F9
:10CB48002009E6464FF0000A1A6802FA08F242EA9B
:10CB58000A024EF8042B53F8042B994222FA09FAD8
:10CB6800F2D80B1B04F11502153B23F00303914285
:10CB780038BF002304334CF803A0BAF1000F00D1EA
:10CB88003D46736C6268056153F82210216043F8D2
:10CB98002240BDE8F087ACF1040C53F8042B99420D
:10CBA8004CF8042FF9D8EBE70246034B4FF4EF712A
:10CBB800024800F0C7FB00BFA4EA000814EB000815
:10CBC80084460B690069C01A16D10CF1140C143193
:10CBD8000CEB830201EB830310B401E0944508D207
:10CBE80052F8044D53F8041D8C42F7D005D24FF08B
:10CBF800FF305DF8044B7047704701205DF8044B27
:10CC0800704700BF2DE9F04F136983B00E6989465C
:10CC18001546F61A002E14D101F1140702F1140179
:10CC280001EB830107EB830301E09F427ED253F8B7
:10CC3800044D51F8042D9442F7D080F082800126EB
:10CC480003E0FCDB00260D4691466968FFF718FDF6
:10CC5800002800F083802F6905F1140B05F11002FC
:10CC6800D9F8103009F1140500F114010BEB870E07
:10CC7800944605EB830A88460023C660CDF804B0C5
:10CC880055F8046B5CF8042F1FFA86FBAA4594B28A
:10CC9800A4EB0B041C444FEA1643C3EB124303EB0B
:10CCA8002443A4B244EA03444FEA234348F8044B1C
:10CCB800E6D8AAEB090209F11509DDF804B0264601
:10CCC800153A22F00302CA4538BF00220BEB0208CE
:10CCD8000A4408F10408141DC645454635D9A1EB98
:10CCE8000B0105EB010C55F8042B1FFA82F9D61835
:10CCF800120CAE454B44B6B202EB234246EA02465A
:10CD08004FEA2243CCF80060EBD80EF1FF33A3EBD7
:10CD1800080323F00303234426B953F8042D013FE5
:10CD2800002AFAD0076103B0BDE8F08F0021FFF7B1
:10CD3800A7FC60B101220023C0E9042303B0BDE8C9
:10CD4800F08F2B464D4699467FE71346E4E70246A7
:10CD5800064B40F23721064800F0F4FA0246034B2E
:10CD680040F24521024800F0EDFA00BFA4EA0008AD
:10CD780014EB00082DE9F0430E4683B00121154657
:10CD880059EC108BFFF77CFC0446002844D0C9F30B
:10CD98000A57C9F313030FB143F480130193B8F191
:10CDA800000313D101A8FFF717FD019B01212030D3
:10CDB800636121610FB3A7F233470744C0F135001F
:10CDC80037602860204603B0BDE8F08368460093CA
:10CDD800FFF702FDDDE9002330B1C0F1200103FABD
:10CDE80001F1C3400A430193002B6261A3610CBFA8
:10CDF800012102212161002FDDD104EB8103A0F282
:10CE0800324030601869FFF7BDFCC0EB4110286064
:10CE1800204603B0BDE8F0830246034B40F20F31D1
:10CE2800024800F08FFA00BFA4EA000814EB0008DB
:10CE38002DE9F04F164683B0002900F09E800C467D
:10CE480006F10B058046F4F797FD54F8040C162DEF
:10CE5800A4F1080920F0030762D810220023154620
:10CE6800B542C0F0A280002B40F09F80974261DA63
:10CE7800DFF82CB309EB0701DBF80830D1F804C060
:10CE88008B4200F09A802CF001030B445B68DB07AF
:10CE980068D42CF0030C07EB0C03934245DAC30764
:10CEA80012D454F8083CA9EB030ADAF8043023F04A
:10CEB800030084440CEB070B5A4540F3018107EB50
:10CEC800000B5A4540F3D78031464046F4F798FAAC
:10CED8000646002800F02C8154F8043CA0F1080212
:10CEE80023F001034B44934200F0B4803A1F242AF4
:10CEF80000F2E280132A00F2B3800346224611684A
:10CF080019605168596092689A6021464046F4F762
:10CF180083F94046F4F736FD304603B0BDE8F08F9C
:10CF280025F007052A46EB0F9AE71F46D1E90223A9
:10CF3800D3609A60781BD9F8043009EB07020F28F0
:10CF480003F001031FD83B43C9F80430536843F08A
:10CF58000103536026464046F4F714FD304603B0FB
:10CF6800BDE8F08FC307AFD454F8083CA9EB030A17
:10CF7800DAF8043023F00300A1E7114603B0BDE856
:10CF8800F04FF4F73DBA2B4309EB050140F00100DF
:10CF9800C9F80430083141F8040C4046536843F09E
:10CFA80001035360F4F738F9D4E70C23C8F80030CC
:10CFB8000026304603B0BDE8F08F2CF0030C05F1D5
:10CFC80010010CEB07038B4280F29280C0073FF5FB
:10CFD8007BAF54F8083CA9EB030ADAF8043023F0D5
:10CFE800030084440CEB070399423FF768AF3A1FEC
:10CFF8005646DAF80C1056F8080F242AC1608860E3
:10D0080000F2B080132A40F2AB8021681B2ACAF8CC
:10D0180008106168CAF80C1000F2AB8008340AF1F5
:10D0280010022168116061685160A16891605B1B02
:10D038000AEB0502404643F00103CBF80820536091
:10D04800DAF8043003F001032B43CAF80430F4F78C
:10D0580099FC83E750F8043C23F003031F4469E775
:10D0680023681B2A03606368436036D804F108020A
:10D0780000F1080343E73A1F5646DAF80C30242A31
:10D0880056F8081FCB60996022D8132A1ED9236846
:10D098001B2ACAF808306368CAF80C303CD8083430
:10D0A8000AF1100322681A6062685A60A2689A60DE
:10D0B80034465F46D1463DE72146FEF705F924E7A9
:10D0C800D1E902133A1FCB609960D5E73346E9E707
:10D0D80021463046FEF7F8F8EAE7A368242A836079
:10D0E800E368C36028D004F1100200F1100306E7DA
:10D0F8005B1B09EB05024046264643F00103CBF8CB
:10D108000820536054F8043C03F001032B4344F80F
:10D11800043CF4F737FC21E7A368242ACAF8103046
:10D12800E368CAF8143010D010340AF11803B9E7CC
:10D138004046F4F727FC3BE7236904F11802036132
:10D148006369436100F11803D9E623691834CAF802
:10D15800183054F8043CCAF81C300AF12003A1E73F
:10D1680032465EE7214630460193FEF7ADF8019B53
:10D178005DE7A168242ACAF81010E168CAF81410FB
:10D1880003D010340AF118024BE722691834CAF8A0
:10D19800182054F8042CCAF81C200AF1200240E791
:10D1A80060010020034649B1FF2A02D801200A7015
:10D1B80070478A224FF0FF301A6070470846704760
:10D1C80070B5054684B05BB11C460F4BD3F8E060E0
:10D1D800234669B12846B047431C0FD004B070BD40
:10D1E800094B00F58274D3F8E06023460029F1D199
:10D1F8000A46284601A9B047431CEFD100228A23DA
:10D2080022602B6004B070BD7805002010B582B094
:10D21800049C00934FF0FF33019400F063F902B0CF
:10D2280010BD00BFB1F90C3070B50C46990796B027
:10D2380007D504F1430301222360C4E9043216B080
:10D2480070BDB4F90E10054600292BDB6A4600F0C4
:10D2580051F8002824DB4FF480612846019EF4F73A
:10D26800CFF8B4F90C30A0B306F4704643F080034D
:10D278004FF480622060B6F5005F2061A38162618F
:10D2880035D1B4F90E10284600F04AF8B4F90C303C
:10D2980068B323F003034FF4006243F0010314E082
:10D2A800B4F90C3013F0800F28460CBF4FF480659A
:10D2B80040252946F4F7A4F8B4F90C3048B143F0F6
:10D2C800800300222060C4E904051343A38116B03B
:10D2D80070BD9A05B3D423F0030304F1430201217E
:10D2E80043F002032260C4E90421A381A7E74FF4B5
:10D2F8000062EAE770B50C460346084D0026204652
:10D3080011461C462E60F4F7F3FD431C00D070BD97
:10D318002B68002BFBD0236070BD00BF3C080020A9
:10D3280038B50022064D044608462A60F4F7F0FD99
:10D33800431C00D038BD2B68002BFBD0236038BDC0
:10D348003C0800200A4D14461A4603462E680D462E
:10D3580000B5F06885B044B106490095CDE90114DF
:10D36800054900F0D1F801F009FA04490C46F4E740
:10D378000C00002070EB000880EB00087CEB000834
:10D3880038B5A1FB021434BBF4F73AF8054630B3BC
:10D3980050F8042C22F00302043A242A0CD8132A49
:10D3A8000FD91B2AC0E9004412D9242AC0E9024433
:10D3B80018D000F1100205E02146F3F7EFFD2846EA
:10D3C80038BD024600232846C2E90033936038BDC1
:10D3D80000F10802F6E7F4F775FC0C23036000255A
:10D3E800284638BD00F11802C0E90444EAE700BF46
:10D3F8002DE9F04F8BB01C46DDE91478DDF8589024
:10D408000290B8F1000F50D000291668C3464FF0BB
:10D41800000508BF4FF0FF379246884601960391F2
:10D4280007E0019B013C53F8040B019300284AD004
:10D438006546AF4235D9002C33D0DBF8003006A959
:10D44800019A0493DBF80430126805935B4602984E
:10D45800D9F8E060B047431C1CD000EB050CBC4574
:10D4680026D8039B002BDCD000280DDD08F1FF3205
:10D4780006A9019E02EB000E11F8013B02F8013FDC
:10D488007245F9D180440196DAF800200432CAF8CE
:10D498000020C6E78A210022029B05461960CBF8C6
:10D4A800002028460BB0BDE8F08F00F58678ABE782
:10D4B800D846DDF810A0DDF814B02846C8E900AB5E
:10D4C8000BB0BDE8F08F0399D84609B1CAF800003F
:10D4D8000CF1FF3500222846C8F800200BB0BDE843
:10D4E800F08F00BF10B584B0054C069800900798DF
:10D4F8000190044800680294FFF77AFF04B010BD59
:10D50800780500200C0000200EB410B583B0074C3D
:10D51800014605AB206853F8042B019300F008F886
:10D5280003B0BDE8104003B0704700BF0C000020F6
:10D538002DE9F04FC5B083469246082214AF0491F6
:10D5480000211C4638460B93F3F728FDBBF1000F6A
:10D5580004D0DBF83430002B00F06187049A536E56
:10D56800B2F90C20D90740F13A81960400F15385AD
:10D5780042F40052049923F400538A8112B24B6694
:10D58800130740F1B980049B1B69002B00F0B4809D
:10D5980002F01A030A2B00F0BE801BAA0023914652
:10D5A8000D9318920793CDE91933CDE90E335546FB
:10D5B800954BD3F8E440FDF737FF2A46034612A9F6
:10D5C80058460097A0470028034600F0C380C0F2E1
:10D5D800B980129A252A01D01D44E9E7B5EB0A065D
:10D5E800044640F0BB8000234FF0FF3205F1010AEA
:10D5F80019468DF8433008936B78069203910AF127
:10D60800010AA3F120025A2A00F20081DFE812F091
:10D618008E03FE00FE008703FE00FE00FE00670387
:10D62800FE00FE0024023602FE002F02A003FE00C8
:10D6380099035B005B005B005B005B005B005B00C9
:10D648005B005B00FE00FE00FE00FE00FE00FE0028
:10D65800FE00FE00FE00ED012603FE00FE00FE00B7
:10D66800FE00FE00FE00FE00FE00FE00FE003C0282
:10D67800FE00FE00FE00BD01FE009C02FE00FE0052
:10D68800D805FE00FE00FE00FE00FE00FE00FE00C3
:10D69800FE00FE00FE00ED018301FE00FE00FE001C
:10D6A8005D0383016D00FE001C03FE000E03F902FA
:10D6B800C6026D00FE00BD016A006E02FE00FE009B
:10D6C8001B06FE006A00A3F13002002101EB810174
:10D6D8001AF8013B02EB4101A3F13002092AF5D9FE
:10D6E80008918EE79AF8003089E7039B43F02003FE
:10D6F80003939AF8003082E7049D58462946FDF7BF
:10D7080063FD002840F0D087B5F90C2002F01A0319
:10D718000A2B7FF442AF0499B1F90E30002BFFF6C3
:10D728003CAF4B6EDD0702D4900540F118872346C5
:10D7380052460499584600F0DFFF0790079845B015
:10D74800BDE8F08F082200213846F3F727FC0123B3
:10D758001D442DE7B5EB0A06044611D01A9B334445
:10D768001A93199B0133072B1993C9E900A611DCF9
:10D7780009F10809079B33440793002C7FF433AF62
:10D788001A9B002B40F03F870022049B1992B3F9A3
:10D798000C3019E018AA04995846FDF793FB80B994
:10D7A8000DF16C09E6E718AA04995846FDF78AFBBB
:10D7B800002800F09B80099B1BB109995846F3F794
:10D7C8002BFD049BB3F90C30049A526ED00740F13C
:10D7D80098805B0614D4079845B0BDE8F08F900593
:10D7E80040F1298191047FF5C3AE9E047FF5C8AE50
:10D7F800049B9B899A0503D4049B986DF3F79EFCC0
:10D808004FF0FF330793E6E778050020002BB7D0E9
:10D8180001228DF8AC302BAD00230A928DF84330ED
:10D828000993CDE90523039CDDE9193014F0840838
:10D8380001461A462ED1089C059EA41B002C00F315
:10D8480092839DF843304BB34FF00008CDF83080F9
:10D85800013201230131C9F80430072A0DF14303CD
:10D86800CDE91921C9F8003000F3158309F1080939
:10D878000C9B7BB1013211AB0231C9F80030072A89
:10D888004FF00203CDE91921C9F8043000F3F682FC
:10D8980009F10809B8F1800F00F07582069B0A9813
:10D8A8001C1A002C00F3AD820A9B0132C9F8005003
:10D8B8001944072AC9F80430CDE9192100F3D282A6
:10D8C80009F10809039B5C0705D5089B059A9C1A72
:10D8D800002C00F3ED820598DDE907328242ACBFE7
:10D8E8009B181B18079300297FF45DAF0023199339
:10D8F800099B1BB109995846F3F78EFC0DF16C0989
:10D9080055E69A053FF565AF049CA06DF3F716FC44
:10D91800B4F90C305DE7039B9B0640F12E840B9B0A
:10D92800073323F007031A465B6852F8084B9E46F4
:10D938000B92002BC0F2A481069B002BC0F2AD8194
:10D94800039A22F080020392002B40F0A68154EA49
:10D958000E0314BF0122002240F09F819DF843303E
:10D96800002B00F01581012144AD099205910A921E
:10D978000692039CDDE9192114F084080846134631
:10D988003FF459AF00230C9362E70022DDF82C80A6
:10D998008DF8432058F8042B0992002A00F0588586
:10D9A800532B00F09084039B13F0100440F08B84F9
:10D9B800069A002AC0F2BA8521460998FDF73EFD6D
:10D9C8009DF84320099D002800F04E86431B0A93CA
:10D9D80023EAE3730593002A00F03886013306949E
:10D9E800CDF82C8005930994C3E70B9A432B02F1D9
:10D9F800040403D0039BD90640F147840822002180
:10DA080016A82BADF3F7CAFA0B9A16AB584612684C
:10DA18002946FFF7D5FB03460A90013300F0078635
:10DA28000A9B23EAE373059300230B948DF8433094
:10DA380009930693F7E6049DA86DF3F77DFBB5F906
:10DA48000C206B6E95047FF593AD98047FF598AD27
:10DA5800D9077FF5CDAED3E60B9B53F8042B002AEC
:10DA6800089280F2D382089A0B9352420892039B41
:10DA780043F0040303939AF80030C0E52B238DF894
:10DA880043309AF80030BAE5039B9D0643F0100036
:10DA980040F1D4820B9B073323F0070319465A68D9
:10DAA80051F8083B0B9100218DF843100699002985
:10DAB800C0F2388220F4906103910699002940F061
:10DAC800348253EA020114BF0121002140F02D8263
:10DAD80010F00102059200F0938230230DF20F1529
:10DAE80006918DF80F310A9209919CE6039A9606E1
:10DAF80030D4039B0B9913F0100351F8044B059392
:10DB080040F0F385039B13F0400300F02F84069B3D
:10DB1800A4B2DDF814E0002B8DF843E0C0F23284A3
:10DB2800039B23F080030393002C40F02B84069A78
:10DB3800131E18BF0123002A40F0248444AD069325
:10DB48000B91CDE909336EE6039B43F010029B0667
:10DB580040F188820B9B002107338DF8431023F096
:10DB68000703D3F804E053F8084B0B93069B8B424A
:10DB7800C0F2858222F080030393069B002B40F0BD
:10DB88008C8054EA0E0314BF0123002340F08580E3
:10DB980044AD099306930A93059344E600210B9B31
:10DBA800069C47F6300253F8040B8C42ADF844202B
:10DBB8008DF843100246C0F24883039C24F0800489
:10DBC80044F002040394002840F08A85069C201E35
:10DBD80018BF0120002C40F0838544AD06900B93BC
:10DBE80005900A90059B039C023314F08408059362
:10DBF800DDE919210846134600F0C683002309937E
:10DC080038E6039884063FF545AF039A0B9912F05E
:10DC1800100251F8043B40F06685039C14F0400064
:10DC280000F034849BB220460B913CE7039B990695
:10DC380040F1B5820B9B079A1B681A60D2175A608D
:10DC48000B9B04330B93B2E49AF800306C2B00F072
:10DC58002683039A42F010020392D0E4039A42F01A
:10DC68001003920600F1E8810B9A111D0B9A039399
:10DC780014680B914FEAE47E7346002BBFF65CAE46
:10DC88002D2364428DF843306EEB4E0E069B002B1D
:10DC980003DB039B23F0800303930A2C7EF100032C
:10DCA80080F0F381069A30349DF84330012A8DF8CC
:10DCB8000F41B8BF01220592002B40F0B1810993B2
:10DCC80001230DF20F150A93ADE59AF80030682B81
:10DCD80000F0EF82039A42F0400203928FE4584624
:10DCE800FDF7A8FB436818460F93FAF725FF0E9037
:10DCF80004465846FDF79EFB82689AF800300D925C
:10DD0800002C3FF47CAC002A3FF479AC1278002A4E
:10DD18003FF475AC039A42F4806203926FE4039B6C
:10DD280043F0010303939AF8003068E49DF8432018
:10DD38009AF80030002A7FF462AC20228DF8432044
:10DD48005DE4039B43F0800303939AF8003056E4A4
:10DD5800504610F8013B2A2B00F09A84A3F13002B8
:10DD6800092A00F24B84002101EB810110F8013BE4
:10DD780002EB4101A3F13002092AF5D941EAE17227
:10DD8800824606923DE4089B05981C1A002C7FF7F2
:10DD980085AD102CB14E21DD0C954FF01008049D77
:10DDA80002E0103C102C18DD01321031072AC9E9B5
:10DDB8000068CDE9192109F10809F2DD18AA2946F8
:10DDC8005846FDF77FF800287FF4F5AC103C0DF1BC
:10DDD8006C09102CDDE91921E6DC0C9D0132214487
:10DDE800C9F80060072AC9F80440CDE9192100F3F1
:10DDF8001B83069B09F108090A981C1A002C7FF757
:10DE080053AD102C954E1FDD4FF0100802E0103C6A
:10DE1800102C19DD01321031904B072AC9E900385E
:10DE2800CDE9192109F10809F1DD18AA0499584624
:10DE38000DF16C09FDF746F800287FF4BCAC103CE6
:10DE4800102CDDE91921E5DC01322144C9F8006014
:10DE5800072AC9F80440CDE9192100F3C48009F163
:10DE6800080921E518AA04995846FDF72BF8002857
:10DE78007FF4A1AC1A990DF16C0923E518AA04994D
:10DE88005846FDF71FF800287FF495AC0DF16C0992
:10DE9800DDE91921FEE418AA04995846FDF712F89D
:10DEA80000287FF488AC0DF16C09DDE91921DFE465
:10DEB800102C199BDFF8A88121DD46461025DDF8D6
:10DEC800108002E0103C102C18DD01331031072BB4
:10DED800C9E90065CDE9193109F10809F2DD18AA87
:10DEE800414658460DF16C09FCF7ECFF00287FF419
:10DEF80062AC103C102CDDE91931E6DCB046013388
:10DF08002144072BC9E90084CDE919317FF7E3AC37
:10DF180018AA04995846FCF7D5FF00287FF44BACA3
:10DF28001A99D8E420F48061039144AD03F0070105
:10DF3800DB08284643EA42733031D20805F8011D50
:10DF480053EA0204F2D1302902D0039BDE077CD4C5
:10DF580044AB5B1B0A9300220992069A9A42B8BF07
:10DF68001A4605925FE400220C92102C1A46DFF83C
:10DF7800F08022DD46461023DDF8108002E0103CD8
:10DF8800102C19DD01321030072AC9E90063CDE9E8
:10DF9800192009F10809F2DD18AA414658460DF181
:10DFA8006C09FCF78FFF00287FF405AC103C1023A8
:10DFB800102CDDE91920E5DCB04601322118C9F83A
:10DFC8000080072AC9F80440CDE9192100F3FE8131
:10DFD8009DF8433009F108095BBB0C9800283FF411
:10DFE8005DAC984646E418AA04995846FCF76AFFBF
:10DFF80000287FF4E0AB0DF16C09DDE9192153E449
:10E00800059A44AD06920A9209920CE40B939AF889
:10E018000030FFF7F4BA9D047FF5B2AAFFF7F0BB12
:10E028000025013201230592CDE909530DF20F15A0
:10E038009FE44FF000080BE4039370E40B9B191D59
:10E048000B9B00220B911B682DE53023023805F845
:10E05800013C44AB05461B1A0A937CE7D4ED000843
:10E06800E4ED00080B9B191D0B9B4FF0000E0B9164
:10E078001C68069B8DF843E07345BFF67BAD0A2C00
:10E0880003927EF10003FFF40DAE039B764644A98C
:10E09800DFF8F48303F480650023CDF814909E46DE
:10E0A800CDE909BADDF834A023E0A319A346304628
:10E0B800494643F10003A8FB032C2CF0030202EBB2
:10E0C8009C029B1A4FF0CC32E31A66F1000602FB61
:10E0D80003F2BBF10A0FA3FB084308FB06224FEA31
:10E0E800540470F10000134444EAC3744FEA530621
:10E0F8002BD3A3190EF1010E01F1FF3943F10003EF
:10E10800A8FB032020F0030202EB90029B1AE31AFB
:10E11800A3FB083266F100005B0808FB002243EA13
:10E12800C27303EB8303A4EB4303303301F8013CD0
:10E13800002DBAD09AF800307345B6D1FF2BB4D071
:10E148000A2C76F1000380F00F824D4644AB069905
:10E158005B1BCDF834A0DDF814901A469142DDE936
:10E1680009BAB8BF11460A939DF843300591002BB0
:10E1780056D0059B0133059352E0039B0B99DE06AD
:10E1880051F8044B3FF572AD039B5D0640F16C817D
:10E1980044F3C03E0B9124B27346FFF7CABB039BFE
:10E1A800DA0600F14F81039B5B0600F1B981039BFE
:10E1B8009E0540F147810B9B079A1B681A703FE543
:10E1C800AE48039A12F0200100F0F0800B9A073253
:10E1D80022F007021446516854F8082B0B9452EAAF
:10E1E8000104039D14BF01240024ED0702D5002C6F
:10E1F80040F0038100238DF84330069B002B039BDE
:10E20800C0F2CD8023F490630393069B002B40F06B
:10E21800C980002C40F0C68044AD06940A94059449
:10E22800039CDDE9192114F084080846134600F020
:10E2380053829DF84330002B00F044820023099359
:10E248000C93FFF705BB8E48BBE7039802240B939A
:10E2580040F0020003908A4844AD02F00F0312090F
:10E26800C35C42EA0172090905F8013D52EA01035B
:10E27800F3D144AB069A5B1B9A420A93B8BF1A467D
:10E288000592002C7FF4AEACCAE70B9B2BAD1B6844
:10E298008DF8AC30012305930A93FFF7C5BB039BA8
:10E2A8000AF1010A43F0200303939AF80030FFF7BC
:10E2B800A6B9039B0AF1010A43F4007303939AF881
:10E2C8000030FFF79CB9099B0822002116A8139378
:10E2D800F2F764FE069E002EC0F2ED80002425466B
:10E2E8000DE02BA95846FEF76BFF411C04F104040E
:10E2F800284400F09C81B04206DC06D00546139AFB
:10E3080016AB1259002AECD10695069B002B00F09B
:10E31800E280632B40F31F81591C5846F3F770F8CD
:10E328000546002800F0838109900822002116A8DC
:10E33800F2F734FE069C16AB13AA294658460093FA
:10E348002346FEF763FF844240F0BF81069900230D
:10E3580021EAE1706B549DF843200590002A40F0B3
:10E368005C810692CDE90A18FFF75DBA039A12F4A8
:10E37800007240F0C780069B96468DF84320002B1C
:10E38800BFF6CEAB0B9188E4089C059ECDF824809F
:10E39800A41B002C7FF76EAA02220C92E5E523F459
:10E3A80080630393039B03F0020455E70B9C54F826
:10E3B800042B0B94039C14F010047FF410AF039902
:10E3C80011F040016CD092B2214608E718AA0499CE
:10E3D8005846FCF777FD804600287FF4ECA99DF8A5
:10E3E8004330DDE91921002B61D10C9B0DF16C093B
:10E3F800002B7FF43FAAFFF751BA8DF84530302340
:10E408008DF8443000238DF84330069B002B6EDADC
:10E41800039B23F4806343F002030393C2E7584647
:10E42800F2F726FDFFF79AB818AA04995846FCF7A0
:10E4380049FD00287FF4BFA90DF16C09DDE9192118
:10E44800FFF72CBA0B9B079A1B681A60FFF7F8BBFB
:10E45800069B0C4D062BCDF82C80069228BF062370
:10E4680005930A93FFF7DFB9039B0B91980552D5E3
:10E4780044F3C01E64B27346FFF75BBA2CEA000887
:10E4880018EA000840EA0008CDCCCCCC039C14F470
:10E49800007233D00246DBB220460B91FFF703BB74
:10E4A800039C14F4007414BFD2B2214697E60DF110
:10E4B8006C09FFF7CDB916AB13AA58460093002391
:10E4C8001946FEF7A3FE03460690013300F0AF801D
:10E4D800099B139319E79DF84330099D003BCDF83C
:10E4E8002C8018BF01230593069B0A9398E6039B8B
:10E4F80023F4906343F00203039353E703980B91CB
:10E50800FFF7D1BA9E468DF84330069BE4B2002B44
:10E51800BFF606AB36E74FEAE47E7346FFF709BA63
:10E528000B9B079A1B681A80FFF78ABB099D284630
:10E53800FAF702FB9DF8433020EAE0720A90059250
:10E54800002B00F08A8001320694CDF82C800592C9
:10E558000994FFF70EBA00232BAD0993E5E6886D01
:10E56800F2F7ECFDFFF7E3B80E9A0F99A9EB020B4F
:10E578005846FCF727FF9AF801300BB10AF1010A57
:10E58800A3195B4A4FF0CC314FF0010E43F1000361
:10E598000BF1FF39A2FB030C2CF0030000EB9C00ED
:10E5A8001B1AE31A66F1000603FB01F1A3FB023014
:10E5B80002FB061123FA0EF3014443EAC17421FA5F
:10E5C8000EF6A31943F10003A2FB031020F0030188
:10E5D80001EB90015B1AE31AA3FB023166F100001C
:10E5E80023FA0EF302FB001243EAC27303EB830320
:10E5F800A4EB430330330BF8013C9BE50022824631
:10E608000692FEF7FEBF18AA04995846FCF75AFC72
:10E6180000283FF4B9A8FFF7D4B8069ACDF82C80A3
:10E628000A92059A069301320592FFF7A2B9049857
:10E63800B0F90C30426E43F04001D20781813FF5BA
:10E64800DFA899053FF5DCA8FFF75EB9099D06929A
:10E65800CDF82C800992FFF7E6B8099D0693CDF80E
:10E668002C800993FFF7DFB84AB1069ACDF82C80C1
:10E67800511C0A92069005910990FFF77AB9069BFA
:10E688000992CDF82C800A9305930692FFF7CBB830
:10E698000B9A9AF80130824652F8041B41EAE1715C
:10E6A8000B920691FEF7ABBF049A536EDF073FF556
:10E6B800A7A893899E053FF5A3A8906DF2F73EFDA4
:10E6C800FFF79EB80993FFF7E5B8049A938943F0DA
:10E6D80040039381FFF76FB8CDF82480FFF7ABB8FC
:10E6E80004480B935EE60398AAE4039ABCE400BFCF
:10E6F800CDCCCCCC18EA00082DE9F04198468B899E
:10E70800ADF58D6D164623F00203074616A80D4693
:10E71800ADF80C301AAB6C46009304934FF4806349
:10E72800029305934B6E1993CB89ADF80E30CB69E4
:10E7380007934B6A099300230693F2F7F9FC3246D4
:10E74800434669463846FEF7F3FE061E07DB694670
:10E758003846F3F717FA002818BF4FF0FF36A38999
:10E768005B0603D5AB8943F04003AB81A06DF2F79C
:10E77800E1FC30460DF58D6DBDE8F081062008B549
:10E7880000F004F80120F3F763FB00BF38B51F2839
:10E79800134B1D681ED8D5F83821044662B152F8CB
:10E7A80020304BB1012B05D0591C0FD0002142F865
:10E7B80020109847002038BD284600F029F8224646
:10E7C80001462846BDE8384000F00CB81623012061
:10E7D8002B6038BD16234FF0FF302B6038BD00BFCB
:10E7E8000C00002070B50C460346084D0026204654
:10E7F80011461C462E60F3F71BFB431C00D070BD6E
:10E808002B68002BFBD0236070BD00BF3C080020A4
:10E81800F3F706BBF8B500BFF8BC08BC9E467047C6
:0CE82800F8B500BFF8BC08BC9E46704765
:10E8380049444C4500000000092563092575092550
:10E84800750925750D0A0000546D72205376630012
:10E85800546D7251000000000D0A3D3D3D20525498
:10E868004F53204C61622030323A2046726565521F
:10E87800544F5320426173696373203D3D3D0D0041
:10E888005461736B733A2053656E736F72207C20EA
:10E89800446973706C6179207C205374617475735A
:10E8A8000D0000005072696D6974697665733A20CD
:10E8B8005175657565207C204D75746578207C20C0
:10E8C80053656D6170686F7265207C2054696D6551
:10E8D800720D0A0D0000000053656E736F72000020
:10E8E800446973706C6179005374617475730000C6
:10E8F8005374617475733173000000005B4D4149B6
:10E908004E5D205374617274696E67207363686525
:10E9180064756C65722E2E2E0D0A0D005B464154EF
:10E92800414C5D20537461636B206F766572666C31
:10E938006F773A2025730D0A000000005B464154AA
:10E94800414C5D2048656170206578686175737415
:10E9580065640D00000600000200000000000000D1
:10E9680002000000070000005B53454E534F525D04
:10E978002063683D256C7520207261773D25346CD5
:10E98800752020743D256C75206D730D0A000000FC
:10E998005B5354415455535D207469636B202325A0
:10E9A8006C752020667265655F686561703D256CD1
:10E9B8007520422020757074696D653D256C752041
:10E9C8006D730D0A00000000000000000000000048
:10E9D80001020304060708090000000001020304FD
:10E9E800010002000400060008000A000C001000E4
:10E9F8002000400080000001070000000A0000001D
:10EA0800494E4600696E66004E414E006E616E00CA
:10EA1800303132333435363738396162636465668C
:10EA2800000000003031323334353637383941424E
:10EA38004344454600000000286E756C6C290000B0
:10EA4800300000002E0000004C435F434F4C4C4107
:10EA5800544500004C435F435459504500000000A2
:10EA68004C435F4D4F4E4554415259004C435F4E05
:10EA7800554D4552494300004C435F54494D4500AC
:10EA88004C435F4D4553534147455300496E6669B2
:10EA98006E697479000000004E614E0042616C6C32
:10EAA8006F632073756363656564656400000000C7
:10EAB8002F646174612F6A656E6B696E732F776F4F
:10EAC800726B73706163652F474E552D746F6F6C51
:10EAD800636861696E2F61726D2D31342D352F7326
:10EAE80072632F6E65776C69622D63796777696EDB
:10EAF8002F6E65776C69622F6C6962632F7374641B
:10EB08006C69622F64746F612E6300002F646174F6
:10EB1800612F6A656E6B696E732F776F726B737096
:10EB28006163652F474E552D746F6F6C636861691B
:10EB38006E2F61726D2D31342D352F7372632F6EE8
:10EB480065776C69622D63796777696E2F6E657773
:10EB58006C69622F6C6962632F7374646C69622FCD
:10EB68006D707265632E63002C2066756E63746920
:10EB78006F6E3A2000000000617373657274696FEC
:10EB88006E2022257322206661696C65643A2066CE
:10EB9800696C6520222573222C206C696E652025FE
:10EBA80064257325730A000030303030303030303F
:10EBB80030303030303030302020202020202020CD
:10EBC800202020202020202005000000190000001F
:10EBD8007D000000000000000080E03779C3414359
:10EBE800176E05B5B5B89346F5F93FE9034F384DAB
:10EBF800321D30F94877825A3CBF737FDD4F157557
:10EC0800000000000000F03F000000000000244069
:10EC180000000000000059400000000000408F4044
:10EC2800000000000088C34000000000006AF840AF
:10EC38000000000080842E4100000000D0126341D3
:10EC48000000000084D797410000000065CDCD4149
:10EC5800000000205FA00242000000E8764837422A
:10EC6800000000A2941A6D42000040E59C30A242C8
:10EC78000000901EC4BCD64200003426F56B0C433D
:10EC88000080E03779C3414300A0D88557347643E4
:10EC980000C84E676DC1AB43003D9160E458E14345
:10ECA800408CB5781DAF154450EFE2D6E41A4B44BA
:10ECB80092D54D06CFF08044F64AE1C7022DB544FF
:10ECC800B49DD9794378EA440020202020202020D0
:10ECD8002020282828282820202020202020202004
:10ECE8002020202020202020208810101010101014
:10ECF8001010101010101010100404040404040460
:10ED080004040410101010101010414141414141F9
:10ED180001010101010101010101010101010101DB
:10ED280001010101101010101010424242424242EB
:10ED380002020202020202020202020202020202AB
:10ED48000202020210101010200000000000000053
:10ED580000000000000000000000000000000000AB
:10ED6800000000000000000000000000000000009B
:10ED7800000000000000000000000000000000008B
:10ED8800000000000000000000000000000000007B
:10ED9800000000000000000000000000000000006B
:10EDA800000000000000000000000000000000005B
:10EDB800000000000000000000000000000000004B
:10EDC800000000000000000000000000303030307B
:10EDD800303030303030303030303030202020206B
:0CEDE8002020202020202020202020209F
:08EDF4009814FF7F01000000EC
:08EDFC00491100080D0D00088B
:04EE0400E50C000811
:10EE080000000000030000000007002010000020A0
:10EE1800000000000007002068070020D00700203D
:10EE280000000000000000000000000000000000DA
:10EE380000000000000000000000000000000000CA
:10EE480000000000000000000000000000000000BA
:10EE580000000000000000000000000000000000AA
:10EE6800000000000000000000000000000000009A
:10EE7800000000000000000000000000000000008A
:10EE8800000000000000000000000000000000007A
:10EE9800000000000000000000000000000000006A
:10EEA8000000000000000000010000000000000059
:10EEB8000E33CDAB34126DE6ECDE05000B0000001E
:10EEC800000000000000000000000000000000003A
:10EED800000000000000000000000000000000002A
:10EEE800000000000000000000000000000000001A
:10EEF800000000000000000000000000000000000A
:10EF080000000000000000000000000000000000F9
:10EF180000000000000000000000000000000000E9
:10EF280000000000000000000000000000000000D9
:10EF380000000000000000000000000000000000C9
:10EF480000000000000000000000000000000000B9
:10EF580044080020FFFFFFFF00000200000000003F
:10EF68000000000000000000600100206001002097
:10EF78006801002068010020700100207001002055
:10EF88007801002078010020800100208001002005
:10EF980088010020880100209001002090010020B5
:10EFA8009801002098010020A0010020A001002065
:10EFB800A8010020A8010020B0010020B001002015
:10EFC800B8010020B8010020C0010020C0010020C5
:10EFD800C8010020C8010020D0010020D001002075
:10EFE800D8010020D8010020E0010020E001002025
:10EFF800E8010020E8010020F0010020F0010020D5
:10F00800F8010020F8010020000200200002002082
:10F018000802002008020020100200201002002030
:10F0280018020020180200202002002020020020E0
:10F038002802002028020020300200203002002090
:10F048003802002038020020400200204002002040
:10F0580048020020480200205002002050020020F0
:10F0680058020020580200206002002060020020A0
:10F078006802002068020020700200207002002050
:10F088007802002078020020800200208002002000
:10F0980088020020880200209002002090020020B0
:10F0A8009802002098020020A0020020A002002060
:10F0B800A8020020A8020020B0020020B002002010
:10F0C800B8020020B8020020C0020020C0020020C0
:10F0D800C8020020C8020020D0020020D002002070
:10F0E800D8020020D8020020E0020020E002002020
:10F0F800E8020020E8020020F0020020F0020020D0
:10F10800F8020020F802002000030020000300207D
:10F11800080300200803002010030020100300202B
:10F1280018030020180300202003002020030020DB
:10F13800280300202803002030030020300300208B
:10F14800380300203803002040030020400300203B
:10F1580048030020480300205003002050030020EB
:10F16800580300205803002060030020600300209B
:10F17800680300206803002070030020700300204B
:10F1880078030020780300208003002080030020FB
:10F1980088030020880300209003002090030020AB
:10F1A8009803002098030020A0030020A00300205B
:10F1B800A8030020A8030020B0030020B00300200B
:10F1C800B8030020B8030020C0030020C0030020BB
:10F1D800C8030020C8030020D0030020D00300206B
:10F1E800D8030020D8030020E0030020E00300201B
:10F1F800E8030020E8030020F0030020F0030020CB
:10F20800F8030020F8030020000400200004002078
:10F218000804002008040020100400201004002026
:10F2280018040020180400202004002020040020D6
:10F238002804002028040020300400203004002086
:10F248003804002038040020400400204004002036
:10F2580048040020480400205004002050040020E6
:10F268005804002058040020600400206004002096
:10F278006804002068040020700400207004002046
:10F2880078040020780400208004002080040020F6
:10F2980088040020880400209004002090040020A6
:10F2A8009804002098040020A0040020A004002056
:10F2B800A8040020A8040020B0040020B004002006
:10F2C800B8040020B8040020C0040020C0040020B6
:10F2D800C8040020C8040020D0040020D004002066
:10F2E800D8040020D8040020E0040020E004002016
:10F2F800E8040020E8040020F0040020F0040020C6
:10F30800F8040020F8040020000500200005002073
:10F318000805002008050020100500201005002021
:10F3280018050020180500202005002020050020D1
:10F338002805002028050020300500203005002081
:10F348003805002038050020400500204005002031
:10F3580048050020480500205005002050050020E1
:10F3680058050020580500200090D0031000000028
:10F37800010000000004000043000000000000003D
:10F388000000000000000000000000000000000075
:10F398000000000000000000430000000000000022
:10F3A8000000000000000000000000000000000055
:10F3B8000000000000000000430000000000000002
:10F3C8000000000000000000000000000000000035
:10F3D80000000000000000004300000000000000E2
:10F3E8000000000000000000000000000000000015
:10F3F80000000000000000004300000000000000C2
:10F4080000000000000000000000000000000000F4
:10F4180000000000000000004300000000000000A1
:10F4280000000000000000000000000000000000D4
:10F438000000000000000000430000000000000081
:10F4480000000000000000000000000000000000B4
:10F458000000000000000000ADD100085DC60008F3
:10F4680000000000D0EC00084CEA00087CEB000823
:10F478007CEB00087CEB00087CEB00087CEB0008C8
:10F488007CEB00087CEB00087CEB00087CEB0008B8
:10F49800FFFFFFFFFFFFFFFFFFFFFFFFFFFF000072
:10F4A80001004153434949000000000000000000EA
:10F4B8000000000000000000000000000000000044
:10F4C80000004153434949000000000000000000CB
:10F4D8000000000000000000000000000000000024
:04F4E8000000000020
:0400000508001CD9FA
:00000001FF
